timestamp,temperature_c,humidity_pct,pressure_hpa,station_id,station_name,latitude,longitude,missing_flag,hour,day_of_week,month
2026-07-09 00:00:00,26.0,96.0,973.0,AWS001,Delhi,28.6139,77.209,False,0,3,7
2026-07-09 01:00:00,25.9,95.0,972.3,AWS001,Delhi,28.6139,77.209,False,1,3,7
2026-07-09 02:00:00,25.8,96.0,972.1,AWS001,Delhi,28.6139,77.209,False,2,3,7
2026-07-09 03:00:00,25.8,95.0,971.9,AWS001,Delhi,28.6139,77.209,False,3,3,7
2026-07-09 04:00:00,25.7,96.0,972.2,AWS001,Delhi,28.6139,77.209,False,4,3,7
2026-07-09 05:00:00,25.4,96.0,972.7,AWS001,Delhi,28.6139,77.209,False,5,3,7
2026-07-09 06:00:00,25.2,97.0,972.2,AWS001,Delhi,28.6139,77.209,False,6,3,7
2026-07-09 07:00:00,25.0,98.0,972.5,AWS001,Delhi,28.6139,77.209,False,7,3,7
2026-07-09 08:00:00,25.6,93.0,973.5,AWS001,Delhi,28.6139,77.209,False,8,3,7
2026-07-09 09:00:00,25.3,94.0,973.9,AWS001,Delhi,28.6139,77.209,False,9,3,7
2026-07-09 10:00:00,25.4,94.0,974.4,AWS001,Delhi,28.6139,77.209,False,10,3,7
2026-07-09 11:00:00,25.2,94.0,975.6,AWS001,Delhi,28.6139,77.209,False,11,3,7
2026-07-09 12:00:00,25.4,94.0,975.4,AWS001,Delhi,28.6139,77.209,False,12,3,7
2026-07-09 13:00:00,26.4,92.0,974.8,AWS001,Delhi,28.6139,77.209,False,13,3,7
2026-07-09 14:00:00,27.9,83.0,974.2,AWS001,Delhi,28.6139,77.209,False,14,3,7
2026-07-09 15:00:00,28.6,78.0,974.4,AWS001,Delhi,28.6139,77.209,False,15,3,7
2026-07-09 16:00:00,28.9,77.0,973.7,AWS001,Delhi,28.6139,77.209,False,16,3,7
2026-07-09 17:00:00,29.2,75.0,973.5,AWS001,Delhi,28.6139,77.209,False,17,3,7
2026-07-09 18:00:00,28.3,80.0,973.7,AWS001,Delhi,28.6139,77.209,False,18,3,7
2026-07-09 19:00:00,27.3,86.0,974.5,AWS001,Delhi,28.6139,77.209,False,19,3,7
2026-07-09 20:00:00,26.8,89.0,974.8,AWS001,Delhi,28.6139,77.209,False,20,3,7
2026-07-09 21:00:00,26.5,91.0,975.6,AWS001,Delhi,28.6139,77.209,False,21,3,7
2026-07-09 22:00:00,26.1,92.0,975.4,AWS001,Delhi,28.6139,77.209,False,22,3,7
2026-07-09 23:00:00,27.1,95.0,975.5,AWS001,Delhi,28.6139,77.209,False,23,3,7
2026-07-10 00:00:00,26.5,97.0,975.2,AWS001,Delhi,28.6139,77.209,False,0,4,7
2026-07-10 01:00:00,26.3,97.0,974.6,AWS001,Delhi,28.6139,77.209,False,1,4,7
2026-07-10 02:00:00,26.0,97.0,974.3,AWS001,Delhi,28.6139,77.209,False,2,4,7
2026-07-10 03:00:00,25.7,96.0,974.1,AWS001,Delhi,28.6139,77.209,False,3,4,7
2026-07-10 04:00:00,25.5,96.0,974.7,AWS001,Delhi,28.6139,77.209,False,4,4,7
2026-07-10 05:00:00,26.9,97.0,974.5,AWS001,Delhi,28.6139,77.209,False,5,4,7
2026-07-10 06:00:00,27.2,94.0,974.7,AWS001,Delhi,28.6139,77.209,False,6,4,7
2026-07-10 07:00:00,27.8,90.0,975.7,AWS001,Delhi,28.6139,77.209,False,7,4,7
2026-07-10 08:00:00,28.4,86.0,976.0,AWS001,Delhi,28.6139,77.209,False,8,4,7
2026-07-10 09:00:00,30.1,79.0,976.3,AWS001,Delhi,28.6139,77.209,False,9,4,7
2026-07-10 10:00:00,30.0,78.0,976.6,AWS001,Delhi,28.6139,77.209,False,10,4,7
2026-07-10 11:00:00,31.1,73.0,976.3,AWS001,Delhi,28.6139,77.209,False,11,4,7
2026-07-10 12:00:00,32.1,68.0,976.2,AWS001,Delhi,28.6139,77.209,False,12,4,7
2026-07-10 13:00:00,32.5,66.0,975.1,AWS001,Delhi,28.6139,77.209,False,13,4,7
2026-07-10 14:00:00,32.8,63.0,974.7,AWS001,Delhi,28.6139,77.209,False,14,4,7
2026-07-10 15:00:00,33.0,62.0,974.3,AWS001,Delhi,28.6139,77.209,False,15,4,7
2026-07-10 16:00:00,32.8,62.0,973.7,AWS001,Delhi,28.6139,77.209,False,16,4,7
2026-07-10 17:00:00,32.0,64.0,973.3,AWS001,Delhi,28.6139,77.209,False,17,4,7
2026-07-10 18:00:00,31.3,72.0,973.8,AWS001,Delhi,28.6139,77.209,False,18,4,7
2026-07-10 19:00:00,30.1,78.0,974.3,AWS001,Delhi,28.6139,77.209,False,19,4,7
2026-07-10 20:00:00,29.6,79.0,974.9,AWS001,Delhi,28.6139,77.209,False,20,4,7
2026-07-10 21:00:00,29.1,81.0,975.5,AWS001,Delhi,28.6139,77.209,False,21,4,7
2026-07-10 22:00:00,28.5,86.0,975.5,AWS001,Delhi,28.6139,77.209,False,22,4,7
2026-07-10 23:00:00,28.3,87.0,975.4,AWS001,Delhi,28.6139,77.209,False,23,4,7
2026-07-11 00:00:00,27.9,89.0,974.7,AWS001,Delhi,28.6139,77.209,False,0,5,7
2026-07-11 01:00:00,27.7,89.0,974.3,AWS001,Delhi,28.6139,77.209,False,1,5,7
2026-07-11 02:00:00,27.6,90.0,973.7,AWS001,Delhi,28.6139,77.209,False,2,5,7
2026-07-11 03:00:00,27.5,91.0,973.8,AWS001,Delhi,28.6139,77.209,False,3,5,7
2026-07-11 04:00:00,27.5,91.0,974.0,AWS001,Delhi,28.6139,77.209,False,4,5,7
2026-07-11 05:00:00,27.4,93.0,974.0,AWS001,Delhi,28.6139,77.209,False,5,5,7
2026-07-11 06:00:00,27.7,93.0,974.3,AWS001,Delhi,28.6139,77.209,False,6,5,7
2026-07-11 07:00:00,28.6,87.0,974.7,AWS001,Delhi,28.6139,77.209,False,7,5,7
2026-07-11 08:00:00,29.1,84.0,975.6,AWS001,Delhi,28.6139,77.209,False,8,5,7
2026-07-11 09:00:00,30.5,77.0,975.6,AWS001,Delhi,28.6139,77.209,False,9,5,7
2026-07-11 10:00:00,32.3,64.0,975.4,AWS001,Delhi,28.6139,77.209,False,10,5,7
2026-07-11 11:00:00,33.1,60.0,975.3,AWS001,Delhi,28.6139,77.209,False,11,5,7
2026-07-11 12:00:00,33.7,59.0,974.9,AWS001,Delhi,28.6139,77.209,False,12,5,7
2026-07-11 13:00:00,34.1,58.0,974.1,AWS001,Delhi,28.6139,77.209,False,13,5,7
2026-07-11 14:00:00,34.3,57.0,973.4,AWS001,Delhi,28.6139,77.209,False,14,5,7
2026-07-11 15:00:00,34.2,57.0,972.8,AWS001,Delhi,28.6139,77.209,False,15,5,7
2026-07-11 16:00:00,34.2,57.0,972.2,AWS001,Delhi,28.6139,77.209,False,16,5,7
2026-07-11 17:00:00,34.1,61.0,972.1,AWS001,Delhi,28.6139,77.209,False,17,5,7
2026-07-11 18:00:00,32.7,71.0,972.3,AWS001,Delhi,28.6139,77.209,False,18,5,7
2026-07-11 19:00:00,31.7,78.0,972.7,AWS001,Delhi,28.6139,77.209,False,19,5,7
2026-07-11 20:00:00,31.5,79.0,973.4,AWS001,Delhi,28.6139,77.209,False,20,5,7
2026-07-11 21:00:00,31.0,81.0,974.0,AWS001,Delhi,28.6139,77.209,False,21,5,7
2026-07-11 22:00:00,30.7,77.0,974.1,AWS001,Delhi,28.6139,77.209,False,22,5,7
2026-07-11 23:00:00,31.0,76.0,973.8,AWS001,Delhi,28.6139,77.209,False,23,5,7
2026-07-12 00:00:00,29.9,79.0,972.8,AWS001,Delhi,28.6139,77.209,False,0,6,7
2026-07-12 01:00:00,29.5,80.0,972.3,AWS001,Delhi,28.6139,77.209,False,1,6,7
2026-07-12 02:00:00,29.1,80.0,971.9,AWS001,Delhi,28.6139,77.209,False,2,6,7
2026-07-12 03:00:00,28.9,79.0,971.3,AWS001,Delhi,28.6139,77.209,False,3,6,7
2026-07-12 04:00:00,28.7,78.0,971.3,AWS001,Delhi,28.6139,77.209,False,4,6,7
2026-07-12 05:00:00,29.4,74.0,971.1,AWS001,Delhi,28.6139,77.209,False,5,6,7
2026-07-12 06:00:00,29.6,72.0,971.7,AWS001,Delhi,28.6139,77.209,False,6,6,7
2026-07-12 07:00:00,30.5,70.0,972.2,AWS001,Delhi,28.6139,77.209,False,7,6,7
2026-07-12 08:00:00,31.3,67.0,972.6,AWS001,Delhi,28.6139,77.209,False,8,6,7
2026-07-12 09:00:00,32.2,64.0,973.1,AWS001,Delhi,28.6139,77.209,False,9,6,7
2026-07-12 10:00:00,33.2,62.0,973.2,AWS001,Delhi,28.6139,77.209,False,10,6,7
2026-07-12 11:00:00,34.3,59.0,973.3,AWS001,Delhi,28.6139,77.209,False,11,6,7
2026-07-12 12:00:00,34.6,57.0,973.4,AWS001,Delhi,28.6139,77.209,False,12,6,7
2026-07-12 13:00:00,35.0,55.0,972.7,AWS001,Delhi,28.6139,77.209,False,13,6,7
2026-07-12 14:00:00,35.0,55.0,972.3,AWS001,Delhi,28.6139,77.209,False,14,6,7
2026-07-12 15:00:00,34.3,59.0,972.2,AWS001,Delhi,28.6139,77.209,False,15,6,7
2026-07-12 16:00:00,32.4,65.0,972.2,AWS001,Delhi,28.6139,77.209,False,16,6,7
2026-07-12 17:00:00,34.6,58.0,971.6,AWS001,Delhi,28.6139,77.209,False,17,6,7
2026-07-12 18:00:00,33.6,68.0,971.6,AWS001,Delhi,28.6139,77.209,False,18,6,7
2026-07-12 19:00:00,32.3,73.0,971.9,AWS001,Delhi,28.6139,77.209,False,19,6,7
2026-07-12 20:00:00,31.9,75.0,972.6,AWS001,Delhi,28.6139,77.209,False,20,6,7
2026-07-12 21:00:00,31.5,77.0,973.4,AWS001,Delhi,28.6139,77.209,False,21,6,7
2026-07-12 22:00:00,31.1,78.0,973.9,AWS001,Delhi,28.6139,77.209,False,22,6,7
2026-07-12 23:00:00,31.5,72.0,973.5,AWS001,Delhi,28.6139,77.209,False,23,6,7
2026-07-13 00:00:00,30.5,72.0,973.1,AWS001,Delhi,28.6139,77.209,False,0,0,7
2026-07-13 01:00:00,30.5,64.0,973.0,AWS001,Delhi,28.6139,77.209,False,1,0,7
2026-07-13 02:00:00,29.6,67.0,973.0,AWS001,Delhi,28.6139,77.209,False,2,0,7
2026-07-13 03:00:00,28.9,70.0,972.8,AWS001,Delhi,28.6139,77.209,False,3,0,7
2026-07-13 04:00:00,28.4,72.0,973.1,AWS001,Delhi,28.6139,77.209,False,4,0,7
2026-07-13 05:00:00,29.0,73.0,973.1,AWS001,Delhi,28.6139,77.209,False,5,0,7
2026-07-13 06:00:00,29.1,72.0,973.3,AWS001,Delhi,28.6139,77.209,False,6,0,7
2026-07-13 07:00:00,30.0,70.0,973.8,AWS001,Delhi,28.6139,77.209,False,7,0,7
2026-07-13 08:00:00,31.2,67.0,974.6,AWS001,Delhi,28.6139,77.209,False,8,0,7
2026-07-13 09:00:00,32.4,63.0,974.7,AWS001,Delhi,28.6139,77.209,False,9,0,7
2026-07-13 10:00:00,33.4,60.0,974.8,AWS001,Delhi,28.6139,77.209,False,10,0,7
2026-07-13 11:00:00,34.7,54.0,974.7,AWS001,Delhi,28.6139,77.209,False,11,0,7
2026-07-13 12:00:00,35.2,51.0,974.8,AWS001,Delhi,28.6139,77.209,False,12,0,7
2026-07-13 13:00:00,35.7,48.0,974.4,AWS001,Delhi,28.6139,77.209,False,13,0,7
2026-07-13 14:00:00,35.8,48.0,973.9,AWS001,Delhi,28.6139,77.209,False,14,0,7
2026-07-13 15:00:00,35.6,49.0,973.3,AWS001,Delhi,28.6139,77.209,False,15,0,7
2026-07-13 16:00:00,35.4,50.0,973.1,AWS001,Delhi,28.6139,77.209,False,16,0,7
2026-07-13 17:00:00,34.3,65.0,972.6,AWS001,Delhi,28.6139,77.209,False,17,0,7
2026-07-13 18:00:00,33.5,71.0,973.0,AWS001,Delhi,28.6139,77.209,False,18,0,7
2026-07-13 19:00:00,32.6,74.0,973.4,AWS001,Delhi,28.6139,77.209,False,19,0,7
2026-07-13 20:00:00,32.2,67.0,974.1,AWS001,Delhi,28.6139,77.209,False,20,0,7
2026-07-13 21:00:00,31.8,63.0,974.5,AWS001,Delhi,28.6139,77.209,False,21,0,7
2026-07-13 22:00:00,30.8,69.0,975.3,AWS001,Delhi,28.6139,77.209,False,22,0,7
2026-07-13 23:00:00,30.6,72.0,974.9,AWS001,Delhi,28.6139,77.209,False,23,0,7
2026-07-14 00:00:00,29.8,77.0,974.9,AWS001,Delhi,28.6139,77.209,False,0,1,7
2026-07-14 01:00:00,29.7,77.0,974.4,AWS001,Delhi,28.6139,77.209,False,1,1,7
2026-07-14 02:00:00,29.8,72.0,974.4,AWS001,Delhi,28.6139,77.209,False,2,1,7
2026-07-14 03:00:00,29.3,74.0,974.3,AWS001,Delhi,28.6139,77.209,False,3,1,7
2026-07-14 04:00:00,28.7,77.0,974.7,AWS001,Delhi,28.6139,77.209,False,4,1,7
2026-07-14 05:00:00,26.1,95.0,975.3,AWS001,Delhi,28.6139,77.209,False,5,1,7
2026-07-14 06:00:00,26.4,85.0,975.3,AWS001,Delhi,28.6139,77.209,False,6,1,7
2026-07-14 07:00:00,28.1,76.0,975.4,AWS001,Delhi,28.6139,77.209,False,7,1,7
2026-07-14 08:00:00,30.8,70.0,975.6,AWS001,Delhi,28.6139,77.209,False,8,1,7
2026-07-14 09:00:00,32.0,65.0,976.3,AWS001,Delhi,28.6139,77.209,False,9,1,7
2026-07-14 10:00:00,33.4,60.0,976.7,AWS001,Delhi,28.6139,77.209,False,10,1,7
2026-07-14 11:00:00,35.2,51.0,976.9,AWS001,Delhi,28.6139,77.209,False,11,1,7
2026-07-14 12:00:00,35.6,48.0,976.7,AWS001,Delhi,28.6139,77.209,False,12,1,7
2026-07-14 13:00:00,36.0,46.0,976.3,AWS001,Delhi,28.6139,77.209,False,13,1,7
2026-07-14 14:00:00,36.2,45.0,975.7,AWS001,Delhi,28.6139,77.209,False,14,1,7
2026-07-14 15:00:00,36.2,45.0,975.1,AWS001,Delhi,28.6139,77.209,False,15,1,7
2026-07-14 16:00:00,35.8,45.0,974.9,AWS001,Delhi,28.6139,77.209,False,16,1,7
2026-07-14 17:00:00,28.1,89.0,975.0,AWS001,Delhi,28.6139,77.209,False,17,1,7
2026-07-14 18:00:00,28.7,89.0,975.0,AWS001,Delhi,28.6139,77.209,False,18,1,7
2026-07-14 19:00:00,28.2,88.0,976.0,AWS001,Delhi,28.6139,77.209,False,19,1,7
2026-07-14 20:00:00,28.0,83.0,976.7,AWS001,Delhi,28.6139,77.209,False,20,1,7
2026-07-14 21:00:00,28.4,80.0,977.1,AWS001,Delhi,28.6139,77.209,False,21,1,7
2026-07-14 22:00:00,28.7,76.0,977.6,AWS001,Delhi,28.6139,77.209,False,22,1,7
2026-07-14 23:00:00,29.4,74.0,977.4,AWS001,Delhi,28.6139,77.209,False,23,1,7
2026-07-15 00:00:00,27.4,83.0,977.2,AWS001,Delhi,28.6139,77.209,False,0,2,7
2026-07-15 01:00:00,26.3,87.0,976.9,AWS001,Delhi,28.6139,77.209,False,1,2,7
2026-07-15 02:00:00,25.9,88.0,976.7,AWS001,Delhi,28.6139,77.209,False,2,2,7
2026-07-15 03:00:00,26.2,90.0,976.2,AWS001,Delhi,28.6139,77.209,False,3,2,7
2026-07-15 04:00:00,26.3,91.0,976.3,AWS001,Delhi,28.6139,77.209,False,4,2,7
2026-07-15 05:00:00,26.4,88.0,976.9,AWS001,Delhi,28.6139,77.209,False,5,2,7
2026-07-15 06:00:00,25.4,96.0,977.7,AWS001,Delhi,28.6139,77.209,False,6,2,7
2026-07-15 07:00:00,26.0,98.0,977.5,AWS001,Delhi,28.6139,77.209,False,7,2,7
2026-07-15 08:00:00,29.1,84.0,978.1,AWS001,Delhi,28.6139,77.209,False,8,2,7
2026-07-15 09:00:00,31.9,65.0,978.5,AWS001,Delhi,28.6139,77.209,False,9,2,7
2026-07-15 10:00:00,33.7,55.0,978.8,AWS001,Delhi,28.6139,77.209,False,10,2,7
2026-07-15 11:00:00,35.4,48.0,978.8,AWS001,Delhi,28.6139,77.209,False,11,2,7
2026-07-15 12:00:00,36.0,44.0,978.5,AWS001,Delhi,28.6139,77.209,False,12,2,7
2026-07-15 13:00:00,36.3,42.0,977.7,AWS001,Delhi,28.6139,77.209,False,13,2,7
2026-07-15 14:00:00,36.3,43.0,977.3,AWS001,Delhi,28.6139,77.209,False,14,2,7
2026-07-15 15:00:00,36.1,43.0,976.9,AWS001,Delhi,28.6139,77.209,False,15,2,7
2026-07-15 16:00:00,35.8,44.0,976.4,AWS001,Delhi,28.6139,77.209,False,16,2,7
2026-07-15 17:00:00,34.0,52.0,976.0,AWS001,Delhi,28.6139,77.209,False,17,2,7
2026-07-15 18:00:00,32.8,57.0,976.4,AWS001,Delhi,28.6139,77.209,False,18,2,7
2026-07-15 19:00:00,31.9,64.0,977.0,AWS001,Delhi,28.6139,77.209,False,19,2,7
2026-07-15 20:00:00,31.6,65.0,977.6,AWS001,Delhi,28.6139,77.209,False,20,2,7
2026-07-15 21:00:00,31.5,64.0,978.3,AWS001,Delhi,28.6139,77.209,False,21,2,7
2026-07-15 22:00:00,31.2,64.0,978.8,AWS001,Delhi,28.6139,77.209,False,22,2,7
2026-07-15 23:00:00,31.8,63.0,978.1,AWS001,Delhi,28.6139,77.209,False,23,2,7
2026-07-16 00:00:00,31.0,66.0,978.4,AWS001,Delhi,28.6139,77.209,False,0,3,7
2026-07-16 01:00:00,30.6,67.0,978.0,AWS001,Delhi,28.6139,77.209,False,1,3,7
2026-07-16 02:00:00,30.3,67.0,977.9,AWS001,Delhi,28.6139,77.209,False,2,3,7
2026-07-16 03:00:00,30.0,66.0,977.8,AWS001,Delhi,28.6139,77.209,False,3,3,7
2026-07-16 04:00:00,29.8,65.0,977.9,AWS001,Delhi,28.6139,77.209,False,4,3,7
2026-07-16 05:00:00,30.0,64.0,978.0,AWS001,Delhi,28.6139,77.209,False,5,3,7
2026-07-16 06:00:00,30.2,63.0,978.2,AWS001,Delhi,28.6139,77.209,False,6,3,7
2026-07-16 07:00:00,31.3,61.0,978.6,AWS001,Delhi,28.6139,77.209,False,7,3,7
2026-07-16 08:00:00,32.7,56.0,978.8,AWS001,Delhi,28.6139,77.209,False,8,3,7
2026-07-16 09:00:00,34.1,53.0,979.1,AWS001,Delhi,28.6139,77.209,False,9,3,7
2026-07-16 10:00:00,35.6,48.0,979.2,AWS001,Delhi,28.6139,77.209,False,10,3,7
2026-07-16 11:00:00,36.9,42.0,979.2,AWS001,Delhi,28.6139,77.209,False,11,3,7
2026-07-16 12:00:00,36.7,42.0,978.9,AWS001,Delhi,28.6139,77.209,False,12,3,7
2026-07-16 13:00:00,37.1,40.0,978.1,AWS001,Delhi,28.6139,77.209,False,13,3,7
2026-07-16 14:00:00,37.3,40.0,977.5,AWS001,Delhi,28.6139,77.209,False,14,3,7
2026-07-16 15:00:00,37.2,39.0,976.7,AWS001,Delhi,28.6139,77.209,False,15,3,7
2026-07-16 16:00:00,37.1,39.0,976.2,AWS001,Delhi,28.6139,77.209,False,16,3,7
2026-07-16 17:00:00,37.3,38.0,975.5,AWS001,Delhi,28.6139,77.209,False,17,3,7
2026-07-16 18:00:00,36.6,40.0,975.8,AWS001,Delhi,28.6139,77.209,False,18,3,7
2026-07-16 19:00:00,35.1,46.0,976.3,AWS001,Delhi,28.6139,77.209,False,19,3,7
2026-07-16 20:00:00,34.3,56.0,976.9,AWS001,Delhi,28.6139,77.209,False,20,3,7
2026-07-16 21:00:00,34.0,59.0,977.6,AWS001,Delhi,28.6139,77.209,False,21,3,7
2026-07-16 22:00:00,33.7,61.0,977.7,AWS001,Delhi,28.6139,77.209,False,22,3,7
2026-07-16 23:00:00,34.3,58.0,977.0,AWS001,Delhi,28.6139,77.209,False,23,3,7
2026-07-17 00:00:00,33.2,60.0,976.8,AWS001,Delhi,28.6139,77.209,False,0,4,7
2026-07-17 01:00:00,32.5,65.0,976.6,AWS001,Delhi,28.6139,77.209,False,1,4,7
2026-07-17 02:00:00,31.7,67.0,976.6,AWS001,Delhi,28.6139,77.209,False,2,4,7
2026-07-17 03:00:00,31.1,69.0,976.5,AWS001,Delhi,28.6139,77.209,False,3,4,7
2026-07-17 04:00:00,30.7,70.0,976.7,AWS001,Delhi,28.6139,77.209,False,4,4,7
2026-07-17 05:00:00,31.1,70.0,976.7,AWS001,Delhi,28.6139,77.209,False,5,4,7
2026-07-17 06:00:00,31.0,69.0,977.4,AWS001,Delhi,28.6139,77.209,False,6,4,7
2026-07-17 07:00:00,31.8,65.0,977.8,AWS001,Delhi,28.6139,77.209,False,7,4,7
2026-07-17 08:00:00,33.0,56.0,978.1,AWS001,Delhi,28.6139,77.209,False,8,4,7
2026-07-17 09:00:00,34.5,51.0,978.3,AWS001,Delhi,28.6139,77.209,False,9,4,7
2026-07-17 10:00:00,36.0,45.0,978.5,AWS001,Delhi,28.6139,77.209,False,10,4,7
2026-07-17 11:00:00,36.6,41.0,978.7,AWS001,Delhi,28.6139,77.209,False,11,4,7
2026-07-17 12:00:00,36.4,42.0,978.3,AWS001,Delhi,28.6139,77.209,False,12,4,7
2026-07-17 13:00:00,36.9,41.0,977.6,AWS001,Delhi,28.6139,77.209,False,13,4,7
2026-07-17 14:00:00,37.2,40.0,976.8,AWS001,Delhi,28.6139,77.209,False,14,4,7
2026-07-17 15:00:00,37.4,39.0,975.9,AWS001,Delhi,28.6139,77.209,False,15,4,7
2026-07-17 16:00:00,37.0,39.0,975.5,AWS001,Delhi,28.6139,77.209,False,16,4,7
2026-07-17 17:00:00,37.0,38.0,975.5,AWS001,Delhi,28.6139,77.209,False,17,4,7
2026-07-17 18:00:00,35.8,45.0,975.9,AWS001,Delhi,28.6139,77.209,False,18,4,7
2026-07-17 19:00:00,34.7,55.0,976.2,AWS001,Delhi,28.6139,77.209,False,19,4,7
2026-07-17 20:00:00,34.4,57.0,976.8,AWS001,Delhi,28.6139,77.209,False,20,4,7
2026-07-17 21:00:00,33.9,61.0,977.6,AWS001,Delhi,28.6139,77.209,False,21,4,7
2026-07-17 22:00:00,33.0,64.0,977.7,AWS001,Delhi,28.6139,77.209,False,22,4,7
2026-07-17 23:00:00,33.1,65.0,977.2,AWS001,Delhi,28.6139,77.209,False,23,4,7
2026-07-18 00:00:00,31.9,68.0,977.1,AWS001,Delhi,28.6139,77.209,False,0,5,7
2026-07-18 01:00:00,31.4,66.0,976.9,AWS001,Delhi,28.6139,77.209,False,1,5,7
2026-07-18 02:00:00,31.2,65.0,976.7,AWS001,Delhi,28.6139,77.209,False,2,5,7
2026-07-18 03:00:00,31.3,61.0,976.4,AWS001,Delhi,28.6139,77.209,False,3,5,7
2026-07-18 04:00:00,31.2,59.0,976.5,AWS001,Delhi,28.6139,77.209,False,4,5,7
2026-07-18 05:00:00,31.1,65.0,976.3,AWS001,Delhi,28.6139,77.209,False,5,5,7
2026-07-18 06:00:00,31.0,61.0,976.7,AWS001,Delhi,28.6139,77.209,False,6,5,7
2026-07-18 07:00:00,31.8,57.0,977.1,AWS001,Delhi,28.6139,77.209,False,7,5,7
2026-07-18 08:00:00,32.1,58.0,977.4,AWS001,Delhi,28.6139,77.209,False,8,5,7
2026-07-18 09:00:00,33.1,56.0,977.6,AWS001,Delhi,28.6139,77.209,False,9,5,7
2026-07-18 10:00:00,34.8,51.0,977.7,AWS001,Delhi,28.6139,77.209,False,10,5,7
2026-07-18 11:00:00,35.5,49.0,977.7,AWS001,Delhi,28.6139,77.209,False,11,5,7
2026-07-18 12:00:00,35.6,49.0,977.2,AWS001,Delhi,28.6139,77.209,False,12,5,7
2026-07-18 13:00:00,36.0,47.0,976.5,AWS001,Delhi,28.6139,77.209,False,13,5,7
2026-07-18 14:00:00,36.0,47.0,976.1,AWS001,Delhi,28.6139,77.209,False,14,5,7
2026-07-18 15:00:00,36.3,44.0,975.6,AWS001,Delhi,28.6139,77.209,False,15,5,7
2026-07-18 16:00:00,35.7,46.0,975.2,AWS001,Delhi,28.6139,77.209,False,16,5,7
2026-07-18 17:00:00,36.3,42.0,975.1,AWS001,Delhi,28.6139,77.209,False,17,5,7
2026-07-18 18:00:00,35.5,49.0,975.8,AWS001,Delhi,28.6139,77.209,False,18,5,7
2026-07-18 19:00:00,34.4,51.0,976.3,AWS001,Delhi,28.6139,77.209,False,19,5,7
2026-07-18 20:00:00,34.1,52.0,976.4,AWS001,Delhi,28.6139,77.209,False,20,5,7
2026-07-18 21:00:00,33.9,52.0,976.8,AWS001,Delhi,28.6139,77.209,False,21,5,7
2026-07-18 22:00:00,33.2,57.0,977.4,AWS001,Delhi,28.6139,77.209,False,22,5,7
2026-07-18 23:00:00,33.6,52.0,977.2,AWS001,Delhi,28.6139,77.209,False,23,5,7
2026-07-19 00:00:00,32.0,65.0,977.0,AWS001,Delhi,28.6139,77.209,False,0,6,7
2026-07-19 01:00:00,31.2,70.0,976.6,AWS001,Delhi,28.6139,77.209,False,1,6,7
2026-07-19 02:00:00,30.7,71.0,976.4,AWS001,Delhi,28.6139,77.209,False,2,6,7
2026-07-19 03:00:00,30.4,70.0,976.5,AWS001,Delhi,28.6139,77.209,False,3,6,7
2026-07-19 04:00:00,30.1,70.0,976.5,AWS001,Delhi,28.6139,77.209,False,4,6,7
2026-07-19 05:00:00,29.8,81.0,976.2,AWS001,Delhi,28.6139,77.209,False,5,6,7
2026-07-19 06:00:00,30.4,80.0,977.0,AWS001,Delhi,28.6139,77.209,False,6,6,7
2026-07-19 07:00:00,31.6,71.0,976.9,AWS001,Delhi,28.6139,77.209,False,7,6,7
2026-07-19 08:00:00,32.5,62.0,977.6,AWS001,Delhi,28.6139,77.209,False,8,6,7
2026-07-19 09:00:00,33.0,58.0,978.1,AWS001,Delhi,28.6139,77.209,False,9,6,7
2026-07-19 10:00:00,34.1,54.0,978.2,AWS001,Delhi,28.6139,77.209,False,10,6,7
2026-07-19 11:00:00,35.6,47.0,978.2,AWS001,Delhi,28.6139,77.209,False,11,6,7
2026-07-19 12:00:00,36.0,46.0,978.0,AWS001,Delhi,28.6139,77.209,False,12,6,7
2026-07-19 13:00:00,35.0,51.0,977.5,AWS001,Delhi,28.6139,77.209,False,13,6,7
2026-07-19 14:00:00,35.2,51.0,976.8,AWS001,Delhi,28.6139,77.209,False,14,6,7
2026-07-19 15:00:00,34.9,55.0,976.2,AWS001,Delhi,28.6139,77.209,False,15,6,7
2026-07-19 16:00:00,33.6,60.0,976.4,AWS001,Delhi,28.6139,77.209,False,16,6,7
2026-07-19 17:00:00,36.6,43.0,975.5,AWS001,Delhi,28.6139,77.209,False,17,6,7
2026-07-19 18:00:00,34.2,57.0,976.3,AWS001,Delhi,28.6139,77.209,False,18,6,7
2026-07-19 19:00:00,31.6,79.0,976.4,AWS001,Delhi,28.6139,77.209,False,19,6,7
2026-07-19 20:00:00,31.2,81.0,977.3,AWS001,Delhi,28.6139,77.209,False,20,6,7
2026-07-19 21:00:00,31.2,81.0,978.4,AWS001,Delhi,28.6139,77.209,False,21,6,7
2026-07-19 22:00:00,30.7,84.0,978.6,AWS001,Delhi,28.6139,77.209,False,22,6,7
2026-07-19 23:00:00,31.6,78.0,978.4,AWS001,Delhi,28.6139,77.209,False,23,6,7
2026-07-20 00:00:00,30.3,84.0,977.6,AWS001,Delhi,28.6139,77.209,False,0,0,7
2026-07-20 01:00:00,28.8,89.0,977.2,AWS001,Delhi,28.6139,77.209,False,1,0,7
2026-07-20 02:00:00,28.1,90.0,976.9,AWS001,Delhi,28.6139,77.209,False,2,0,7
2026-07-20 03:00:00,28.4,90.0,977.1,AWS001,Delhi,28.6139,77.209,False,3,0,7
2026-07-20 04:00:00,26.8,94.0,977.1,AWS001,Delhi,28.6139,77.209,False,4,0,7
2026-07-20 05:00:00,28.5,84.0,976.9,AWS001,Delhi,28.6139,77.209,False,5,0,7
2026-07-20 06:00:00,28.6,85.0,976.8,AWS001,Delhi,28.6139,77.209,False,6,0,7
2026-07-20 07:00:00,28.2,87.0,977.3,AWS001,Delhi,28.6139,77.209,False,7,0,7
2026-07-20 08:00:00,27.7,92.0,978.0,AWS001,Delhi,28.6139,77.209,False,8,0,7
2026-07-20 09:00:00,28.7,90.0,978.6,AWS001,Delhi,28.6139,77.209,False,9,0,7
2026-07-20 10:00:00,29.5,86.0,979.0,AWS001,Delhi,28.6139,77.209,False,10,0,7
2026-07-20 11:00:00,31.7,71.0,978.7,AWS001,Delhi,28.6139,77.209,False,11,0,7
2026-07-20 12:00:00,30.8,76.0,978.5,AWS001,Delhi,28.6139,77.209,False,12,0,7
2026-07-20 13:00:00,28.9,86.0,978.2,AWS001,Delhi,28.6139,77.209,False,13,0,7
2026-07-20 14:00:00,29.1,85.0,977.3,AWS001,Delhi,28.6139,77.209,False,14,0,7
2026-07-20 15:00:00,30.2,81.0,976.7,AWS001,Delhi,28.6139,77.209,False,15,0,7
2026-07-20 16:00:00,30.5,79.0,976.7,AWS001,Delhi,28.6139,77.209,False,16,0,7
2026-07-20 17:00:00,29.9,78.0,977.7,AWS001,Delhi,28.6139,77.209,False,17,0,7
2026-07-20 18:00:00,27.5,92.0,978.0,AWS001,Delhi,28.6139,77.209,False,18,0,7
2026-07-20 19:00:00,27.4,93.0,977.6,AWS001,Delhi,28.6139,77.209,False,19,0,7
2026-07-20 20:00:00,27.4,95.0,978.3,AWS001,Delhi,28.6139,77.209,False,20,0,7
2026-07-20 21:00:00,27.4,95.0,978.9,AWS001,Delhi,28.6139,77.209,False,21,0,7
2026-07-20 22:00:00,27.3,94.0,979.4,AWS001,Delhi,28.6139,77.209,False,22,0,7
2026-07-20 23:00:00,26.5,96.0,979.3,AWS001,Delhi,28.6139,77.209,False,23,0,7
2026-07-21 00:00:00,26.7,95.0,978.7,AWS001,Delhi,28.6139,77.209,False,0,1,7
2026-07-21 01:00:00,26.5,95.0,978.2,AWS001,Delhi,28.6139,77.209,False,1,1,7
2026-07-21 02:00:00,26.3,95.0,978.2,AWS001,Delhi,28.6139,77.209,False,2,1,7
2026-07-21 03:00:00,26.3,93.0,977.8,AWS001,Delhi,28.6139,77.209,False,3,1,7
2026-07-21 04:00:00,26.1,93.0,977.9,AWS001,Delhi,28.6139,77.209,False,4,1,7
2026-07-21 05:00:00,26.3,93.0,977.6,AWS001,Delhi,28.6139,77.209,False,5,1,7
2026-07-21 06:00:00,25.7,95.0,978.4,AWS001,Delhi,28.6139,77.209,False,6,1,7
2026-07-21 07:00:00,25.9,95.0,978.4,AWS001,Delhi,28.6139,77.209,False,7,1,7
2026-07-21 08:00:00,26.4,92.0,978.8,AWS001,Delhi,28.6139,77.209,False,8,1,7
2026-07-21 09:00:00,27.0,88.0,978.7,AWS001,Delhi,28.6139,77.209,False,9,1,7
2026-07-21 10:00:00,28.0,84.0,978.8,AWS001,Delhi,28.6139,77.209,False,10,1,7
2026-07-21 11:00:00,26.7,95.0,978.5,AWS001,Delhi,28.6139,77.209,False,11,1,7
2026-07-21 12:00:00,27.7,94.0,978.0,AWS001,Delhi,28.6139,77.209,False,12,1,7
2026-07-21 13:00:00,29.5,86.0,977.4,AWS001,Delhi,28.6139,77.209,False,13,1,7
2026-07-21 14:00:00,29.1,85.0,976.6,AWS001,Delhi,28.6139,77.209,False,14,1,7
2026-07-21 15:00:00,27.5,92.0,976.4,AWS001,Delhi,28.6139,77.209,False,15,1,7
2026-07-21 16:00:00,28.4,87.0,975.8,AWS001,Delhi,28.6139,77.209,False,16,1,7
2026-07-21 17:00:00,29.9,74.0,975.5,AWS001,Delhi,28.6139,77.209,False,17,1,7
2026-07-21 18:00:00,28.9,82.0,976.0,AWS001,Delhi,28.6139,77.209,False,18,1,7
2026-07-21 19:00:00,28.4,86.0,976.8,AWS001,Delhi,28.6139,77.209,False,19,1,7
2026-07-21 20:00:00,28.2,87.0,977.5,AWS001,Delhi,28.6139,77.209,False,20,1,7
2026-07-21 21:00:00,28.0,87.0,978.0,AWS001,Delhi,28.6139,77.209,False,21,1,7
2026-07-21 22:00:00,27.7,88.0,978.6,AWS001,Delhi,28.6139,77.209,False,22,1,7
2026-07-21 23:00:00,26.7,95.0,978.3,AWS001,Delhi,28.6139,77.209,False,23,1,7
2026-07-22 00:00:00,26.5,94.0,977.9,AWS001,Delhi,28.6139,77.209,False,0,2,7
2026-07-22 01:00:00,26.4,94.0,977.3,AWS001,Delhi,28.6139,77.209,False,1,2,7
2026-07-22 02:00:00,26.3,95.0,976.8,AWS001,Delhi,28.6139,77.209,False,2,2,7
2026-07-22 03:00:00,25.8,96.0,977.1,AWS001,Delhi,28.6139,77.209,False,3,2,7
2026-07-22 04:00:00,25.8,95.0,977.6,AWS001,Delhi,28.6139,77.209,False,4,2,7
2026-07-22 05:00:00,25.8,95.0,977.2,AWS001,Delhi,28.6139,77.209,False,5,2,7
2026-07-22 06:00:00,25.9,95.0,977.6,AWS001,Delhi,28.6139,77.209,False,6,2,7
2026-07-22 07:00:00,26.7,89.0,977.8,AWS001,Delhi,28.6139,77.209,False,7,2,7
2026-07-22 08:00:00,27.1,84.0,978.3,AWS001,Delhi,28.6139,77.209,False,8,2,7
2026-07-22 09:00:00,28.7,77.0,978.4,AWS001,Delhi,28.6139,77.209,False,9,2,7
2026-07-22 10:00:00,29.9,74.0,978.3,AWS001,Delhi,28.6139,77.209,False,10,2,7
2026-07-22 11:00:00,30.6,67.0,978.1,AWS001,Delhi,28.6139,77.209,False,11,2,7
2026-07-22 12:00:00,31.3,66.0,977.8,AWS001,Delhi,28.6139,77.209,False,12,2,7
2026-07-22 13:00:00,31.7,67.0,976.9,AWS001,Delhi,28.6139,77.209,False,13,2,7
2026-07-22 14:00:00,31.8,67.0,975.9,AWS001,Delhi,28.6139,77.209,False,14,2,7
2026-07-22 15:00:00,31.6,69.0,975.4,AWS001,Delhi,28.6139,77.209,False,15,2,7
2026-07-22 16:00:00,31.5,68.0,974.6,AWS001,Delhi,28.6139,77.209,False,16,2,7
2026-07-22 17:00:00,28.4,88.0,975.2,AWS001,Delhi,28.6139,77.209,False,17,2,7
2026-07-22 18:00:00,28.9,86.0,975.7,AWS001,Delhi,28.6139,77.209,False,18,2,7
2026-07-22 19:00:00,28.6,89.0,976.0,AWS001,Delhi,28.6139,77.209,False,19,2,7
2026-07-22 20:00:00,28.8,89.0,976.7,AWS001,Delhi,28.6139,77.209,False,20,2,7
2026-07-22 21:00:00,28.9,87.0,977.0,AWS001,Delhi,28.6139,77.209,False,21,2,7
2026-07-22 22:00:00,28.6,84.0,977.3,AWS001,Delhi,28.6139,77.209,False,22,2,7
2026-07-22 23:00:00,28.2,84.0,977.1,AWS001,Delhi,28.6139,77.209,False,23,2,7
2026-07-23 00:00:00,28.2,84.0,976.7,AWS001,Delhi,28.6139,77.209,False,0,3,7
2026-07-23 01:00:00,27.9,84.0,976.2,AWS001,Delhi,28.6139,77.209,False,1,3,7
2026-07-23 02:00:00,27.7,85.0,975.8,AWS001,Delhi,28.6139,77.209,False,2,3,7
2026-07-23 03:00:00,27.4,85.0,975.6,AWS001,Delhi,28.6139,77.209,False,3,3,7
2026-07-23 04:00:00,27.2,86.0,975.8,AWS001,Delhi,28.6139,77.209,False,4,3,7
2026-07-23 05:00:00,26.6,93.0,976.0,AWS001,Delhi,28.6139,77.209,False,5,3,7
2026-07-23 06:00:00,26.1,95.0,976.2,AWS001,Delhi,28.6139,77.209,False,6,3,7
2026-07-23 07:00:00,26.6,93.0,976.4,AWS001,Delhi,28.6139,77.209,False,7,3,7
2026-07-23 08:00:00,27.6,85.0,976.7,AWS001,Delhi,28.6139,77.209,False,8,3,7
2026-07-23 09:00:00,28.4,83.0,976.5,AWS001,Delhi,28.6139,77.209,False,9,3,7
2026-07-23 10:00:00,30.3,74.0,976.3,AWS001,Delhi,28.6139,77.209,False,10,3,7
2026-07-23 11:00:00,31.0,68.0,976.4,AWS001,Delhi,28.6139,77.209,False,11,3,7
2026-07-23 12:00:00,31.5,65.0,975.8,AWS001,Delhi,28.6139,77.209,False,12,3,7
2026-07-23 13:00:00,31.9,65.0,975.0,AWS001,Delhi,28.6139,77.209,False,13,3,7
2026-07-23 14:00:00,32.2,64.0,974.2,AWS001,Delhi,28.6139,77.209,False,14,3,7
2026-07-23 15:00:00,29.7,76.0,974.2,AWS001,Delhi,28.6139,77.209,False,15,3,7
2026-07-23 16:00:00,30.2,76.0,973.4,AWS001,Delhi,28.6139,77.209,False,16,3,7
2026-07-23 17:00:00,31.3,70.0,973.7,AWS001,Delhi,28.6139,77.209,False,17,3,7
2026-07-23 18:00:00,30.2,75.0,974.3,AWS001,Delhi,28.6139,77.209,False,18,3,7
2026-07-23 19:00:00,29.8,76.0,974.5,AWS001,Delhi,28.6139,77.209,False,19,3,7
2026-07-23 20:00:00,28.6,82.0,975.4,AWS001,Delhi,28.6139,77.209,False,20,3,7
2026-07-23 21:00:00,26.2,94.0,976.5,AWS001,Delhi,28.6139,77.209,False,21,3,7
2026-07-23 22:00:00,26.5,94.0,976.2,AWS001,Delhi,28.6139,77.209,False,22,3,7
2026-07-23 23:00:00,27.5,88.0,976.3,AWS001,Delhi,28.6139,77.209,False,23,3,7
2026-07-24 00:00:00,27.1,88.0,976.0,AWS001,Delhi,28.6139,77.209,False,0,4,7
2026-07-24 01:00:00,26.9,89.0,975.9,AWS001,Delhi,28.6139,77.209,False,1,4,7
2026-07-24 02:00:00,26.8,89.0,975.2,AWS001,Delhi,28.6139,77.209,False,2,4,7
2026-07-24 03:00:00,26.7,90.0,975.3,AWS001,Delhi,28.6139,77.209,False,3,4,7
2026-07-24 04:00:00,26.5,91.0,975.4,AWS001,Delhi,28.6139,77.209,False,4,4,7
2026-07-24 05:00:00,25.8,95.0,975.5,AWS001,Delhi,28.6139,77.209,False,5,4,7
2026-07-24 06:00:00,25.9,94.0,975.1,AWS001,Delhi,28.6139,77.209,False,6,4,7
2026-07-24 07:00:00,26.8,90.0,975.7,AWS001,Delhi,28.6139,77.209,False,7,4,7
2026-07-24 08:00:00,28.2,83.0,975.7,AWS001,Delhi,28.6139,77.209,False,8,4,7
2026-07-24 09:00:00,29.3,77.0,976.1,AWS001,Delhi,28.6139,77.209,False,9,4,7
2026-07-24 10:00:00,30.3,73.0,976.1,AWS001,Delhi,28.6139,77.209,False,10,4,7
2026-07-24 11:00:00,30.3,75.0,976.3,AWS001,Delhi,28.6139,77.209,False,11,4,7
2026-07-24 12:00:00,31.0,73.0,976.1,AWS001,Delhi,28.6139,77.209,False,12,4,7
2026-07-24 13:00:00,29.5,79.0,975.1,AWS001,Delhi,28.6139,77.209,False,13,4,7
2026-07-24 14:00:00,28.7,83.0,974.9,AWS001,Delhi,28.6139,77.209,False,14,4,7
2026-07-24 15:00:00,29.7,80.0,973.9,AWS001,Delhi,28.6139,77.209,False,15,4,7
2026-07-24 16:00:00,30.6,74.0,973.2,AWS001,Delhi,28.6139,77.209,False,16,4,7
2026-07-24 17:00:00,30.0,82.0,972.9,AWS001,Delhi,28.6139,77.209,False,17,4,7
2026-07-24 18:00:00,30.0,83.0,973.4,AWS001,Delhi,28.6139,77.209,False,18,4,7
2026-07-24 19:00:00,29.6,84.0,974.4,AWS001,Delhi,28.6139,77.209,False,19,4,7
2026-07-24 20:00:00,29.4,84.0,975.4,AWS001,Delhi,28.6139,77.209,False,20,4,7
2026-07-24 21:00:00,29.0,84.0,976.3,AWS001,Delhi,28.6139,77.209,False,21,4,7
2026-07-24 22:00:00,28.6,85.0,976.7,AWS001,Delhi,28.6139,77.209,False,22,4,7
2026-07-24 23:00:00,28.3,86.0,976.5,AWS001,Delhi,28.6139,77.209,False,23,4,7
2026-07-25 00:00:00,28.1,85.0,976.5,AWS001,Delhi,28.6139,77.209,False,0,5,7
2026-07-25 01:00:00,28.0,83.0,976.6,AWS001,Delhi,28.6139,77.209,False,1,5,7
2026-07-25 02:00:00,27.6,84.0,976.6,AWS001,Delhi,28.6139,77.209,False,2,5,7
2026-07-25 03:00:00,27.5,87.0,976.4,AWS001,Delhi,28.6139,77.209,False,3,5,7
2026-07-25 04:00:00,27.4,87.0,976.4,AWS001,Delhi,28.6139,77.209,False,4,5,7
2026-07-25 05:00:00,27.4,89.0,976.3,AWS001,Delhi,28.6139,77.209,False,5,5,7
2026-07-25 06:00:00,27.5,89.0,977.6,AWS001,Delhi,28.6139,77.209,False,6,5,7
2026-07-25 07:00:00,28.2,87.0,977.9,AWS001,Delhi,28.6139,77.209,False,7,5,7
2026-07-25 08:00:00,28.8,81.0,978.2,AWS001,Delhi,28.6139,77.209,False,8,5,7
2026-07-25 09:00:00,29.7,75.0,978.5,AWS001,Delhi,28.6139,77.209,False,9,5,7
2026-07-25 10:00:00,30.4,73.0,978.8,AWS001,Delhi,28.6139,77.209,False,10,5,7
2026-07-25 11:00:00,31.5,66.0,978.5,AWS001,Delhi,28.6139,77.209,False,11,5,7
2026-07-25 12:00:00,31.5,66.0,977.7,AWS001,Delhi,28.6139,77.209,False,12,5,7
2026-07-25 13:00:00,32.1,64.0,977.2,AWS001,Delhi,28.6139,77.209,False,13,5,7
2026-07-25 14:00:00,32.3,63.0,976.4,AWS001,Delhi,28.6139,77.209,False,14,5,7
2026-07-25 15:00:00,32.3,64.0,976.2,AWS001,Delhi,28.6139,77.209,False,15,5,7
2026-07-25 16:00:00,31.4,68.0,975.6,AWS001,Delhi,28.6139,77.209,False,16,5,7
2026-07-25 17:00:00,30.2,82.0,976.0,AWS001,Delhi,28.6139,77.209,False,17,5,7
2026-07-25 18:00:00,29.6,82.0,976.4,AWS001,Delhi,28.6139,77.209,False,18,5,7
2026-07-25 19:00:00,28.8,83.0,977.2,AWS001,Delhi,28.6139,77.209,False,19,5,7
2026-07-25 20:00:00,28.4,86.0,978.1,AWS001,Delhi,28.6139,77.209,False,20,5,7
2026-07-25 21:00:00,28.0,88.0,978.7,AWS001,Delhi,28.6139,77.209,False,21,5,7
2026-07-25 22:00:00,27.7,89.0,979.0,AWS001,Delhi,28.6139,77.209,False,22,5,7
2026-07-25 23:00:00,27.4,92.0,978.5,AWS001,Delhi,28.6139,77.209,False,23,5,7
2026-07-26 00:00:00,27.4,93.0,978.3,AWS001,Delhi,28.6139,77.209,False,0,6,7
2026-07-26 01:00:00,27.5,94.0,977.9,AWS001,Delhi,28.6139,77.209,False,1,6,7
2026-07-26 02:00:00,27.5,95.0,977.6,AWS001,Delhi,28.6139,77.209,False,2,6,7
2026-07-26 03:00:00,27.3,95.0,977.6,AWS001,Delhi,28.6139,77.209,False,3,6,7
2026-07-26 04:00:00,27.3,95.0,977.8,AWS001,Delhi,28.6139,77.209,False,4,6,7
2026-07-26 05:00:00,28.3,91.0,977.6,AWS001,Delhi,28.6139,77.209,False,5,6,7
2026-07-26 06:00:00,27.6,94.0,977.7,AWS001,Delhi,28.6139,77.209,False,6,6,7
2026-07-26 07:00:00,28.5,90.0,978.0,AWS001,Delhi,28.6139,77.209,False,7,6,7
2026-07-26 08:00:00,29.5,84.0,978.2,AWS001,Delhi,28.6139,77.209,False,8,6,7
2026-07-26 09:00:00,30.7,78.0,978.1,AWS001,Delhi,28.6139,77.209,False,9,6,7
2026-07-26 10:00:00,31.5,73.0,978.4,AWS001,Delhi,28.6139,77.209,False,10,6,7
2026-07-26 11:00:00,32.5,63.0,978.6,AWS001,Delhi,28.6139,77.209,False,11,6,7
2026-07-26 12:00:00,32.9,63.0,978.4,AWS001,Delhi,28.6139,77.209,False,12,6,7
2026-07-26 13:00:00,33.5,62.0,977.9,AWS001,Delhi,28.6139,77.209,False,13,6,7
2026-07-26 14:00:00,33.7,60.0,976.8,AWS001,Delhi,28.6139,77.209,False,14,6,7
2026-07-26 15:00:00,33.7,59.0,976.1,AWS001,Delhi,28.6139,77.209,False,15,6,7
2026-07-26 16:00:00,33.5,61.0,975.4,AWS001,Delhi,28.6139,77.209,False,16,6,7
2026-07-26 17:00:00,33.7,60.0,975.0,AWS001,Delhi,28.6139,77.209,False,17,6,7
2026-07-26 18:00:00,32.6,70.0,975.1,AWS001,Delhi,28.6139,77.209,False,18,6,7
2026-07-26 19:00:00,31.7,77.0,975.5,AWS001,Delhi,28.6139,77.209,False,19,6,7
2026-07-26 20:00:00,31.3,80.0,976.0,AWS001,Delhi,28.6139,77.209,False,20,6,7
2026-07-26 21:00:00,31.1,83.0,976.6,AWS001,Delhi,28.6139,77.209,False,21,6,7
2026-07-26 22:00:00,30.9,83.0,976.9,AWS001,Delhi,28.6139,77.209,False,22,6,7
2026-07-26 23:00:00,30.6,85.0,976.4,AWS001,Delhi,28.6139,77.209,False,23,6,7
2026-07-27 00:00:00,30.2,86.0,976.1,AWS001,Delhi,28.6139,77.209,False,0,0,7
2026-07-27 01:00:00,29.8,88.0,975.4,AWS001,Delhi,28.6139,77.209,False,1,0,7
2026-07-27 02:00:00,29.5,87.0,975.1,AWS001,Delhi,28.6139,77.209,False,2,0,7
2026-07-27 03:00:00,29.4,84.0,975.0,AWS001,Delhi,28.6139,77.209,False,3,0,7
2026-07-27 04:00:00,29.2,84.0,975.1,AWS001,Delhi,28.6139,77.209,False,4,0,7
2026-07-27 05:00:00,29.7,84.0,975.1,AWS001,Delhi,28.6139,77.209,False,5,0,7
2026-07-27 06:00:00,29.9,82.0,975.2,AWS001,Delhi,28.6139,77.209,False,6,0,7
2026-07-27 07:00:00,30.5,79.0,975.7,AWS001,Delhi,28.6139,77.209,False,7,0,7
2026-07-27 08:00:00,31.4,75.0,975.7,AWS001,Delhi,28.6139,77.209,False,8,0,7
2026-07-27 09:00:00,32.4,69.0,975.6,AWS001,Delhi,28.6139,77.209,False,9,0,7
2026-07-27 10:00:00,33.2,65.0,976.0,AWS001,Delhi,28.6139,77.209,False,10,0,7
2026-07-27 11:00:00,34.3,55.0,975.4,AWS001,Delhi,28.6139,77.209,False,11,0,7
2026-07-27 12:00:00,35.1,53.0,975.5,AWS001,Delhi,28.6139,77.209,False,12,0,7
2026-07-27 13:00:00,35.2,54.0,974.8,AWS001,Delhi,28.6139,77.209,False,13,0,7
2026-07-27 14:00:00,35.3,53.0,973.8,AWS001,Delhi,28.6139,77.209,False,14,0,7
2026-07-27 15:00:00,34.2,55.0,973.2,AWS001,Delhi,28.6139,77.209,False,15,0,7
2026-07-27 16:00:00,33.7,58.0,973.1,AWS001,Delhi,28.6139,77.209,False,16,0,7
2026-07-27 17:00:00,33.0,64.0,973.0,AWS001,Delhi,28.6139,77.209,False,17,0,7
2026-07-27 18:00:00,32.0,76.0,973.0,AWS001,Delhi,28.6139,77.209,False,18,0,7
2026-07-27 19:00:00,31.6,78.0,973.2,AWS001,Delhi,28.6139,77.209,False,19,0,7
2026-07-27 20:00:00,31.1,77.0,974.1,AWS001,Delhi,28.6139,77.209,False,20,0,7
2026-07-27 21:00:00,30.0,83.0,974.7,AWS001,Delhi,28.6139,77.209,False,21,0,7
2026-07-27 22:00:00,29.2,84.0,975.3,AWS001,Delhi,28.6139,77.209,False,22,0,7
2026-07-27 23:00:00,30.1,87.0,974.8,AWS001,Delhi,28.6139,77.209,False,23,0,7
2026-07-28 00:00:00,28.4,87.0,975.2,AWS001,Delhi,28.6139,77.209,False,0,1,7
2026-07-28 01:00:00,27.3,92.0,975.0,AWS001,Delhi,28.6139,77.209,False,1,1,7
2026-07-28 02:00:00,27.0,94.0,974.7,AWS001,Delhi,28.6139,77.209,False,2,1,7
2026-07-28 03:00:00,26.3,96.0,974.4,AWS001,Delhi,28.6139,77.209,False,3,1,7
2026-07-28 04:00:00,26.1,97.0,974.2,AWS001,Delhi,28.6139,77.209,False,4,1,7
2026-07-28 05:00:00,28.5,92.0,973.7,AWS001,Delhi,28.6139,77.209,False,5,1,7
2026-07-28 06:00:00,28.5,93.0,974.4,AWS001,Delhi,28.6139,77.209,False,6,1,7
2026-07-28 07:00:00,28.8,93.0,974.7,AWS001,Delhi,28.6139,77.209,False,7,1,7
2026-07-28 08:00:00,28.3,88.0,975.2,AWS001,Delhi,28.6139,77.209,False,8,1,7
2026-07-28 09:00:00,28.1,90.0,976.0,AWS001,Delhi,28.6139,77.209,False,9,1,7
2026-07-28 10:00:00,27.2,94.0,976.9,AWS001,Delhi,28.6139,77.209,False,10,1,7
2026-07-28 11:00:00,27.5,93.0,976.6,AWS001,Delhi,28.6139,77.209,False,11,1,7
2026-07-28 12:00:00,26.7,95.0,975.9,AWS001,Delhi,28.6139,77.209,False,12,1,7
2026-07-28 13:00:00,26.9,93.0,975.8,AWS001,Delhi,28.6139,77.209,False,13,1,7
2026-07-28 14:00:00,26.9,94.0,974.7,AWS001,Delhi,28.6139,77.209,False,14,1,7
2026-07-28 15:00:00,27.3,92.0,974.2,AWS001,Delhi,28.6139,77.209,False,15,1,7
2026-07-28 16:00:00,27.1,94.0,973.6,AWS001,Delhi,28.6139,77.209,False,16,1,7
2026-07-28 17:00:00,31.0,72.0,973.7,AWS001,Delhi,28.6139,77.209,False,17,1,7
2026-07-28 18:00:00,30.2,77.0,973.8,AWS001,Delhi,28.6139,77.209,False,18,1,7
2026-07-28 19:00:00,29.5,83.0,974.3,AWS001,Delhi,28.6139,77.209,False,19,1,7
2026-07-28 20:00:00,28.9,86.0,975.1,AWS001,Delhi,28.6139,77.209,False,20,1,7
2026-07-28 21:00:00,28.6,87.0,976.0,AWS001,Delhi,28.6139,77.209,False,21,1,7
2026-07-28 22:00:00,28.2,88.0,976.6,AWS001,Delhi,28.6139,77.209,False,22,1,7
2026-07-28 23:00:00,27.9,89.0,976.4,AWS001,Delhi,28.6139,77.209,False,23,1,7
2026-07-29 00:00:00,27.7,91.0,976.2,AWS001,Delhi,28.6139,77.209,False,0,2,7
2026-07-29 01:00:00,27.6,91.0,976.2,AWS001,Delhi,28.6139,77.209,False,1,2,7
2026-07-29 02:00:00,27.1,94.0,975.8,AWS001,Delhi,28.6139,77.209,False,2,2,7
2026-07-29 03:00:00,26.7,95.0,975.8,AWS001,Delhi,28.6139,77.209,False,3,2,7
2026-07-29 04:00:00,26.7,95.0,976.1,AWS001,Delhi,28.6139,77.209,False,4,2,7
2026-07-29 05:00:00,26.7,97.0,975.6,AWS001,Delhi,28.6139,77.209,False,5,2,7
2026-07-29 06:00:00,26.4,96.0,976.2,AWS001,Delhi,28.6139,77.209,False,6,2,7
2026-07-29 07:00:00,26.3,99.0,976.7,AWS001,Delhi,28.6139,77.209,False,7,2,7
2026-07-29 08:00:00,26.8,93.0,977.0,AWS001,Delhi,28.6139,77.209,False,8,2,7
2026-07-29 09:00:00,28.0,87.0,977.2,AWS001,Delhi,28.6139,77.209,False,9,2,7
2026-07-29 10:00:00,28.8,84.0,977.4,AWS001,Delhi,28.6139,77.209,False,10,2,7
2026-07-29 11:00:00,30.9,75.0,977.0,AWS001,Delhi,28.6139,77.209,False,11,2,7
2026-07-29 12:00:00,31.7,73.0,976.7,AWS001,Delhi,28.6139,77.209,False,12,2,7
2026-07-29 13:00:00,32.0,72.0,976.1,AWS001,Delhi,28.6139,77.209,False,13,2,7
2026-07-29 14:00:00,32.3,68.0,975.1,AWS001,Delhi,28.6139,77.209,False,14,2,7
2026-07-29 15:00:00,32.5,67.0,974.5,AWS001,Delhi,28.6139,77.209,False,15,2,7
2026-07-29 16:00:00,32.3,67.0,973.7,AWS001,Delhi,28.6139,77.209,False,16,2,7
2026-07-29 17:00:00,32.5,68.0,973.5,AWS001,Delhi,28.6139,77.209,False,17,2,7
2026-07-29 18:00:00,31.7,77.0,973.5,AWS001,Delhi,28.6139,77.209,False,18,2,7
2026-07-29 19:00:00,30.8,82.0,974.3,AWS001,Delhi,28.6139,77.209,False,19,2,7
2026-07-29 20:00:00,30.3,83.0,975.2,AWS001,Delhi,28.6139,77.209,False,20,2,7
2026-07-29 21:00:00,29.8,85.0,976.0,AWS001,Delhi,28.6139,77.209,False,21,2,7
2026-07-29 22:00:00,29.4,88.0,976.2,AWS001,Delhi,28.6139,77.209,False,22,2,7
2026-07-29 23:00:00,29.8,86.0,975.8,AWS001,Delhi,28.6139,77.209,False,23,2,7
2026-07-30 00:00:00,29.2,89.0,975.4,AWS001,Delhi,28.6139,77.209,False,0,3,7
2026-07-30 01:00:00,28.0,85.0,975.5,AWS001,Delhi,28.6139,77.209,False,1,3,7
2026-07-30 02:00:00,25.5,96.0,975.3,AWS001,Delhi,28.6139,77.209,False,2,3,7
2026-07-30 03:00:00,26.1,95.0,974.8,AWS001,Delhi,28.6139,77.209,False,3,3,7
2026-07-30 04:00:00,26.3,97.0,974.8,AWS001,Delhi,28.6139,77.209,False,4,3,7
2026-07-30 05:00:00,28.3,95.0,974.2,AWS001,Delhi,28.6139,77.209,False,5,3,7
2026-07-30 06:00:00,28.4,95.0,974.6,AWS001,Delhi,28.6139,77.209,False,6,3,7
2026-07-30 07:00:00,28.4,89.0,975.5,AWS001,Delhi,28.6139,77.209,False,7,3,7
2026-07-30 08:00:00,29.2,85.0,976.0,AWS001,Delhi,28.6139,77.209,False,8,3,7
2026-07-30 09:00:00,30.4,78.0,976.2,AWS001,Delhi,28.6139,77.209,False,9,3,7
2026-07-30 10:00:00,31.6,72.0,976.5,AWS001,Delhi,28.6139,77.209,False,10,3,7
2026-07-30 11:00:00,32.8,64.0,976.4,AWS001,Delhi,28.6139,77.209,False,11,3,7
2026-07-30 12:00:00,32.9,63.0,976.0,AWS001,Delhi,28.6139,77.209,False,12,3,7
2026-07-30 13:00:00,32.0,67.0,975.8,AWS001,Delhi,28.6139,77.209,False,13,3,7
2026-07-30 14:00:00,32.8,64.0,974.8,AWS001,Delhi,28.6139,77.209,False,14,3,7
2026-07-30 15:00:00,33.1,62.0,973.9,AWS001,Delhi,28.6139,77.209,False,15,3,7
2026-07-30 16:00:00,33.2,61.0,973.3,AWS001,Delhi,28.6139,77.209,False,16,3,7
2026-07-30 17:00:00,31.5,73.0,973.2,AWS001,Delhi,28.6139,77.209,False,17,3,7
2026-07-30 18:00:00,29.0,84.0,973.7,AWS001,Delhi,28.6139,77.209,False,18,3,7
2026-07-30 19:00:00,28.5,86.0,974.5,AWS001,Delhi,28.6139,77.209,False,19,3,7
2026-07-30 20:00:00,28.5,88.0,975.2,AWS001,Delhi,28.6139,77.209,False,20,3,7
2026-07-30 21:00:00,28.4,90.0,976.0,AWS001,Delhi,28.6139,77.209,False,21,3,7
2026-07-30 22:00:00,28.3,91.0,976.3,AWS001,Delhi,28.6139,77.209,False,22,3,7
2026-07-30 23:00:00,28.8,90.0,976.0,AWS001,Delhi,28.6139,77.209,False,23,3,7
2026-07-31 00:00:00,28.6,89.0,975.5,AWS001,Delhi,28.6139,77.209,False,0,4,7
2026-07-31 01:00:00,28.4,89.0,975.5,AWS001,Delhi,28.6139,77.209,False,1,4,7
2026-07-31 02:00:00,28.3,88.0,975.4,AWS001,Delhi,28.6139,77.209,False,2,4,7
2026-07-31 03:00:00,28.1,87.0,975.3,AWS001,Delhi,28.6139,77.209,False,3,4,7
2026-07-31 04:00:00,27.9,87.0,975.6,AWS001,Delhi,28.6139,77.209,False,4,4,7
2026-07-31 05:00:00,28.1,84.0,975.3,AWS001,Delhi,28.6139,77.209,False,5,4,7
2026-07-31 06:00:00,27.9,85.0,975.8,AWS001,Delhi,28.6139,77.209,False,6,4,7
2026-07-31 07:00:00,28.6,82.0,976.3,AWS001,Delhi,28.6139,77.209,False,7,4,7
2026-07-31 08:00:00,28.9,80.0,976.6,AWS001,Delhi,28.6139,77.209,False,8,4,7
2026-07-31 09:00:00,29.5,77.0,976.9,AWS001,Delhi,28.6139,77.209,False,9,4,7
2026-07-31 10:00:00,29.8,75.0,977.0,AWS001,Delhi,28.6139,77.209,False,10,4,7
2026-07-31 11:00:00,30.5,72.0,977.2,AWS001,Delhi,28.6139,77.209,False,11,4,7
2026-07-31 12:00:00,31.4,68.0,976.5,AWS001,Delhi,28.6139,77.209,False,12,4,7
2026-07-31 13:00:00,32.0,64.0,975.8,AWS001,Delhi,28.6139,77.209,False,13,4,7
2026-07-31 14:00:00,32.5,63.0,974.9,AWS001,Delhi,28.6139,77.209,False,14,4,7
2026-07-31 15:00:00,32.4,63.0,974.1,AWS001,Delhi,28.6139,77.209,False,15,4,7
2026-07-31 16:00:00,29.4,78.0,973.3,AWS001,Delhi,28.6139,77.209,False,16,4,7
2026-07-31 17:00:00,31.4,73.0,973.5,AWS001,Delhi,28.6139,77.209,False,17,4,7
2026-07-31 18:00:00,30.9,75.0,974.0,AWS001,Delhi,28.6139,77.209,False,18,4,7
2026-07-31 19:00:00,30.0,80.0,974.7,AWS001,Delhi,28.6139,77.209,False,19,4,7
2026-07-31 20:00:00,29.6,83.0,975.3,AWS001,Delhi,28.6139,77.209,False,20,4,7
2026-07-31 21:00:00,29.1,84.0,976.2,AWS001,Delhi,28.6139,77.209,False,21,4,7
2026-07-31 22:00:00,28.8,85.0,976.5,AWS001,Delhi,28.6139,77.209,False,22,4,7
2026-07-31 23:00:00,28.0,87.0,976.0,AWS001,Delhi,28.6139,77.209,False,23,4,7
2026-08-01 00:00:00,27.9,88.0,976.1,AWS001,Delhi,28.6139,77.209,False,0,5,8
2026-08-01 01:00:00,27.1,94.0,976.0,AWS001,Delhi,28.6139,77.209,False,1,5,8
2026-08-01 02:00:00,27.1,92.0,975.4,AWS001,Delhi,28.6139,77.209,False,2,5,8
2026-08-01 03:00:00,27.1,91.0,975.4,AWS001,Delhi,28.6139,77.209,False,3,5,8
2026-08-01 04:00:00,27.2,91.0,975.6,AWS001,Delhi,28.6139,77.209,False,4,5,8
2026-08-01 05:00:00,26.7,95.0,975.5,AWS001,Delhi,28.6139,77.209,False,5,5,8
2026-08-01 06:00:00,27.0,93.0,975.9,AWS001,Delhi,28.6139,77.209,False,6,5,8
2026-08-01 07:00:00,27.1,90.0,976.4,AWS001,Delhi,28.6139,77.209,False,7,5,8
2026-08-01 08:00:00,27.8,87.0,976.4,AWS001,Delhi,28.6139,77.209,False,8,5,8
2026-08-01 09:00:00,29.4,78.0,976.3,AWS001,Delhi,28.6139,77.209,False,9,5,8
2026-08-01 10:00:00,30.6,73.0,976.3,AWS001,Delhi,28.6139,77.209,False,10,5,8
2026-08-01 11:00:00,31.5,70.0,976.1,AWS001,Delhi,28.6139,77.209,False,11,5,8
2026-08-01 12:00:00,32.1,69.0,975.5,AWS001,Delhi,28.6139,77.209,False,12,5,8
2026-08-01 13:00:00,32.4,66.0,975.0,AWS001,Delhi,28.6139,77.209,False,13,5,8
2026-08-01 14:00:00,32.0,64.0,974.3,AWS001,Delhi,28.6139,77.209,False,14,5,8
2026-08-01 15:00:00,31.2,71.0,973.5,AWS001,Delhi,28.6139,77.209,False,15,5,8
2026-08-01 16:00:00,31.4,74.0,973.1,AWS001,Delhi,28.6139,77.209,False,16,5,8
2026-08-01 17:00:00,30.5,78.0,973.6,AWS001,Delhi,28.6139,77.209,False,17,5,8
2026-08-01 18:00:00,30.3,81.0,974.0,AWS001,Delhi,28.6139,77.209,False,18,5,8
2026-08-01 19:00:00,29.7,84.0,974.3,AWS001,Delhi,28.6139,77.209,False,19,5,8
2026-08-01 20:00:00,29.4,86.0,975.1,AWS001,Delhi,28.6139,77.209,False,20,5,8
2026-08-01 21:00:00,29.3,87.0,975.9,AWS001,Delhi,28.6139,77.209,False,21,5,8
2026-08-01 22:00:00,29.2,87.0,976.3,AWS001,Delhi,28.6139,77.209,False,22,5,8
2026-08-01 23:00:00,27.2,89.0,976.3,AWS001,Delhi,28.6139,77.209,False,23,5,8
2026-08-02 00:00:00,26.7,90.0,975.9,AWS001,Delhi,28.6139,77.209,False,0,6,8
2026-08-02 01:00:00,26.7,92.0,976.3,AWS001,Delhi,28.6139,77.209,False,1,6,8
2026-08-02 02:00:00,26.9,93.0,976.0,AWS001,Delhi,28.6139,77.209,False,2,6,8
2026-08-02 03:00:00,26.7,94.0,975.4,AWS001,Delhi,28.6139,77.209,False,3,6,8
2026-08-02 04:00:00,26.8,94.0,976.1,AWS001,Delhi,28.6139,77.209,False,4,6,8
2026-08-02 05:00:00,27.1,95.0,976.0,AWS001,Delhi,28.6139,77.209,False,5,6,8
2026-08-02 06:00:00,26.6,96.0,976.8,AWS001,Delhi,28.6139,77.209,False,6,6,8
2026-08-02 07:00:00,26.9,95.0,977.0,AWS001,Delhi,28.6139,77.209,False,7,6,8
2026-08-02 08:00:00,28.5,88.0,977.2,AWS001,Delhi,28.6139,77.209,False,8,6,8
2026-08-02 09:00:00,30.2,79.0,977.1,AWS001,Delhi,28.6139,77.209,False,9,6,8
2026-08-02 10:00:00,31.6,71.0,977.0,AWS001,Delhi,28.6139,77.209,False,10,6,8
2026-08-02 11:00:00,32.8,64.0,976.9,AWS001,Delhi,28.6139,77.209,False,11,6,8
2026-08-02 12:00:00,33.7,59.0,976.5,AWS001,Delhi,28.6139,77.209,False,12,6,8
2026-08-02 13:00:00,32.9,61.0,976.2,AWS001,Delhi,28.6139,77.209,False,13,6,8
2026-08-02 14:00:00,32.2,68.0,975.4,AWS001,Delhi,28.6139,77.209,False,14,6,8
2026-08-02 15:00:00,32.6,67.0,974.8,AWS001,Delhi,28.6139,77.209,False,15,6,8
2026-08-02 16:00:00,32.4,67.0,974.4,AWS001,Delhi,28.6139,77.209,False,16,6,8
2026-08-02 17:00:00,27.6,93.0,975.0,AWS001,Delhi,28.6139,77.209,False,17,6,8
2026-08-02 18:00:00,28.3,91.0,975.7,AWS001,Delhi,28.6139,77.209,False,18,6,8
2026-08-02 19:00:00,27.5,93.0,975.4,AWS001,Delhi,28.6139,77.209,False,19,6,8
2026-08-02 20:00:00,27.7,94.0,976.3,AWS001,Delhi,28.6139,77.209,False,20,6,8
2026-08-02 21:00:00,27.8,94.0,977.4,AWS001,Delhi,28.6139,77.209,False,21,6,8
2026-08-02 22:00:00,27.9,94.0,977.7,AWS001,Delhi,28.6139,77.209,False,22,6,8
2026-08-02 23:00:00,28.6,94.0,977.0,AWS001,Delhi,28.6139,77.209,False,23,6,8
2026-08-03 00:00:00,28.5,94.0,976.8,AWS001,Delhi,28.6139,77.209,False,0,0,8
2026-08-03 01:00:00,28.4,94.0,976.7,AWS001,Delhi,28.6139,77.209,False,1,0,8
2026-08-03 02:00:00,27.9,93.0,976.4,AWS001,Delhi,28.6139,77.209,False,2,0,8
2026-08-03 03:00:00,27.4,94.0,976.1,AWS001,Delhi,28.6139,77.209,False,3,0,8
2026-08-03 04:00:00,27.2,95.0,976.2,AWS001,Delhi,28.6139,77.209,False,4,0,8
2026-08-03 05:00:00,27.4,94.0,976.0,AWS001,Delhi,28.6139,77.209,False,5,0,8
2026-08-03 06:00:00,27.7,96.0,976.6,AWS001,Delhi,28.6139,77.209,False,6,0,8
2026-08-03 07:00:00,27.8,94.0,976.7,AWS001,Delhi,28.6139,77.209,False,7,0,8
2026-08-03 08:00:00,28.4,88.0,977.7,AWS001,Delhi,28.6139,77.209,False,8,0,8
2026-08-03 09:00:00,29.5,83.0,977.9,AWS001,Delhi,28.6139,77.209,False,9,0,8
2026-08-03 10:00:00,30.4,81.0,978.1,AWS001,Delhi,28.6139,77.209,False,10,0,8
2026-08-03 11:00:00,31.3,73.0,977.7,AWS001,Delhi,28.6139,77.209,False,11,0,8
2026-08-03 12:00:00,32.6,69.0,977.6,AWS001,Delhi,28.6139,77.209,False,12,0,8
2026-08-03 13:00:00,33.4,67.0,977.1,AWS001,Delhi,28.6139,77.209,False,13,0,8
2026-08-03 14:00:00,30.7,75.0,976.6,AWS001,Delhi,28.6139,77.209,False,14,0,8
2026-08-03 15:00:00,30.9,79.0,976.3,AWS001,Delhi,28.6139,77.209,False,15,0,8
2026-08-03 16:00:00,30.1,80.0,975.6,AWS001,Delhi,28.6139,77.209,False,16,0,8
2026-08-03 17:00:00,32.3,75.0,975.1,AWS001,Delhi,28.6139,77.209,False,17,0,8
2026-08-03 18:00:00,29.8,84.0,975.2,AWS001,Delhi,28.6139,77.209,False,18,0,8
2026-08-03 19:00:00,27.7,94.0,976.4,AWS001,Delhi,28.6139,77.209,False,19,0,8
2026-08-03 20:00:00,27.3,95.0,977.4,AWS001,Delhi,28.6139,77.209,False,20,0,8
2026-08-03 21:00:00,27.3,94.0,978.4,AWS001,Delhi,28.6139,77.209,False,21,0,8
2026-08-03 22:00:00,27.1,95.0,978.2,AWS001,Delhi,28.6139,77.209,False,22,0,8
2026-08-03 23:00:00,26.9,98.0,978.4,AWS001,Delhi,28.6139,77.209,False,23,0,8
2026-08-04 00:00:00,26.9,97.0,977.7,AWS001,Delhi,28.6139,77.209,False,0,1,8
2026-08-04 01:00:00,26.7,98.0,977.4,AWS001,Delhi,28.6139,77.209,False,1,1,8
2026-08-04 02:00:00,26.5,98.0,977.2,AWS001,Delhi,28.6139,77.209,False,2,1,8
2026-08-04 03:00:00,26.6,98.0,977.6,AWS001,Delhi,28.6139,77.209,False,3,1,8
2026-08-04 04:00:00,26.6,98.0,977.5,AWS001,Delhi,28.6139,77.209,False,4,1,8
2026-08-04 05:00:00,26.6,97.0,977.0,AWS001,Delhi,28.6139,77.209,False,5,1,8
2026-08-04 06:00:00,26.3,98.0,977.9,AWS001,Delhi,28.6139,77.209,False,6,1,8
2026-08-04 07:00:00,26.7,95.0,977.9,AWS001,Delhi,28.6139,77.209,False,7,1,8
2026-08-04 08:00:00,27.3,93.0,978.5,AWS001,Delhi,28.6139,77.209,False,8,1,8
2026-08-04 09:00:00,28.5,86.0,978.8,AWS001,Delhi,28.6139,77.209,False,9,1,8
2026-08-04 10:00:00,29.5,83.0,979.4,AWS001,Delhi,28.6139,77.209,False,10,1,8
2026-08-04 11:00:00,27.8,93.0,979.3,AWS001,Delhi,28.6139,77.209,False,11,1,8
2026-08-04 12:00:00,27.8,93.0,978.8,AWS001,Delhi,28.6139,77.209,False,12,1,8
2026-08-04 13:00:00,28.4,89.0,978.3,AWS001,Delhi,28.6139,77.209,False,13,1,8
2026-08-04 14:00:00,28.5,86.0,977.8,AWS001,Delhi,28.6139,77.209,False,14,1,8
2026-08-04 15:00:00,29.3,83.0,977.1,AWS001,Delhi,28.6139,77.209,False,15,1,8
2026-08-04 16:00:00,29.4,83.0,976.3,AWS001,Delhi,28.6139,77.209,False,16,1,8
2026-08-04 17:00:00,27.3,95.0,976.6,AWS001,Delhi,28.6139,77.209,False,17,1,8
2026-08-04 18:00:00,27.3,94.0,976.6,AWS001,Delhi,28.6139,77.209,False,18,1,8
2026-08-04 19:00:00,27.2,95.0,976.9,AWS001,Delhi,28.6139,77.209,False,19,1,8
2026-08-04 20:00:00,27.1,97.0,977.6,AWS001,Delhi,28.6139,77.209,False,20,1,8
2026-08-04 21:00:00,27.1,96.0,978.3,AWS001,Delhi,28.6139,77.209,False,21,1,8
2026-08-04 22:00:00,26.8,97.0,978.4,AWS001,Delhi,28.6139,77.209,False,22,1,8
2026-08-04 23:00:00,27.4,97.0,977.7,AWS001,Delhi,28.6139,77.209,False,23,1,8
2026-08-05 00:00:00,27.4,97.0,976.9,AWS001,Delhi,28.6139,77.209,False,0,2,8
2026-08-05 01:00:00,27.3,97.0,976.7,AWS001,Delhi,28.6139,77.209,False,1,2,8
2026-08-05 02:00:00,27.2,93.0,976.4,AWS001,Delhi,28.6139,77.209,False,2,2,8
2026-08-05 03:00:00,26.9,95.0,976.3,AWS001,Delhi,28.6139,77.209,False,3,2,8
2026-08-05 04:00:00,26.9,93.0,976.2,AWS001,Delhi,28.6139,77.209,False,4,2,8
2026-08-05 05:00:00,26.5,97.0,976.2,AWS001,Delhi,28.6139,77.209,False,5,2,8
2026-08-05 06:00:00,26.2,97.0,976.5,AWS001,Delhi,28.6139,77.209,False,6,2,8
2026-08-05 07:00:00,26.9,95.0,976.6,AWS001,Delhi,28.6139,77.209,False,7,2,8
2026-08-05 08:00:00,28.1,89.0,976.7,AWS001,Delhi,28.6139,77.209,False,8,2,8
2026-08-05 09:00:00,29.9,78.0,976.7,AWS001,Delhi,28.6139,77.209,False,9,2,8
2026-08-05 10:00:00,31.1,70.0,976.6,AWS001,Delhi,28.6139,77.209,False,10,2,8
2026-08-05 11:00:00,31.3,71.0,976.7,AWS001,Delhi,28.6139,77.209,False,11,2,8
2026-08-05 12:00:00,30.7,72.0,975.5,AWS001,Delhi,28.6139,77.209,False,12,2,8
2026-08-05 13:00:00,31.5,67.0,975.2,AWS001,Delhi,28.6139,77.209,False,13,2,8
2026-08-05 14:00:00,31.8,65.0,974.2,AWS001,Delhi,28.6139,77.209,False,14,2,8
2026-08-05 15:00:00,32.5,63.0,973.9,AWS001,Delhi,28.6139,77.209,False,15,2,8
2026-08-05 16:00:00,32.4,63.0,973.4,AWS001,Delhi,28.6139,77.209,False,16,2,8
2026-08-05 17:00:00,29.9,82.0,973.7,AWS001,Delhi,28.6139,77.209,False,17,2,8
2026-08-05 18:00:00,28.5,88.0,974.1,AWS001,Delhi,28.6139,77.209,False,18,2,8
2026-08-05 19:00:00,28.3,88.0,975.1,AWS001,Delhi,28.6139,77.209,False,19,2,8
2026-08-05 20:00:00,28.1,90.0,975.7,AWS001,Delhi,28.6139,77.209,False,20,2,8
2026-08-05 21:00:00,27.8,92.0,976.2,AWS001,Delhi,28.6139,77.209,False,21,2,8
2026-08-05 22:00:00,27.7,94.0,976.2,AWS001,Delhi,28.6139,77.209,False,22,2,8
2026-08-05 23:00:00,27.3,99.0,975.8,AWS001,Delhi,28.6139,77.209,False,23,2,8
2026-08-06 00:00:00,27.8,98.0,975.4,AWS001,Delhi,28.6139,77.209,False,0,3,8
2026-08-06 01:00:00,27.3,90.0,975.3,AWS001,Delhi,28.6139,77.209,False,1,3,8
2026-08-06 02:00:00,27.0,96.0,974.9,AWS001,Delhi,28.6139,77.209,False,2,3,8
2026-08-06 03:00:00,27.0,97.0,974.7,AWS001,Delhi,28.6139,77.209,False,3,3,8
2026-08-06 04:00:00,26.9,96.0,975.2,AWS001,Delhi,28.6139,77.209,False,4,3,8
2026-08-06 05:00:00,27.1,95.0,974.6,AWS001,Delhi,28.6139,77.209,False,5,3,8
2026-08-06 06:00:00,27.3,93.0,975.7,AWS001,Delhi,28.6139,77.209,False,6,3,8
2026-08-06 07:00:00,27.5,90.0,976.3,AWS001,Delhi,28.6139,77.209,False,7,3,8
2026-08-06 08:00:00,27.4,91.0,977.1,AWS001,Delhi,28.6139,77.209,False,8,3,8
2026-08-06 09:00:00,27.1,90.0,977.8,AWS001,Delhi,28.6139,77.209,False,9,3,8
2026-08-06 10:00:00,26.9,89.0,977.7,AWS001,Delhi,28.6139,77.209,False,10,3,8
2026-08-06 11:00:00,27.0,84.0,977.7,AWS001,Delhi,28.6139,77.209,False,11,3,8
2026-08-06 12:00:00,27.7,80.0,977.3,AWS001,Delhi,28.6139,77.209,False,12,3,8
2026-08-06 13:00:00,27.4,82.0,976.7,AWS001,Delhi,28.6139,77.209,False,13,3,8
2026-08-06 14:00:00,27.2,83.0,976.0,AWS001,Delhi,28.6139,77.209,False,14,3,8
2026-08-06 15:00:00,27.0,84.0,975.8,AWS001,Delhi,28.6139,77.209,False,15,3,8
2026-08-06 16:00:00,27.5,82.0,975.3,AWS001,Delhi,28.6139,77.209,False,16,3,8
2026-08-06 17:00:00,27.7,87.0,975.1,AWS001,Delhi,28.6139,77.209,False,17,3,8
2026-08-06 18:00:00,27.4,90.0,975.2,AWS001,Delhi,28.6139,77.209,False,18,3,8
2026-08-06 19:00:00,27.2,91.0,975.8,AWS001,Delhi,28.6139,77.209,False,19,3,8
2026-08-06 20:00:00,27.0,93.0,976.2,AWS001,Delhi,28.6139,77.209,False,20,3,8
2026-08-06 21:00:00,26.9,93.0,976.8,AWS001,Delhi,28.6139,77.209,False,21,3,8
2026-08-06 22:00:00,26.9,93.0,976.8,AWS001,Delhi,28.6139,77.209,False,22,3,8
2026-08-06 23:00:00,26.7,93.0,976.6,AWS001,Delhi,28.6139,77.209,False,23,3,8
2026-08-07 00:00:00,26.0,97.0,976.4,AWS001,Delhi,28.6139,77.209,False,0,4,8
2026-08-07 01:00:00,25.8,97.0,976.2,AWS001,Delhi,28.6139,77.209,False,1,4,8
2026-08-07 02:00:00,25.7,99.0,975.8,AWS001,Delhi,28.6139,77.209,False,2,4,8
2026-08-07 03:00:00,25.8,98.0,975.6,AWS001,Delhi,28.6139,77.209,False,3,4,8
2026-08-07 04:00:00,25.8,96.0,975.7,AWS001,Delhi,28.6139,77.209,False,4,4,8
2026-08-07 05:00:00,26.1,97.0,975.3,AWS001,Delhi,28.6139,77.209,False,5,4,8
2026-08-07 06:00:00,25.6,93.0,975.7,AWS001,Delhi,28.6139,77.209,False,6,4,8
2026-08-07 07:00:00,26.0,96.0,976.1,AWS001,Delhi,28.6139,77.209,False,7,4,8
2026-08-07 08:00:00,26.4,96.0,976.4,AWS001,Delhi,28.6139,77.209,False,8,4,8
2026-08-07 09:00:00,26.5,95.0,976.6,AWS001,Delhi,28.6139,77.209,False,9,4,8
2026-08-07 10:00:00,26.9,93.0,976.8,AWS001,Delhi,28.6139,77.209,False,10,4,8
2026-08-07 11:00:00,27.8,89.0,976.5,AWS001,Delhi,28.6139,77.209,False,11,4,8
2026-08-07 12:00:00,26.1,96.0,976.0,AWS001,Delhi,28.6139,77.209,False,12,4,8
2026-08-07 13:00:00,26.9,95.0,975.3,AWS001,Delhi,28.6139,77.209,False,13,4,8
2026-08-07 14:00:00,27.8,92.0,974.8,AWS001,Delhi,28.6139,77.209,False,14,4,8
2026-08-07 15:00:00,29.1,80.0,974.4,AWS001,Delhi,28.6139,77.209,False,15,4,8
2026-08-07 16:00:00,28.7,81.0,974.2,AWS001,Delhi,28.6139,77.209,False,16,4,8
2026-08-07 17:00:00,27.0,93.0,974.5,AWS001,Delhi,28.6139,77.209,False,17,4,8
2026-08-07 18:00:00,26.7,95.0,974.5,AWS001,Delhi,28.6139,77.209,False,18,4,8
2026-08-07 19:00:00,26.3,95.0,975.3,AWS001,Delhi,28.6139,77.209,False,19,4,8
2026-08-07 20:00:00,26.5,93.0,976.0,AWS001,Delhi,28.6139,77.209,False,20,4,8
2026-08-07 21:00:00,25.6,97.0,976.8,AWS001,Delhi,28.6139,77.209,False,21,4,8
2026-08-07 22:00:00,25.4,97.0,977.0,AWS001,Delhi,28.6139,77.209,False,22,4,8
2026-08-07 23:00:00,25.6,97.0,977.0,AWS001,Delhi,28.6139,77.209,False,23,4,8
2026-08-08 00:00:00,25.9,96.0,976.4,AWS001,Delhi,28.6139,77.209,False,0,5,8
2026-08-08 01:00:00,25.9,96.0,975.9,AWS001,Delhi,28.6139,77.209,False,1,5,8
2026-08-08 02:00:00,25.1,97.0,975.8,AWS001,Delhi,28.6139,77.209,False,2,5,8
2026-08-08 03:00:00,24.7,99.0,975.9,AWS001,Delhi,28.6139,77.209,False,3,5,8
2026-08-08 04:00:00,24.6,99.0,975.9,AWS001,Delhi,28.6139,77.209,False,4,5,8
2026-08-08 05:00:00,25.6,97.0,975.7,AWS001,Delhi,28.6139,77.209,False,5,5,8
2026-08-08 06:00:00,25.6,96.0,976.3,AWS001,Delhi,28.6139,77.209,False,6,5,8
2026-08-08 07:00:00,25.7,96.0,976.7,AWS001,Delhi,28.6139,77.209,False,7,5,8
2026-08-08 08:00:00,27.0,93.0,977.3,AWS001,Delhi,28.6139,77.209,False,8,5,8
2026-08-08 09:00:00,29.2,87.0,977.6,AWS001,Delhi,28.6139,77.209,False,9,5,8
2026-08-08 10:00:00,30.7,78.0,977.5,AWS001,Delhi,28.6139,77.209,False,10,5,8
2026-08-08 11:00:00,29.6,78.0,978.0,AWS001,Delhi,28.6139,77.209,False,11,5,8
2026-08-08 12:00:00,31.0,74.0,977.9,AWS001,Delhi,28.6139,77.209,False,12,5,8
2026-08-08 13:00:00,30.2,75.0,977.3,AWS001,Delhi,28.6139,77.209,False,13,5,8
2026-08-08 14:00:00,30.6,76.0,976.3,AWS001,Delhi,28.6139,77.209,False,14,5,8
2026-08-08 15:00:00,32.1,68.0,975.8,AWS001,Delhi,28.6139,77.209,False,15,5,8
2026-08-08 16:00:00,31.2,72.0,975.1,AWS001,Delhi,28.6139,77.209,False,16,5,8
2026-08-08 17:00:00,30.9,75.0,976.1,AWS001,Delhi,28.6139,77.209,False,17,5,8
2026-08-08 18:00:00,30.0,80.0,976.1,AWS001,Delhi,28.6139,77.209,False,18,5,8
2026-08-08 19:00:00,29.2,84.0,976.6,AWS001,Delhi,28.6139,77.209,False,19,5,8
2026-08-08 20:00:00,28.9,87.0,977.5,AWS001,Delhi,28.6139,77.209,False,20,5,8
2026-08-08 21:00:00,28.7,88.0,978.3,AWS001,Delhi,28.6139,77.209,False,21,5,8
2026-08-08 22:00:00,28.5,89.0,978.8,AWS001,Delhi,28.6139,77.209,False,22,5,8
2026-08-08 23:00:00,29.1,88.0,978.6,AWS001,Delhi,28.6139,77.209,False,23,5,8
2026-08-09 00:00:00,28.6,89.0,978.5,AWS001,Delhi,28.6139,77.209,False,0,6,8
2026-08-09 01:00:00,28.3,90.0,978.2,AWS001,Delhi,28.6139,77.209,False,1,6,8
2026-08-09 02:00:00,28.2,88.0,978.1,AWS001,Delhi,28.6139,77.209,False,2,6,8
2026-08-09 03:00:00,26.7,95.0,978.2,AWS001,Delhi,28.6139,77.209,False,3,6,8
2026-08-09 04:00:00,26.2,94.0,978.2,AWS001,Delhi,28.6139,77.209,False,4,6,8
2026-08-09 05:00:00,25.1,99.0,978.3,AWS001,Delhi,28.6139,77.209,False,5,6,8
2026-08-09 06:00:00,25.7,96.0,978.5,AWS001,Delhi,28.6139,77.209,False,6,6,8
2026-08-09 07:00:00,27.0,94.0,979.0,AWS001,Delhi,28.6139,77.209,False,7,6,8
2026-08-09 08:00:00,28.9,88.0,979.3,AWS001,Delhi,28.6139,77.209,False,8,6,8
2026-08-09 09:00:00,30.5,79.0,979.5,AWS001,Delhi,28.6139,77.209,False,9,6,8
2026-08-09 10:00:00,31.4,75.0,979.7,AWS001,Delhi,28.6139,77.209,False,10,6,8
2026-08-09 11:00:00,31.2,73.0,979.1,AWS001,Delhi,28.6139,77.209,False,11,6,8
2026-08-09 12:00:00,32.5,67.0,978.7,AWS001,Delhi,28.6139,77.209,False,12,6,8
2026-08-09 13:00:00,33.2,64.0,978.0,AWS001,Delhi,28.6139,77.209,False,13,6,8
2026-08-09 14:00:00,33.7,63.0,977.1,AWS001,Delhi,28.6139,77.209,False,14,6,8
2026-08-09 15:00:00,33.8,62.0,976.4,AWS001,Delhi,28.6139,77.209,False,15,6,8
2026-08-09 16:00:00,33.6,62.0,975.8,AWS001,Delhi,28.6139,77.209,False,16,6,8
2026-08-09 17:00:00,32.9,65.0,975.7,AWS001,Delhi,28.6139,77.209,False,17,6,8
2026-08-09 18:00:00,31.5,76.0,976.1,AWS001,Delhi,28.6139,77.209,False,18,6,8
2026-08-09 19:00:00,30.6,81.0,976.8,AWS001,Delhi,28.6139,77.209,False,19,6,8
2026-08-09 20:00:00,30.1,83.0,977.1,AWS001,Delhi,28.6139,77.209,False,20,6,8
2026-08-09 21:00:00,29.8,84.0,978.1,AWS001,Delhi,28.6139,77.209,False,21,6,8
2026-08-09 22:00:00,29.5,83.0,978.3,AWS001,Delhi,28.6139,77.209,False,22,6,8
2026-08-09 23:00:00,29.9,83.0,977.9,AWS001,Delhi,28.6139,77.209,False,23,6,8
2026-08-10 00:00:00,28.8,86.0,977.6,AWS001,Delhi,28.6139,77.209,False,0,0,8
2026-08-10 01:00:00,27.4,89.0,977.5,AWS001,Delhi,28.6139,77.209,False,1,0,8
2026-08-10 02:00:00,26.5,94.0,977.0,AWS001,Delhi,28.6139,77.209,False,2,0,8
2026-08-10 03:00:00,26.8,94.0,976.6,AWS001,Delhi,28.6139,77.209,False,3,0,8
2026-08-10 04:00:00,27.1,94.0,977.1,AWS001,Delhi,28.6139,77.209,False,4,0,8
2026-08-10 05:00:00,27.7,90.0,976.9,AWS001,Delhi,28.6139,77.209,False,5,0,8
2026-08-10 06:00:00,26.8,92.0,977.7,AWS001,Delhi,28.6139,77.209,False,6,0,8
2026-08-10 07:00:00,27.1,92.0,977.8,AWS001,Delhi,28.6139,77.209,False,7,0,8
2026-08-10 08:00:00,28.2,87.0,978.1,AWS001,Delhi,28.6139,77.209,False,8,0,8
2026-08-10 09:00:00,29.6,82.0,978.3,AWS001,Delhi,28.6139,77.209,False,9,0,8
2026-08-10 10:00:00,30.9,77.0,978.4,AWS001,Delhi,28.6139,77.209,False,10,0,8
2026-08-10 11:00:00,32.9,66.0,978.0,AWS001,Delhi,28.6139,77.209,False,11,0,8
2026-08-10 12:00:00,33.2,64.0,977.6,AWS001,Delhi,28.6139,77.209,False,12,0,8
2026-08-10 13:00:00,31.9,70.0,977.3,AWS001,Delhi,28.6139,77.209,False,13,0,8
2026-08-10 14:00:00,27.7,93.0,976.8,AWS001,Delhi,28.6139,77.209,False,14,0,8
2026-08-10 15:00:00,28.8,86.0,976.5,AWS001,Delhi,28.6139,77.209,False,15,0,8
2026-08-10 16:00:00,28.9,86.0,975.7,AWS001,Delhi,28.6139,77.209,False,16,0,8
2026-08-10 17:00:00,29.4,88.0,976.0,AWS001,Delhi,28.6139,77.209,False,17,0,8
2026-08-10 18:00:00,29.2,89.0,976.3,AWS001,Delhi,28.6139,77.209,False,18,0,8
2026-08-10 19:00:00,28.7,90.0,976.6,AWS001,Delhi,28.6139,77.209,False,19,0,8
2026-08-10 20:00:00,28.5,91.0,977.6,AWS001,Delhi,28.6139,77.209,False,20,0,8
2026-08-10 21:00:00,28.3,92.0,978.1,AWS001,Delhi,28.6139,77.209,False,21,0,8
2026-08-10 22:00:00,28.1,93.0,977.9,AWS001,Delhi,28.6139,77.209,False,22,0,8
2026-08-10 23:00:00,27.8,98.0,977.0,AWS001,Delhi,28.6139,77.209,False,23,0,8
2026-08-11 00:00:00,27.7,94.0,976.9,AWS001,Delhi,28.6139,77.209,False,0,1,8
2026-08-11 01:00:00,27.3,96.0,976.9,AWS001,Delhi,28.6139,77.209,False,1,1,8
2026-08-11 02:00:00,27.2,96.0,976.9,AWS001,Delhi,28.6139,77.209,False,2,1,8
2026-08-11 03:00:00,27.1,96.0,976.6,AWS001,Delhi,28.6139,77.209,False,3,1,8
2026-08-11 04:00:00,27.0,91.0,977.0,AWS001,Delhi,28.6139,77.209,False,4,1,8
2026-08-11 05:00:00,26.7,95.0,977.2,AWS001,Delhi,28.6139,77.209,False,5,1,8
2026-08-11 06:00:00,26.8,95.0,977.4,AWS001,Delhi,28.6139,77.209,False,6,1,8
2026-08-11 07:00:00,27.6,89.0,978.1,AWS001,Delhi,28.6139,77.209,False,7,1,8
2026-08-11 08:00:00,28.6,85.0,978.5,AWS001,Delhi,28.6139,77.209,False,8,1,8
2026-08-11 09:00:00,29.5,82.0,978.7,AWS001,Delhi,28.6139,77.209,False,9,1,8
2026-08-11 10:00:00,30.2,81.0,979.0,AWS001,Delhi,28.6139,77.209,False,10,1,8
2026-08-11 11:00:00,30.4,81.0,978.8,AWS001,Delhi,28.6139,77.209,False,11,1,8
2026-08-11 12:00:00,28.6,88.0,978.4,AWS001,Delhi,28.6139,77.209,False,12,1,8
2026-08-11 13:00:00,27.9,92.0,978.0,AWS001,Delhi,28.6139,77.209,False,13,1,8
2026-08-11 14:00:00,28.5,91.0,977.2,AWS001,Delhi,28.6139,77.209,False,14,1,8
2026-08-11 15:00:00,29.9,83.0,976.0,AWS001,Delhi,28.6139,77.209,False,15,1,8
2026-08-11 16:00:00,30.4,79.0,975.8,AWS001,Delhi,28.6139,77.209,False,16,1,8
2026-08-11 17:00:00,30.1,79.0,976.2,AWS001,Delhi,28.6139,77.209,False,17,1,8
2026-08-11 18:00:00,29.8,82.0,976.1,AWS001,Delhi,28.6139,77.209,False,18,1,8
2026-08-11 19:00:00,29.1,88.0,976.6,AWS001,Delhi,28.6139,77.209,False,19,1,8
2026-08-11 20:00:00,28.8,90.0,977.5,AWS001,Delhi,28.6139,77.209,False,20,1,8
2026-08-11 21:00:00,28.5,92.0,978.4,AWS001,Delhi,28.6139,77.209,False,21,1,8
2026-08-11 22:00:00,28.1,94.0,978.5,AWS001,Delhi,28.6139,77.209,False,22,1,8
2026-08-11 23:00:00,28.4,90.0,978.1,AWS001,Delhi,28.6139,77.209,False,23,1,8
2026-08-12 00:00:00,28.1,92.0,977.9,AWS001,Delhi,28.6139,77.209,False,0,2,8
2026-08-12 01:00:00,28.1,92.0,977.9,AWS001,Delhi,28.6139,77.209,False,1,2,8
2026-08-12 02:00:00,27.7,94.0,977.9,AWS001,Delhi,28.6139,77.209,False,2,2,8
2026-08-12 03:00:00,27.4,93.0,978.0,AWS001,Delhi,28.6139,77.209,False,3,2,8
2026-08-12 04:00:00,27.2,94.0,978.1,AWS001,Delhi,28.6139,77.209,False,4,2,8
2026-08-12 05:00:00,27.5,97.0,977.9,AWS001,Delhi,28.6139,77.209,False,5,2,8
2026-08-12 06:00:00,27.6,95.0,978.2,AWS001,Delhi,28.6139,77.209,False,6,2,8
2026-08-12 07:00:00,28.6,92.0,978.5,AWS001,Delhi,28.6139,77.209,False,7,2,8
2026-08-12 08:00:00,29.9,83.0,978.9,AWS001,Delhi,28.6139,77.209,False,8,2,8
2026-08-12 09:00:00,31.0,75.0,979.1,AWS001,Delhi,28.6139,77.209,False,9,2,8
2026-08-12 10:00:00,31.8,71.0,979.1,AWS001,Delhi,28.6139,77.209,False,10,2,8
2026-08-12 11:00:00,32.9,65.0,978.8,AWS001,Delhi,28.6139,77.209,False,11,2,8
2026-08-12 12:00:00,33.4,64.0,978.3,AWS001,Delhi,28.6139,77.209,False,12,2,8
2026-08-12 13:00:00,33.9,62.0,977.4,AWS001,Delhi,28.6139,77.209,False,13,2,8
2026-08-12 14:00:00,34.2,61.0,976.8,AWS001,Delhi,28.6139,77.209,False,14,2,8
2026-08-12 15:00:00,34.4,60.0,976.6,AWS001,Delhi,28.6139,77.209,False,15,2,8
2026-08-12 16:00:00,34.2,61.0,975.9,AWS001,Delhi,28.6139,77.209,False,16,2,8
2026-08-12 17:00:00,33.5,67.0,976.2,AWS001,Delhi,28.6139,77.209,False,17,2,8
2026-08-12 18:00:00,29.6,88.0,977.2,AWS001,Delhi,28.6139,77.209,False,18,2,8
2026-08-12 19:00:00,28.4,93.0,978.2,AWS001,Delhi,28.6139,77.209,False,19,2,8
2026-08-12 20:00:00,27.9,92.0,978.4,AWS001,Delhi,28.6139,77.209,False,20,2,8
2026-08-12 21:00:00,28.0,93.0,979.4,AWS001,Delhi,28.6139,77.209,False,21,2,8
2026-08-12 22:00:00,27.9,94.0,979.8,AWS001,Delhi,28.6139,77.209,False,22,2,8
2026-08-12 23:00:00,29.5,87.0,979.6,AWS001,Delhi,28.6139,77.209,False,23,2,8
2026-08-13 00:00:00,28.9,89.0,979.8,AWS001,Delhi,28.6139,77.209,False,0,3,8
2026-08-13 01:00:00,28.7,89.0,979.0,AWS001,Delhi,28.6139,77.209,False,1,3,8
2026-08-13 02:00:00,28.4,89.0,978.4,AWS001,Delhi,28.6139,77.209,False,2,3,8
2026-08-13 03:00:00,28.1,91.0,978.5,AWS001,Delhi,28.6139,77.209,False,3,3,8
2026-08-13 04:00:00,27.7,94.0,978.2,AWS001,Delhi,28.6139,77.209,False,4,3,8
2026-08-13 05:00:00,26.7,97.0,978.2,AWS001,Delhi,28.6139,77.209,False,5,3,8
2026-08-13 06:00:00,26.4,98.0,978.7,AWS001,Delhi,28.6139,77.209,False,6,3,8
2026-08-13 07:00:00,27.8,95.0,978.7,AWS001,Delhi,28.6139,77.209,False,7,3,8
2026-08-13 08:00:00,29.9,83.0,978.6,AWS001,Delhi,28.6139,77.209,False,8,3,8
2026-08-13 09:00:00,31.6,76.0,978.8,AWS001,Delhi,28.6139,77.209,False,9,3,8
2026-08-13 10:00:00,32.7,70.0,979.1,AWS001,Delhi,28.6139,77.209,False,10,3,8
2026-08-13 11:00:00,33.2,66.0,979.1,AWS001,Delhi,28.6139,77.209,False,11,3,8
2026-08-13 12:00:00,33.6,65.0,978.6,AWS001,Delhi,28.6139,77.209,False,12,3,8
2026-08-13 13:00:00,31.5,73.0,978.0,AWS001,Delhi,28.6139,77.209,False,13,3,8
2026-08-13 14:00:00,32.6,71.0,977.3,AWS001,Delhi,28.6139,77.209,False,14,3,8
2026-08-13 15:00:00,33.3,67.0,976.6,AWS001,Delhi,28.6139,77.209,False,15,3,8
2026-08-13 16:00:00,33.2,67.0,975.9,AWS001,Delhi,28.6139,77.209,False,16,3,8
2026-08-13 17:00:00,30.9,86.0,976.3,AWS001,Delhi,28.6139,77.209,False,17,3,8
2026-08-13 18:00:00,30.8,84.0,976.6,AWS001,Delhi,28.6139,77.209,False,18,3,8
2026-08-13 19:00:00,30.2,88.0,977.1,AWS001,Delhi,28.6139,77.209,False,19,3,8
2026-08-13 20:00:00,30.0,90.0,977.8,AWS001,Delhi,28.6139,77.209,False,20,3,8
2026-08-13 21:00:00,30.1,88.0,978.4,AWS001,Delhi,28.6139,77.209,False,21,3,8
2026-08-13 22:00:00,29.9,86.0,978.4,AWS001,Delhi,28.6139,77.209,False,22,3,8
2026-08-13 23:00:00,30.2,88.0,977.8,AWS001,Delhi,28.6139,77.209,False,23,3,8
2026-08-14 00:00:00,29.7,89.0,977.5,AWS001,Delhi,28.6139,77.209,False,0,4,8
2026-08-14 01:00:00,29.3,89.0,977.2,AWS001,Delhi,28.6139,77.209,False,1,4,8
2026-08-14 02:00:00,28.9,90.0,977.1,AWS001,Delhi,28.6139,77.209,False,2,4,8
2026-08-14 03:00:00,28.7,90.0,976.8,AWS001,Delhi,28.6139,77.209,False,3,4,8
2026-08-14 04:00:00,28.4,91.0,977.0,AWS001,Delhi,28.6139,77.209,False,4,4,8
2026-08-14 05:00:00,27.1,97.0,977.0,AWS001,Delhi,28.6139,77.209,False,5,4,8
2026-08-14 06:00:00,27.0,97.0,977.9,AWS001,Delhi,28.6139,77.209,False,6,4,8
2026-08-14 07:00:00,27.6,94.0,978.6,AWS001,Delhi,28.6139,77.209,False,7,4,8
2026-08-14 08:00:00,28.4,90.0,979.3,AWS001,Delhi,28.6139,77.209,False,8,4,8
2026-08-14 09:00:00,28.7,88.0,979.2,AWS001,Delhi,28.6139,77.209,False,9,4,8
2026-08-14 10:00:00,30.0,80.0,979.2,AWS001,Delhi,28.6139,77.209,False,10,4,8
2026-08-14 11:00:00,30.2,80.0,979.8,AWS001,Delhi,28.6139,77.209,False,11,4,8
2026-08-14 12:00:00,30.6,81.0,980.1,AWS001,Delhi,28.6139,77.209,False,12,4,8
2026-08-14 13:00:00,30.9,80.0,979.3,AWS001,Delhi,28.6139,77.209,False,13,4,8
2026-08-14 14:00:00,30.3,81.0,979.1,AWS001,Delhi,28.6139,77.209,False,14,4,8
2026-08-14 15:00:00,27.6,92.0,978.8,AWS001,Delhi,28.6139,77.209,False,15,4,8
2026-08-14 16:00:00,28.0,91.0,977.7,AWS001,Delhi,28.6139,77.209,False,16,4,8
2026-08-14 17:00:00,30.1,79.0,977.5,AWS001,Delhi,28.6139,77.209,False,17,4,8
2026-08-14 18:00:00,29.5,82.0,977.7,AWS001,Delhi,28.6139,77.209,False,18,4,8
2026-08-14 19:00:00,28.8,87.0,978.2,AWS001,Delhi,28.6139,77.209,False,19,4,8
2026-08-14 20:00:00,28.4,89.0,978.6,AWS001,Delhi,28.6139,77.209,False,20,4,8
2026-08-14 21:00:00,28.0,91.0,979.4,AWS001,Delhi,28.6139,77.209,False,21,4,8
2026-08-14 22:00:00,27.8,92.0,979.3,AWS001,Delhi,28.6139,77.209,False,22,4,8
2026-08-14 23:00:00,28.0,89.0,978.8,AWS001,Delhi,28.6139,77.209,False,23,4,8
2026-08-15 00:00:00,27.7,92.0,978.8,AWS001,Delhi,28.6139,77.209,False,0,5,8
2026-08-15 01:00:00,27.4,93.0,978.7,AWS001,Delhi,28.6139,77.209,False,1,5,8
2026-08-15 02:00:00,27.2,95.0,978.7,AWS001,Delhi,28.6139,77.209,False,2,5,8
2026-08-15 03:00:00,27.1,95.0,978.3,AWS001,Delhi,28.6139,77.209,False,3,5,8
2026-08-15 04:00:00,27.0,95.0,978.6,AWS001,Delhi,28.6139,77.209,False,4,5,8
2026-08-15 05:00:00,26.5,97.0,978.9,AWS001,Delhi,28.6139,77.209,False,5,5,8
2026-08-15 06:00:00,26.6,97.0,979.3,AWS001,Delhi,28.6139,77.209,False,6,5,8
2026-08-15 07:00:00,26.8,98.0,979.6,AWS001,Delhi,28.6139,77.209,False,7,5,8
2026-08-15 08:00:00,27.5,95.0,980.1,AWS001,Delhi,28.6139,77.209,False,8,5,8
2026-08-15 09:00:00,28.3,90.0,980.3,AWS001,Delhi,28.6139,77.209,False,9,5,8
2026-08-15 10:00:00,29.7,84.0,980.3,AWS001,Delhi,28.6139,77.209,False,10,5,8
2026-08-15 11:00:00,31.8,73.0,980.1,AWS001,Delhi,28.6139,77.209,False,11,5,8
2026-08-15 12:00:00,31.9,74.0,979.2,AWS001,Delhi,28.6139,77.209,False,12,5,8
2026-08-15 13:00:00,31.1,81.0,978.8,AWS001,Delhi,28.6139,77.209,False,13,5,8
2026-08-15 14:00:00,32.2,73.0,977.9,AWS001,Delhi,28.6139,77.209,False,14,5,8
2026-08-15 15:00:00,32.5,68.0,976.9,AWS001,Delhi,28.6139,77.209,False,15,5,8
2026-08-15 16:00:00,32.4,67.0,976.3,AWS001,Delhi,28.6139,77.209,False,16,5,8
2026-08-15 17:00:00,31.6,74.0,976.2,AWS001,Delhi,28.6139,77.209,False,17,5,8
2026-08-15 18:00:00,31.2,79.0,976.4,AWS001,Delhi,28.6139,77.209,False,18,5,8
2026-08-15 19:00:00,30.5,84.0,976.9,AWS001,Delhi,28.6139,77.209,False,19,5,8
2026-08-15 20:00:00,30.0,87.0,977.6,AWS001,Delhi,28.6139,77.209,False,20,5,8
2026-08-15 21:00:00,29.7,87.0,978.0,AWS001,Delhi,28.6139,77.209,False,21,5,8
2026-08-15 22:00:00,29.2,88.0,978.2,AWS001,Delhi,28.6139,77.209,False,22,5,8
2026-08-15 23:00:00,29.0,86.0,977.8,AWS001,Delhi,28.6139,77.209,False,23,5,8
2026-08-16 00:00:00,28.7,89.0,977.7,AWS001,Delhi,28.6139,77.209,False,0,6,8
2026-08-16 01:00:00,28.6,89.0,977.2,AWS001,Delhi,28.6139,77.209,False,1,6,8
2026-08-16 02:00:00,28.4,88.0,976.8,AWS001,Delhi,28.6139,77.209,False,2,6,8
2026-08-16 03:00:00,26.2,94.0,976.6,AWS001,Delhi,28.6139,77.209,False,3,6,8
2026-08-16 04:00:00,26.4,95.0,976.5,AWS001,Delhi,28.6139,77.209,False,4,6,8
2026-08-16 05:00:00,27.9,87.0,976.3,AWS001,Delhi,28.6139,77.209,False,5,6,8
2026-08-16 06:00:00,27.9,85.0,977.1,AWS001,Delhi,28.6139,77.209,False,6,6,8
2026-08-16 07:00:00,28.3,84.0,977.5,AWS001,Delhi,28.6139,77.209,False,7,6,8
2026-08-16 08:00:00,29.4,79.0,977.8,AWS001,Delhi,28.6139,77.209,False,8,6,8
2026-08-16 09:00:00,30.5,74.0,977.9,AWS001,Delhi,28.6139,77.209,False,9,6,8
2026-08-16 10:00:00,31.9,69.0,977.9,AWS001,Delhi,28.6139,77.209,False,10,6,8
2026-08-16 11:00:00,32.8,64.0,977.8,AWS001,Delhi,28.6139,77.209,False,11,6,8
2026-08-16 12:00:00,33.1,64.0,977.3,AWS001,Delhi,28.6139,77.209,False,12,6,8
2026-08-16 13:00:00,33.3,64.0,977.2,AWS001,Delhi,28.6139,77.209,False,13,6,8
2026-08-16 14:00:00,33.1,65.0,976.3,AWS001,Delhi,28.6139,77.209,False,14,6,8
2026-08-16 15:00:00,33.3,64.0,975.5,AWS001,Delhi,28.6139,77.209,False,15,6,8
2026-08-16 16:00:00,33.1,64.0,975.2,AWS001,Delhi,28.6139,77.209,False,16,6,8
2026-08-16 17:00:00,31.9,74.0,976.1,AWS001,Delhi,28.6139,77.209,False,17,6,8
2026-08-16 18:00:00,31.0,79.0,976.2,AWS001,Delhi,28.6139,77.209,False,18,6,8
2026-08-16 19:00:00,30.3,83.0,976.7,AWS001,Delhi,28.6139,77.209,False,19,6,8
2026-08-16 20:00:00,29.6,87.0,977.5,AWS001,Delhi,28.6139,77.209,False,20,6,8
2026-08-16 21:00:00,29.2,88.0,978.0,AWS001,Delhi,28.6139,77.209,False,21,6,8
2026-08-16 22:00:00,29.0,88.0,978.2,AWS001,Delhi,28.6139,77.209,False,22,6,8
2026-08-16 23:00:00,29.1,86.0,977.5,AWS001,Delhi,28.6139,77.209,False,23,6,8
2026-08-17 00:00:00,28.5,86.0,977.3,AWS001,Delhi,28.6139,77.209,False,0,0,8
2026-08-17 01:00:00,28.3,86.0,977.3,AWS001,Delhi,28.6139,77.209,False,1,0,8
2026-08-17 02:00:00,27.9,88.0,976.7,AWS001,Delhi,28.6139,77.209,False,2,0,8
2026-08-17 03:00:00,27.8,86.0,976.7,AWS001,Delhi,28.6139,77.209,False,3,0,8
2026-08-17 04:00:00,27.5,83.0,976.7,AWS001,Delhi,28.6139,77.209,False,4,0,8
2026-08-17 05:00:00,28.4,79.0,977.1,AWS001,Delhi,28.6139,77.209,False,5,0,8
2026-08-17 06:00:00,28.0,80.0,977.7,AWS001,Delhi,28.6139,77.209,False,6,0,8
2026-08-17 07:00:00,28.6,79.0,978.3,AWS001,Delhi,28.6139,77.209,False,7,0,8
2026-08-17 08:00:00,29.5,76.0,978.7,AWS001,Delhi,28.6139,77.209,False,8,0,8
2026-08-17 09:00:00,30.3,74.0,979.0,AWS001,Delhi,28.6139,77.209,False,9,0,8
2026-08-17 10:00:00,31.3,71.0,979.3,AWS001,Delhi,28.6139,77.209,False,10,0,8
2026-08-17 11:00:00,32.5,65.0,979.1,AWS001,Delhi,28.6139,77.209,False,11,0,8
2026-08-17 12:00:00,33.0,64.0,978.5,AWS001,Delhi,28.6139,77.209,False,12,0,8
2026-08-17 13:00:00,31.6,68.0,978.0,AWS001,Delhi,28.6139,77.209,False,13,0,8
2026-08-17 14:00:00,30.3,75.0,977.5,AWS001,Delhi,28.6139,77.209,False,14,0,8
2026-08-17 15:00:00,31.0,75.0,977.0,AWS001,Delhi,28.6139,77.209,False,15,0,8
2026-08-17 16:00:00,30.7,78.0,976.4,AWS001,Delhi,28.6139,77.209,False,16,0,8
2026-08-17 17:00:00,27.4,94.0,977.4,AWS001,Delhi,28.6139,77.209,False,17,0,8
2026-08-17 18:00:00,27.3,93.0,977.1,AWS001,Delhi,28.6139,77.209,False,18,0,8
2026-08-17 19:00:00,27.5,92.0,977.6,AWS001,Delhi,28.6139,77.209,False,19,0,8
2026-08-17 20:00:00,27.7,91.0,978.3,AWS001,Delhi,28.6139,77.209,False,20,0,8
2026-08-17 21:00:00,27.9,90.0,978.8,AWS001,Delhi,28.6139,77.209,False,21,0,8
2026-08-17 22:00:00,28.1,87.0,979.2,AWS001,Delhi,28.6139,77.209,False,22,0,8
2026-08-17 23:00:00,28.7,87.0,979.0,AWS001,Delhi,28.6139,77.209,False,23,0,8
2026-08-18 00:00:00,28.2,88.0,978.8,AWS001,Delhi,28.6139,77.209,False,0,1,8
2026-08-18 01:00:00,28.0,86.0,978.5,AWS001,Delhi,28.6139,77.209,False,1,1,8
2026-08-18 02:00:00,27.8,83.0,978.2,AWS001,Delhi,28.6139,77.209,False,2,1,8
2026-08-18 03:00:00,27.5,83.0,978.1,AWS001,Delhi,28.6139,77.209,False,3,1,8
2026-08-18 04:00:00,27.2,84.0,978.3,AWS001,Delhi,28.6139,77.209,False,4,1,8
2026-08-18 05:00:00,28.0,79.0,978.0,AWS001,Delhi,28.6139,77.209,False,5,1,8
2026-08-18 06:00:00,27.7,81.0,978.6,AWS001,Delhi,28.6139,77.209,False,6,1,8
2026-08-18 07:00:00,28.5,77.0,979.4,AWS001,Delhi,28.6139,77.209,False,7,1,8
2026-08-18 08:00:00,29.3,75.0,979.6,AWS001,Delhi,28.6139,77.209,False,8,1,8
2026-08-18 09:00:00,30.4,72.0,980.1,AWS001,Delhi,28.6139,77.209,False,9,1,8
2026-08-18 10:00:00,31.3,68.0,980.2,AWS001,Delhi,28.6139,77.209,False,10,1,8
2026-08-18 11:00:00,32.3,63.0,980.5,AWS001,Delhi,28.6139,77.209,False,11,1,8
2026-08-18 12:00:00,32.9,61.0,980.1,AWS001,Delhi,28.6139,77.209,False,12,1,8
2026-08-18 13:00:00,33.1,60.0,979.4,AWS001,Delhi,28.6139,77.209,False,13,1,8
2026-08-18 14:00:00,33.0,62.0,978.7,AWS001,Delhi,28.6139,77.209,False,14,1,8
2026-08-18 15:00:00,33.0,62.0,977.9,AWS001,Delhi,28.6139,77.209,False,15,1,8
2026-08-18 16:00:00,32.5,64.0,977.4,AWS001,Delhi,28.6139,77.209,False,16,1,8
2026-08-18 17:00:00,32.3,65.0,977.6,AWS001,Delhi,28.6139,77.209,False,17,1,8
2026-08-18 18:00:00,31.7,68.0,978.3,AWS001,Delhi,28.6139,77.209,False,18,1,8
2026-08-18 19:00:00,29.9,78.0,979.0,AWS001,Delhi,28.6139,77.209,False,19,1,8
2026-08-18 20:00:00,28.1,82.0,980.1,AWS001,Delhi,28.6139,77.209,False,20,1,8
2026-08-18 21:00:00,25.5,94.0,980.3,AWS001,Delhi,28.6139,77.209,False,21,1,8
2026-08-18 22:00:00,25.9,91.0,980.2,AWS001,Delhi,28.6139,77.209,False,22,1,8
2026-08-18 23:00:00,27.3,91.0,979.8,AWS001,Delhi,28.6139,77.209,False,23,1,8
2026-08-19 00:00:00,27.4,89.0,979.6,AWS001,Delhi,28.6139,77.209,False,0,2,8
2026-08-19 01:00:00,27.1,91.0,979.0,AWS001,Delhi,28.6139,77.209,False,1,2,8
2026-08-19 02:00:00,27.0,90.0,979.0,AWS001,Delhi,28.6139,77.209,False,2,2,8
2026-08-19 03:00:00,27.0,90.0,978.7,AWS001,Delhi,28.6139,77.209,False,3,2,8
2026-08-19 04:00:00,26.9,91.0,979.2,AWS001,Delhi,28.6139,77.209,False,4,2,8
2026-08-19 05:00:00,27.8,88.0,978.7,AWS001,Delhi,28.6139,77.209,False,5,2,8
2026-08-19 06:00:00,27.8,85.0,979.4,AWS001,Delhi,28.6139,77.209,False,6,2,8
2026-08-19 07:00:00,28.5,82.0,980.1,AWS001,Delhi,28.6139,77.209,False,7,2,8
2026-08-19 08:00:00,29.5,77.0,980.7,AWS001,Delhi,28.6139,77.209,False,8,2,8
2026-08-19 09:00:00,30.5,73.0,981.0,AWS001,Delhi,28.6139,77.209,False,9,2,8
2026-08-19 10:00:00,31.4,68.0,980.8,AWS001,Delhi,28.6139,77.209,False,10,2,8
2026-08-19 11:00:00,32.5,61.0,981.0,AWS001,Delhi,28.6139,77.209,False,11,2,8
2026-08-19 12:00:00,32.5,60.0,980.3,AWS001,Delhi,28.6139,77.209,False,12,2,8
2026-08-19 13:00:00,32.8,59.0,979.9,AWS001,Delhi,28.6139,77.209,False,13,2,8
2026-08-19 14:00:00,33.0,58.0,979.2,AWS001,Delhi,28.6139,77.209,False,14,2,8
2026-08-19 15:00:00,33.2,58.0,978.5,AWS001,Delhi,28.6139,77.209,False,15,2,8
2026-08-19 16:00:00,33.0,57.0,978.0,AWS001,Delhi,28.6139,77.209,False,16,2,8
2026-08-19 17:00:00,28.9,87.0,979.3,AWS001,Delhi,28.6139,77.209,False,17,2,8
2026-08-19 18:00:00,28.3,93.0,979.1,AWS001,Delhi,28.6139,77.209,False,18,2,8
2026-08-19 19:00:00,28.0,94.0,979.4,AWS001,Delhi,28.6139,77.209,False,19,2,8
2026-08-19 20:00:00,27.8,96.0,980.2,AWS001,Delhi,28.6139,77.209,False,20,2,8
2026-08-19 21:00:00,27.6,95.0,980.7,AWS001,Delhi,28.6139,77.209,False,21,2,8
2026-08-19 22:00:00,27.7,94.0,980.5,AWS001,Delhi,28.6139,77.209,False,22,2,8
2026-08-19 23:00:00,28.8,95.0,980.3,AWS001,Delhi,28.6139,77.209,False,23,2,8
2026-08-20 00:00:00,28.1,94.0,980.1,AWS001,Delhi,28.6139,77.209,False,0,3,8
2026-08-20 01:00:00,27.7,94.0,980.2,AWS001,Delhi,28.6139,77.209,False,1,3,8
2026-08-20 02:00:00,26.9,97.0,979.9,AWS001,Delhi,28.6139,77.209,False,2,3,8
2026-08-20 03:00:00,27.0,97.0,979.8,AWS001,Delhi,28.6139,77.209,False,3,3,8
2026-08-20 04:00:00,27.0,96.0,979.8,AWS001,Delhi,28.6139,77.209,False,4,3,8
2026-08-20 05:00:00,26.9,96.0,979.9,AWS001,Delhi,28.6139,77.209,False,5,3,8
2026-08-20 06:00:00,26.8,95.0,980.1,AWS001,Delhi,28.6139,77.209,False,6,3,8
2026-08-20 07:00:00,27.2,92.0,981.0,AWS001,Delhi,28.6139,77.209,False,7,3,8
2026-08-20 08:00:00,27.3,89.0,981.4,AWS001,Delhi,28.6139,77.209,False,8,3,8
2026-08-20 09:00:00,27.9,84.0,981.9,AWS001,Delhi,28.6139,77.209,False,9,3,8
2026-08-20 10:00:00,28.6,81.0,982.0,AWS001,Delhi,28.6139,77.209,False,10,3,8
2026-08-20 11:00:00,30.9,71.0,981.5,AWS001,Delhi,28.6139,77.209,False,11,3,8
2026-08-20 12:00:00,31.8,67.0,980.8,AWS001,Delhi,28.6139,77.209,False,12,3,8
2026-08-20 13:00:00,32.7,63.0,980.1,AWS001,Delhi,28.6139,77.209,False,13,3,8
2026-08-20 14:00:00,33.0,61.0,979.0,AWS001,Delhi,28.6139,77.209,False,14,3,8
2026-08-20 15:00:00,33.2,61.0,978.4,AWS001,Delhi,28.6139,77.209,False,15,3,8
2026-08-20 16:00:00,33.0,61.0,977.8,AWS001,Delhi,28.6139,77.209,False,16,3,8
2026-08-20 17:00:00,28.8,93.0,978.3,AWS001,Delhi,28.6139,77.209,False,17,3,8
2026-08-20 18:00:00,28.4,94.0,978.8,AWS001,Delhi,28.6139,77.209,False,18,3,8
2026-08-20 19:00:00,28.0,95.0,978.9,AWS001,Delhi,28.6139,77.209,False,19,3,8
2026-08-20 20:00:00,27.9,95.0,979.4,AWS001,Delhi,28.6139,77.209,False,20,3,8
2026-08-20 21:00:00,27.8,92.0,979.9,AWS001,Delhi,28.6139,77.209,False,21,3,8
2026-08-20 22:00:00,27.5,92.0,979.8,AWS001,Delhi,28.6139,77.209,False,22,3,8
2026-08-20 23:00:00,29.3,94.0,979.4,AWS001,Delhi,28.6139,77.209,False,23,3,8
2026-08-21 00:00:00,28.6,94.0,979.5,AWS001,Delhi,28.6139,77.209,False,0,4,8
2026-08-21 01:00:00,28.4,92.0,979.0,AWS001,Delhi,28.6139,77.209,False,1,4,8
2026-08-21 02:00:00,28.1,90.0,978.6,AWS001,Delhi,28.6139,77.209,False,2,4,8
2026-08-21 03:00:00,27.9,91.0,978.5,AWS001,Delhi,28.6139,77.209,False,3,4,8
2026-08-21 04:00:00,27.6,94.0,978.6,AWS001,Delhi,28.6139,77.209,False,4,4,8
2026-08-21 05:00:00,27.2,97.0,978.9,AWS001,Delhi,28.6139,77.209,False,5,4,8
2026-08-21 06:00:00,27.1,92.0,978.9,AWS001,Delhi,28.6139,77.209,False,6,4,8
2026-08-21 07:00:00,27.7,86.0,979.8,AWS001,Delhi,28.6139,77.209,False,7,4,8
2026-08-21 08:00:00,29.1,80.0,980.4,AWS001,Delhi,28.6139,77.209,False,8,4,8
2026-08-21 09:00:00,30.5,71.0,980.3,AWS001,Delhi,28.6139,77.209,False,9,4,8
2026-08-21 10:00:00,31.8,67.0,980.5,AWS001,Delhi,28.6139,77.209,False,10,4,8
2026-08-21 11:00:00,33.1,61.0,980.3,AWS001,Delhi,28.6139,77.209,False,11,4,8
2026-08-21 12:00:00,33.6,59.0,979.5,AWS001,Delhi,28.6139,77.209,False,12,4,8
2026-08-21 13:00:00,33.6,59.0,978.6,AWS001,Delhi,28.6139,77.209,False,13,4,8
2026-08-21 14:00:00,33.6,58.0,977.7,AWS001,Delhi,28.6139,77.209,False,14,4,8
2026-08-21 15:00:00,33.5,57.0,977.2,AWS001,Delhi,28.6139,77.209,False,15,4,8
2026-08-21 16:00:00,32.5,62.0,976.7,AWS001,Delhi,28.6139,77.209,False,16,4,8
2026-08-21 17:00:00,32.5,67.0,976.6,AWS001,Delhi,28.6139,77.209,False,17,4,8
2026-08-21 18:00:00,31.6,74.0,976.8,AWS001,Delhi,28.6139,77.209,False,18,4,8
2026-08-21 19:00:00,30.5,78.0,977.4,AWS001,Delhi,28.6139,77.209,False,19,4,8
2026-08-21 20:00:00,30.0,80.0,977.9,AWS001,Delhi,28.6139,77.209,False,20,4,8
2026-08-21 21:00:00,29.6,83.0,978.3,AWS001,Delhi,28.6139,77.209,False,21,4,8
2026-08-21 22:00:00,29.3,84.0,978.5,AWS001,Delhi,28.6139,77.209,False,22,4,8
2026-08-21 23:00:00,27.8,90.0,978.4,AWS001,Delhi,28.6139,77.209,False,23,4,8
2026-08-22 00:00:00,27.7,92.0,978.1,AWS001,Delhi,28.6139,77.209,False,0,5,8
2026-08-22 01:00:00,27.1,92.0,978.0,AWS001,Delhi,28.6139,77.209,False,1,5,8
2026-08-22 02:00:00,25.5,94.0,978.7,AWS001,Delhi,28.6139,77.209,False,2,5,8
2026-08-22 03:00:00,25.0,99.0,977.6,AWS001,Delhi,28.6139,77.209,False,3,5,8
2026-08-22 04:00:00,25.2,98.0,977.8,AWS001,Delhi,28.6139,77.209,False,4,5,8
2026-08-22 05:00:00,26.0,94.0,978.5,AWS001,Delhi,28.6139,77.209,False,5,5,8
2026-08-22 06:00:00,26.7,93.0,978.9,AWS001,Delhi,28.6139,77.209,False,6,5,8
2026-08-22 07:00:00,27.7,92.0,979.7,AWS001,Delhi,28.6139,77.209,False,7,5,8
2026-08-22 08:00:00,29.1,82.0,979.9,AWS001,Delhi,28.6139,77.209,False,8,5,8
2026-08-22 09:00:00,30.5,72.0,980.1,AWS001,Delhi,28.6139,77.209,False,9,5,8
2026-08-22 10:00:00,31.6,67.0,980.2,AWS001,Delhi,28.6139,77.209,False,10,5,8
2026-08-22 11:00:00,32.0,65.0,980.3,AWS001,Delhi,28.6139,77.209,False,11,5,8
2026-08-22 12:00:00,32.6,62.0,979.5,AWS001,Delhi,28.6139,77.209,False,12,5,8
2026-08-22 13:00:00,33.0,62.0,978.5,AWS001,Delhi,28.6139,77.209,False,13,5,8
2026-08-22 14:00:00,33.3,61.0,977.6,AWS001,Delhi,28.6139,77.209,False,14,5,8
2026-08-22 15:00:00,32.8,63.0,977.0,AWS001,Delhi,28.6139,77.209,False,15,5,8
2026-08-22 16:00:00,31.0,68.0,976.5,AWS001,Delhi,28.6139,77.209,False,16,5,8
2026-08-22 17:00:00,29.8,80.0,977.3,AWS001,Delhi,28.6139,77.209,False,17,5,8
2026-08-22 18:00:00,30.1,83.0,977.4,AWS001,Delhi,28.6139,77.209,False,18,5,8
2026-08-22 19:00:00,28.5,89.0,978.0,AWS001,Delhi,28.6139,77.209,False,19,5,8
2026-08-22 20:00:00,27.9,89.0,978.4,AWS001,Delhi,28.6139,77.209,False,20,5,8
2026-08-22 21:00:00,27.6,89.0,979.0,AWS001,Delhi,28.6139,77.209,False,21,5,8
2026-08-22 22:00:00,27.3,87.0,979.2,AWS001,Delhi,28.6139,77.209,False,22,5,8
2026-08-22 23:00:00,28.5,85.0,979.2,AWS001,Delhi,28.6139,77.209,False,23,5,8
2026-08-23 00:00:00,28.0,85.0,979.0,AWS001,Delhi,28.6139,77.209,False,0,6,8
2026-08-23 01:00:00,27.7,89.0,979.0,AWS001,Delhi,28.6139,77.209,False,1,6,8
2026-08-23 02:00:00,27.3,92.0,978.5,AWS001,Delhi,28.6139,77.209,False,2,6,8
2026-08-23 03:00:00,27.0,92.0,978.3,AWS001,Delhi,28.6139,77.209,False,3,6,8
2026-08-23 04:00:00,26.8,91.0,978.6,AWS001,Delhi,28.6139,77.209,False,4,6,8
2026-08-23 05:00:00,26.8,86.0,979.0,AWS001,Delhi,28.6139,77.209,False,5,6,8
2026-08-23 06:00:00,24.7,98.0,979.8,AWS001,Delhi,28.6139,77.209,False,6,6,8
2026-08-23 07:00:00,26.2,97.0,979.9,AWS001,Delhi,28.6139,77.209,False,7,6,8
2026-08-23 08:00:00,28.2,85.0,980.5,AWS001,Delhi,28.6139,77.209,False,8,6,8
2026-08-23 09:00:00,29.6,77.0,981.2,AWS001,Delhi,28.6139,77.209,False,9,6,8
2026-08-23 10:00:00,29.5,78.0,981.6,AWS001,Delhi,28.6139,77.209,False,10,6,8
2026-08-23 11:00:00,29.8,77.0,981.8,AWS001,Delhi,28.6139,77.209,False,11,6,8
2026-08-23 12:00:00,30.8,73.0,981.1,AWS001,Delhi,28.6139,77.209,False,12,6,8
2026-08-23 13:00:00,31.7,69.0,980.1,AWS001,Delhi,28.6139,77.209,False,13,6,8
2026-08-23 14:00:00,32.2,66.0,979.0,AWS001,Delhi,28.6139,77.209,False,14,6,8
2026-08-23 15:00:00,32.7,64.0,978.3,AWS001,Delhi,28.6139,77.209,False,15,6,8
2026-08-23 16:00:00,32.5,65.0,977.6,AWS001,Delhi,28.6139,77.209,False,16,6,8
2026-08-23 17:00:00,32.4,68.0,977.3,AWS001,Delhi,28.6139,77.209,False,17,6,8
2026-08-23 18:00:00,31.4,77.0,978.0,AWS001,Delhi,28.6139,77.209,False,18,6,8
2026-08-23 19:00:00,30.5,80.0,978.6,AWS001,Delhi,28.6139,77.209,False,19,6,8
2026-08-23 20:00:00,30.2,82.0,979.7,AWS001,Delhi,28.6139,77.209,False,20,6,8
2026-08-23 21:00:00,30.1,84.0,980.4,AWS001,Delhi,28.6139,77.209,False,21,6,8
2026-08-23 22:00:00,29.7,85.0,980.0,AWS001,Delhi,28.6139,77.209,False,22,6,8
2026-08-23 23:00:00,28.3,89.0,980.4,AWS001,Delhi,28.6139,77.209,False,23,6,8
2026-08-24 00:00:00,27.7,93.0,979.8,AWS001,Delhi,28.6139,77.209,False,0,0,8
2026-08-24 01:00:00,27.4,93.0,979.1,AWS001,Delhi,28.6139,77.209,False,1,0,8
2026-08-24 02:00:00,27.4,92.0,978.9,AWS001,Delhi,28.6139,77.209,False,2,0,8
2026-08-24 03:00:00,25.9,93.0,979.1,AWS001,Delhi,28.6139,77.209,False,3,0,8
2026-08-24 04:00:00,24.6,98.0,979.9,AWS001,Delhi,28.6139,77.209,False,4,0,8
2026-08-24 05:00:00,26.0,97.0,979.8,AWS001,Delhi,28.6139,77.209,False,5,0,8
2026-08-24 06:00:00,25.7,98.0,980.4,AWS001,Delhi,28.6139,77.209,False,6,0,8
2026-08-24 07:00:00,26.5,93.0,980.5,AWS001,Delhi,28.6139,77.209,False,7,0,8
2026-08-24 08:00:00,27.6,89.0,980.5,AWS001,Delhi,28.6139,77.209,False,8,0,8
2026-08-24 09:00:00,29.1,82.0,980.8,AWS001,Delhi,28.6139,77.209,False,9,0,8
2026-08-24 10:00:00,30.8,74.0,980.9,AWS001,Delhi,28.6139,77.209,False,10,0,8
2026-08-24 11:00:00,29.5,77.0,981.1,AWS001,Delhi,28.6139,77.209,False,11,0,8
2026-08-24 12:00:00,29.3,77.0,980.8,AWS001,Delhi,28.6139,77.209,False,12,0,8
2026-08-24 13:00:00,30.2,72.0,979.8,AWS001,Delhi,28.6139,77.209,False,13,0,8
2026-08-24 14:00:00,31.5,65.0,979.0,AWS001,Delhi,28.6139,77.209,False,14,0,8
2026-08-24 15:00:00,31.7,65.0,978.2,AWS001,Delhi,28.6139,77.209,False,15,0,8
2026-08-24 16:00:00,31.4,67.0,978.0,AWS001,Delhi,28.6139,77.209,False,16,0,8
2026-08-24 17:00:00,31.1,73.0,977.7,AWS001,Delhi,28.6139,77.209,False,17,0,8
2026-08-24 18:00:00,30.6,80.0,978.2,AWS001,Delhi,28.6139,77.209,False,18,0,8
2026-08-24 19:00:00,30.3,81.0,978.8,AWS001,Delhi,28.6139,77.209,False,19,0,8
2026-08-24 20:00:00,29.8,83.0,979.6,AWS001,Delhi,28.6139,77.209,False,20,0,8
2026-08-24 21:00:00,29.2,85.0,980.4,AWS001,Delhi,28.6139,77.209,False,21,0,8
2026-08-24 22:00:00,28.7,88.0,980.3,AWS001,Delhi,28.6139,77.209,False,22,0,8
2026-08-24 23:00:00,28.5,89.0,979.7,AWS001,Delhi,28.6139,77.209,False,23,0,8
2026-08-25 00:00:00,28.2,91.0,979.8,AWS001,Delhi,28.6139,77.209,False,0,1,8
2026-08-25 01:00:00,28.0,92.0,979.4,AWS001,Delhi,28.6139,77.209,False,1,1,8
2026-08-25 02:00:00,27.9,92.0,979.2,AWS001,Delhi,28.6139,77.209,False,2,1,8
2026-08-25 03:00:00,27.8,92.0,979.3,AWS001,Delhi,28.6139,77.209,False,3,1,8
2026-08-25 04:00:00,27.6,93.0,979.3,AWS001,Delhi,28.6139,77.209,False,4,1,8
2026-08-25 05:00:00,26.2,97.0,979.9,AWS001,Delhi,28.6139,77.209,False,5,1,8
2026-08-25 06:00:00,26.5,97.0,980.7,AWS001,Delhi,28.6139,77.209,False,6,1,8
2026-08-25 07:00:00,26.6,97.0,980.5,AWS001,Delhi,28.6139,77.209,False,7,1,8
2026-08-25 08:00:00,27.2,93.0,980.9,AWS001,Delhi,28.6139,77.209,False,8,1,8
2026-08-25 09:00:00,28.5,88.0,981.2,AWS001,Delhi,28.6139,77.209,False,9,1,8
2026-08-25 10:00:00,29.6,82.0,981.5,AWS001,Delhi,28.6139,77.209,False,10,1,8
2026-08-25 11:00:00,30.9,70.0,981.4,AWS001,Delhi,28.6139,77.209,False,11,1,8
2026-08-25 12:00:00,31.3,67.0,981.0,AWS001,Delhi,28.6139,77.209,False,12,1,8
2026-08-25 13:00:00,32.2,63.0,980.3,AWS001,Delhi,28.6139,77.209,False,13,1,8
2026-08-25 14:00:00,32.3,63.0,979.4,AWS001,Delhi,28.6139,77.209,False,14,1,8
2026-08-25 15:00:00,32.6,62.0,978.8,AWS001,Delhi,28.6139,77.209,False,15,1,8
2026-08-25 16:00:00,32.4,63.0,978.5,AWS001,Delhi,28.6139,77.209,False,16,1,8
2026-08-25 17:00:00,29.0,89.0,979.1,AWS001,Delhi,28.6139,77.209,False,17,1,8
2026-08-25 18:00:00,28.9,89.0,979.4,AWS001,Delhi,28.6139,77.209,False,18,1,8
2026-08-25 19:00:00,28.4,94.0,979.3,AWS001,Delhi,28.6139,77.209,False,19,1,8
2026-08-25 20:00:00,28.3,93.0,980.1,AWS001,Delhi,28.6139,77.209,False,20,1,8
2026-08-25 21:00:00,27.9,94.0,980.5,AWS001,Delhi,28.6139,77.209,False,21,1,8
2026-08-25 22:00:00,27.6,92.0,980.3,AWS001,Delhi,28.6139,77.209,False,22,1,8
2026-08-25 23:00:00,27.9,91.0,980.3,AWS001,Delhi,28.6139,77.209,False,23,1,8
2026-08-26 00:00:00,27.5,92.0,980.0,AWS001,Delhi,28.6139,77.209,False,0,2,8
2026-08-26 01:00:00,27.2,93.0,979.6,AWS001,Delhi,28.6139,77.209,False,1,2,8
2026-08-26 02:00:00,27.1,94.0,979.4,AWS001,Delhi,28.6139,77.209,False,2,2,8
2026-08-26 03:00:00,27.0,94.0,979.0,AWS001,Delhi,28.6139,77.209,False,3,2,8
2026-08-26 04:00:00,26.9,94.0,979.1,AWS001,Delhi,28.6139,77.209,False,4,2,8
2026-08-26 05:00:00,27.4,96.0,979.2,AWS001,Delhi,28.6139,77.209,False,5,2,8
2026-08-26 06:00:00,26.5,94.0,979.8,AWS001,Delhi,28.6139,77.209,False,6,2,8
2026-08-26 07:00:00,26.1,98.0,980.3,AWS001,Delhi,28.6139,77.209,False,7,2,8
2026-08-26 08:00:00,26.6,96.0,980.5,AWS001,Delhi,28.6139,77.209,False,8,2,8
2026-08-26 09:00:00,28.4,89.0,981.2,AWS001,Delhi,28.6139,77.209,False,9,2,8
2026-08-26 10:00:00,29.5,84.0,981.5,AWS001,Delhi,28.6139,77.209,False,10,2,8
2026-08-26 11:00:00,29.5,82.0,980.8,AWS001,Delhi,28.6139,77.209,False,11,2,8
2026-08-26 12:00:00,30.5,80.0,980.2,AWS001,Delhi,28.6139,77.209,False,12,2,8
2026-08-26 13:00:00,31.2,78.0,979.5,AWS001,Delhi,28.6139,77.209,False,13,2,8
2026-08-26 14:00:00,32.1,71.0,978.3,AWS001,Delhi,28.6139,77.209,False,14,2,8
2026-08-26 15:00:00,32.3,66.0,977.7,AWS001,Delhi,28.6139,77.209,False,15,2,8
2026-08-26 16:00:00,31.8,69.0,977.0,AWS001,Delhi,28.6139,77.209,False,16,2,8
2026-08-26 17:00:00,28.7,92.0,977.9,AWS001,Delhi,28.6139,77.209,False,17,2,8
2026-08-26 18:00:00,28.8,91.0,977.8,AWS001,Delhi,28.6139,77.209,False,18,2,8
2026-08-26 19:00:00,28.4,93.0,977.9,AWS001,Delhi,28.6139,77.209,False,19,2,8
2026-08-26 20:00:00,28.2,93.0,978.2,AWS001,Delhi,28.6139,77.209,False,20,2,8
2026-08-26 21:00:00,28.0,94.0,978.6,AWS001,Delhi,28.6139,77.209,False,21,2,8
2026-08-26 22:00:00,27.8,93.0,978.9,AWS001,Delhi,28.6139,77.209,False,22,2,8
2026-08-26 23:00:00,28.9,92.0,978.8,AWS001,Delhi,28.6139,77.209,False,23,2,8
2026-08-27 00:00:00,28.4,92.0,978.4,AWS001,Delhi,28.6139,77.209,False,0,3,8
2026-08-27 01:00:00,28.1,92.0,978.0,AWS001,Delhi,28.6139,77.209,False,1,3,8
2026-08-27 02:00:00,27.9,92.0,977.8,AWS001,Delhi,28.6139,77.209,False,2,3,8
2026-08-27 03:00:00,27.6,92.0,977.7,AWS001,Delhi,28.6139,77.209,False,3,3,8
2026-08-27 04:00:00,27.4,91.0,977.5,AWS001,Delhi,28.6139,77.209,False,4,3,8
2026-08-27 05:00:00,28.3,90.0,977.4,AWS001,Delhi,28.6139,77.209,False,5,3,8
2026-08-27 06:00:00,28.1,90.0,977.9,AWS001,Delhi,28.6139,77.209,False,6,3,8
2026-08-27 07:00:00,29.0,88.0,978.3,AWS001,Delhi,28.6139,77.209,False,7,3,8
2026-08-27 08:00:00,30.0,83.0,978.7,AWS001,Delhi,28.6139,77.209,False,8,3,8
2026-08-27 09:00:00,30.6,81.0,979.3,AWS001,Delhi,28.6139,77.209,False,9,3,8
2026-08-27 10:00:00,31.9,76.0,979.4,AWS001,Delhi,28.6139,77.209,False,10,3,8
2026-08-27 11:00:00,33.8,52.0,979.1,AWS001,Delhi,28.6139,77.209,False,11,3,8
2026-08-27 12:00:00,34.4,50.0,978.7,AWS001,Delhi,28.6139,77.209,False,12,3,8
2026-08-27 13:00:00,32.3,61.0,978.0,AWS001,Delhi,28.6139,77.209,False,13,3,8
2026-08-27 14:00:00,31.8,70.0,977.4,AWS001,Delhi,28.6139,77.209,False,14,3,8
2026-08-27 15:00:00,31.8,71.0,976.9,AWS001,Delhi,28.6139,77.209,False,15,3,8
2026-08-27 16:00:00,32.3,71.0,976.3,AWS001,Delhi,28.6139,77.209,False,16,3,8
2026-08-27 17:00:00,30.4,77.0,976.3,AWS001,Delhi,28.6139,77.209,False,17,3,8
2026-08-27 18:00:00,30.0,80.0,976.6,AWS001,Delhi,28.6139,77.209,False,18,3,8
2026-08-27 19:00:00,29.4,85.0,976.9,AWS001,Delhi,28.6139,77.209,False,19,3,8
2026-08-27 20:00:00,29.1,87.0,977.5,AWS001,Delhi,28.6139,77.209,False,20,3,8
2026-08-27 21:00:00,28.9,85.0,978.2,AWS001,Delhi,28.6139,77.209,False,21,3,8
2026-08-27 22:00:00,28.8,84.0,978.4,AWS001,Delhi,28.6139,77.209,False,22,3,8
2026-08-27 23:00:00,29.1,86.0,978.0,AWS001,Delhi,28.6139,77.209,False,23,3,8
2026-08-28 00:00:00,28.4,88.0,977.8,AWS001,Delhi,28.6139,77.209,False,0,4,8
2026-08-28 01:00:00,28.0,89.0,977.7,AWS001,Delhi,28.6139,77.209,False,1,4,8
2026-08-28 02:00:00,27.8,89.0,977.3,AWS001,Delhi,28.6139,77.209,False,2,4,8
2026-08-28 03:00:00,27.9,86.0,977.0,AWS001,Delhi,28.6139,77.209,False,3,4,8
2026-08-28 04:00:00,28.3,77.0,977.0,AWS001,Delhi,28.6139,77.209,False,4,4,8
2026-08-28 05:00:00,26.2,94.0,977.5,AWS001,Delhi,28.6139,77.209,False,5,4,8
2026-08-28 06:00:00,27.0,89.0,978.1,AWS001,Delhi,28.6139,77.209,False,6,4,8
2026-08-28 07:00:00,28.1,88.0,978.7,AWS001,Delhi,28.6139,77.209,False,7,4,8
2026-08-28 08:00:00,29.5,80.0,979.0,AWS001,Delhi,28.6139,77.209,False,8,4,8
2026-08-28 09:00:00,30.8,70.0,979.2,AWS001,Delhi,28.6139,77.209,False,9,4,8
2026-08-28 10:00:00,31.9,65.0,979.5,AWS001,Delhi,28.6139,77.209,False,10,4,8
2026-08-28 11:00:00,32.6,60.0,979.4,AWS001,Delhi,28.6139,77.209,False,11,4,8
2026-08-28 12:00:00,33.4,57.0,978.8,AWS001,Delhi,28.6139,77.209,False,12,4,8
2026-08-28 13:00:00,33.9,54.0,977.9,AWS001,Delhi,28.6139,77.209,False,13,4,8
2026-08-28 14:00:00,34.2,52.0,977.2,AWS001,Delhi,28.6139,77.209,False,14,4,8
2026-08-28 15:00:00,34.1,52.0,976.4,AWS001,Delhi,28.6139,77.209,False,15,4,8
2026-08-28 16:00:00,33.8,54.0,975.9,AWS001,Delhi,28.6139,77.209,False,16,4,8
2026-08-28 17:00:00,33.5,58.0,975.9,AWS001,Delhi,28.6139,77.209,False,17,4,8
2026-08-28 18:00:00,31.9,67.0,976.3,AWS001,Delhi,28.6139,77.209,False,18,4,8
2026-08-28 19:00:00,31.2,71.0,976.4,AWS001,Delhi,28.6139,77.209,False,19,4,8
2026-08-28 20:00:00,30.6,73.0,977.2,AWS001,Delhi,28.6139,77.209,False,20,4,8
2026-08-28 21:00:00,29.8,77.0,978.0,AWS001,Delhi,28.6139,77.209,False,21,4,8
2026-08-28 22:00:00,29.3,78.0,978.1,AWS001,Delhi,28.6139,77.209,False,22,4,8
2026-08-28 23:00:00,29.4,79.0,977.9,AWS001,Delhi,28.6139,77.209,False,23,4,8
2026-08-29 00:00:00,28.7,79.0,977.6,AWS001,Delhi,28.6139,77.209,False,0,5,8
2026-08-29 01:00:00,28.4,80.0,977.4,AWS001,Delhi,28.6139,77.209,False,1,5,8
2026-08-29 02:00:00,28.2,79.0,977.3,AWS001,Delhi,28.6139,77.209,False,2,5,8
2026-08-29 03:00:00,27.9,79.0,977.0,AWS001,Delhi,28.6139,77.209,False,3,5,8
2026-08-29 04:00:00,27.8,79.0,977.3,AWS001,Delhi,28.6139,77.209,False,4,5,8
2026-08-29 05:00:00,28.2,78.0,977.4,AWS001,Delhi,28.6139,77.209,False,5,5,8
2026-08-29 06:00:00,27.9,78.0,978.0,AWS001,Delhi,28.6139,77.209,False,6,5,8
2026-08-29 07:00:00,28.5,75.0,978.3,AWS001,Delhi,28.6139,77.209,False,7,5,8
2026-08-29 08:00:00,29.5,71.0,978.6,AWS001,Delhi,28.6139,77.209,False,8,5,8
2026-08-29 09:00:00,30.6,67.0,979.0,AWS001,Delhi,28.6139,77.209,False,9,5,8
2026-08-29 10:00:00,31.8,63.0,979.2,AWS001,Delhi,28.6139,77.209,False,10,5,8
2026-08-29 11:00:00,33.3,57.0,979.2,AWS001,Delhi,28.6139,77.209,False,11,5,8
2026-08-29 12:00:00,34.1,55.0,978.5,AWS001,Delhi,28.6139,77.209,False,12,5,8
2026-08-29 13:00:00,34.7,52.0,977.9,AWS001,Delhi,28.6139,77.209,False,13,5,8
2026-08-29 14:00:00,34.9,50.0,976.7,AWS001,Delhi,28.6139,77.209,False,14,5,8
2026-08-29 15:00:00,34.8,50.0,976.0,AWS001,Delhi,28.6139,77.209,False,15,5,8
2026-08-29 16:00:00,34.5,51.0,975.7,AWS001,Delhi,28.6139,77.209,False,16,5,8
2026-08-29 17:00:00,33.8,54.0,975.8,AWS001,Delhi,28.6139,77.209,False,17,5,8
2026-08-29 18:00:00,32.5,65.0,975.8,AWS001,Delhi,28.6139,77.209,False,18,5,8
2026-08-29 19:00:00,31.9,70.0,976.3,AWS001,Delhi,28.6139,77.209,False,19,5,8
2026-08-29 20:00:00,31.0,74.0,976.9,AWS001,Delhi,28.6139,77.209,False,20,5,8
2026-08-29 21:00:00,30.6,74.0,977.6,AWS001,Delhi,28.6139,77.209,False,21,5,8
2026-08-29 22:00:00,30.0,75.0,977.7,AWS001,Delhi,28.6139,77.209,False,22,5,8
2026-08-29 23:00:00,30.2,74.0,977.2,AWS001,Delhi,28.6139,77.209,False,23,5,8
2026-08-30 00:00:00,29.4,77.0,977.2,AWS001,Delhi,28.6139,77.209,False,0,6,8
2026-08-30 01:00:00,29.1,77.0,976.9,AWS001,Delhi,28.6139,77.209,False,1,6,8
2026-08-30 02:00:00,28.8,76.0,976.6,AWS001,Delhi,28.6139,77.209,False,2,6,8
2026-08-30 03:00:00,28.4,74.0,976.8,AWS001,Delhi,28.6139,77.209,False,3,6,8
2026-08-30 04:00:00,27.9,75.0,976.9,AWS001,Delhi,28.6139,77.209,False,4,6,8
2026-08-30 05:00:00,28.4,72.0,977.1,AWS001,Delhi,28.6139,77.209,False,5,6,8
2026-08-30 06:00:00,28.1,73.0,977.7,AWS001,Delhi,28.6139,77.209,False,6,6,8
2026-08-30 07:00:00,28.9,71.0,978.4,AWS001,Delhi,28.6139,77.209,False,7,6,8
2026-08-30 08:00:00,29.8,68.0,978.8,AWS001,Delhi,28.6139,77.209,False,8,6,8
2026-08-30 09:00:00,30.8,65.0,979.2,AWS001,Delhi,28.6139,77.209,False,9,6,8
2026-08-30 10:00:00,32.3,61.0,979.4,AWS001,Delhi,28.6139,77.209,False,10,6,8
2026-08-30 11:00:00,33.2,56.0,979.7,AWS001,Delhi,28.6139,77.209,False,11,6,8
2026-08-30 12:00:00,33.7,53.0,979.3,AWS001,Delhi,28.6139,77.209,False,12,6,8
2026-08-30 13:00:00,33.4,54.0,978.9,AWS001,Delhi,28.6139,77.209,False,13,6,8
2026-08-30 14:00:00,33.3,54.0,978.2,AWS001,Delhi,28.6139,77.209,False,14,6,8
2026-08-30 15:00:00,34.0,51.0,977.7,AWS001,Delhi,28.6139,77.209,False,15,6,8
2026-08-30 16:00:00,33.7,51.0,977.8,AWS001,Delhi,28.6139,77.209,False,16,6,8
2026-08-30 17:00:00,33.6,54.0,977.3,AWS001,Delhi,28.6139,77.209,False,17,6,8
2026-08-30 18:00:00,32.3,63.0,977.7,AWS001,Delhi,28.6139,77.209,False,18,6,8
2026-08-30 19:00:00,31.4,69.0,978.1,AWS001,Delhi,28.6139,77.209,False,19,6,8
2026-08-30 20:00:00,31.0,70.0,978.7,AWS001,Delhi,28.6139,77.209,False,20,6,8
2026-08-30 21:00:00,30.5,71.0,979.4,AWS001,Delhi,28.6139,77.209,False,21,6,8
2026-08-30 22:00:00,30.0,72.0,979.4,AWS001,Delhi,28.6139,77.209,False,22,6,8
2026-08-30 23:00:00,30.0,74.0,978.6,AWS001,Delhi,28.6139,77.209,False,23,6,8
2026-08-31 00:00:00,29.4,75.0,978.3,AWS001,Delhi,28.6139,77.209,False,0,0,8
2026-08-31 01:00:00,29.1,73.0,978.1,AWS001,Delhi,28.6139,77.209,False,1,0,8
2026-08-31 02:00:00,28.8,70.0,977.9,AWS001,Delhi,28.6139,77.209,False,2,0,8
2026-08-31 03:00:00,28.3,70.0,978.0,AWS001,Delhi,28.6139,77.209,False,3,0,8
2026-08-31 04:00:00,27.8,71.0,978.4,AWS001,Delhi,28.6139,77.209,False,4,0,8
2026-08-31 05:00:00,28.2,70.0,978.5,AWS001,Delhi,28.6139,77.209,False,5,0,8
2026-08-31 06:00:00,27.8,70.0,979.1,AWS001,Delhi,28.6139,77.209,False,6,0,8
2026-08-31 07:00:00,28.3,69.0,979.7,AWS001,Delhi,28.6139,77.209,False,7,0,8
2026-08-31 08:00:00,29.3,65.0,979.9,AWS001,Delhi,28.6139,77.209,False,8,0,8
2026-08-31 09:00:00,30.0,63.0,980.2,AWS001,Delhi,28.6139,77.209,False,9,0,8
2026-08-31 10:00:00,31.9,57.0,980.3,AWS001,Delhi,28.6139,77.209,False,10,0,8
2026-08-31 11:00:00,33.4,51.0,980.2,AWS001,Delhi,28.6139,77.209,False,11,0,8
2026-08-31 12:00:00,33.7,50.0,979.5,AWS001,Delhi,28.6139,77.209,False,12,0,8
2026-08-31 13:00:00,34.4,48.0,978.6,AWS001,Delhi,28.6139,77.209,False,13,0,8
2026-08-31 14:00:00,34.3,48.0,977.7,AWS001,Delhi,28.6139,77.209,False,14,0,8
2026-08-31 15:00:00,34.3,48.0,977.1,AWS001,Delhi,28.6139,77.209,False,15,0,8
2026-08-31 16:00:00,34.0,48.0,976.6,AWS001,Delhi,28.6139,77.209,False,16,0,8
2026-08-31 17:00:00,33.2,53.0,976.8,AWS001,Delhi,28.6139,77.209,False,17,0,8
2026-08-31 18:00:00,32.4,57.0,977.4,AWS001,Delhi,28.6139,77.209,False,18,0,8
2026-08-31 19:00:00,31.7,64.0,977.9,AWS001,Delhi,28.6139,77.209,False,19,0,8
2026-08-31 20:00:00,31.6,68.0,978.6,AWS001,Delhi,28.6139,77.209,False,20,0,8
2026-08-31 21:00:00,31.2,71.0,979.2,AWS001,Delhi,28.6139,77.209,False,21,0,8
2026-08-31 22:00:00,30.6,73.0,979.3,AWS001,Delhi,28.6139,77.209,False,22,0,8
2026-08-31 23:00:00,30.6,71.0,979.0,AWS001,Delhi,28.6139,77.209,False,23,0,8
2026-09-01 00:00:00,29.4,77.0,979.0,AWS001,Delhi,28.6139,77.209,False,0,1,9
2026-09-01 01:00:00,28.9,78.0,978.4,AWS001,Delhi,28.6139,77.209,False,1,1,9
2026-09-01 02:00:00,28.4,77.0,978.2,AWS001,Delhi,28.6139,77.209,False,2,1,9
2026-09-01 03:00:00,28.1,75.0,978.0,AWS001,Delhi,28.6139,77.209,False,3,1,9
2026-09-01 04:00:00,27.8,74.0,978.4,AWS001,Delhi,28.6139,77.209,False,4,1,9
2026-09-01 05:00:00,28.2,72.0,978.4,AWS001,Delhi,28.6139,77.209,False,5,1,9
2026-09-01 06:00:00,27.7,74.0,979.0,AWS001,Delhi,28.6139,77.209,False,6,1,9
2026-09-01 07:00:00,28.5,73.0,979.9,AWS001,Delhi,28.6139,77.209,False,7,1,9
2026-09-01 08:00:00,29.5,69.0,980.4,AWS001,Delhi,28.6139,77.209,False,8,1,9
2026-09-01 09:00:00,30.8,65.0,980.8,AWS001,Delhi,28.6139,77.209,False,9,1,9
2026-09-01 10:00:00,32.1,60.0,981.1,AWS001,Delhi,28.6139,77.209,False,10,1,9
2026-09-01 11:00:00,32.6,55.0,981.2,AWS001,Delhi,28.6139,77.209,False,11,1,9
2026-09-01 12:00:00,33.4,52.0,980.9,AWS001,Delhi,28.6139,77.209,False,12,1,9
2026-09-01 13:00:00,34.3,49.0,980.1,AWS001,Delhi,28.6139,77.209,False,13,1,9
2026-09-01 14:00:00,33.6,52.0,979.8,AWS001,Delhi,28.6139,77.209,False,14,1,9
2026-09-01 15:00:00,31.7,61.0,979.7,AWS001,Delhi,28.6139,77.209,False,15,1,9
2026-09-01 16:00:00,32.1,59.0,979.5,AWS001,Delhi,28.6139,77.209,False,16,1,9
2026-09-01 17:00:00,31.7,64.0,979.5,AWS001,Delhi,28.6139,77.209,False,17,1,9
2026-09-01 18:00:00,31.6,62.0,980.0,AWS001,Delhi,28.6139,77.209,False,18,1,9
2026-09-01 19:00:00,30.7,67.0,980.9,AWS001,Delhi,28.6139,77.209,False,19,1,9
2026-09-01 20:00:00,29.9,73.0,981.9,AWS001,Delhi,28.6139,77.209,False,20,1,9
2026-09-01 21:00:00,29.5,76.0,982.2,AWS001,Delhi,28.6139,77.209,False,21,1,9
2026-09-01 22:00:00,29.2,80.0,982.3,AWS001,Delhi,28.6139,77.209,False,22,1,9
2026-09-01 23:00:00,27.3,82.0,981.8,AWS001,Delhi,28.6139,77.209,False,23,1,9
2026-09-02 00:00:00,27.2,84.0,981.4,AWS001,Delhi,28.6139,77.209,False,0,2,9
2026-09-02 01:00:00,26.5,88.0,981.2,AWS001,Delhi,28.6139,77.209,False,1,2,9
2026-09-02 02:00:00,26.1,91.0,980.5,AWS001,Delhi,28.6139,77.209,False,2,2,9
2026-09-02 03:00:00,26.1,91.0,980.3,AWS001,Delhi,28.6139,77.209,False,3,2,9
2026-09-02 04:00:00,26.2,91.0,980.4,AWS001,Delhi,28.6139,77.209,False,4,2,9
2026-09-02 05:00:00,26.1,91.0,980.9,AWS001,Delhi,28.6139,77.209,False,5,2,9
2026-09-02 06:00:00,26.2,90.0,981.4,AWS001,Delhi,28.6139,77.209,False,6,2,9
2026-09-02 07:00:00,26.5,86.0,981.5,AWS001,Delhi,28.6139,77.209,False,7,2,9
2026-09-02 08:00:00,28.4,76.0,981.9,AWS001,Delhi,28.6139,77.209,False,8,2,9
2026-09-02 09:00:00,30.1,69.0,982.5,AWS001,Delhi,28.6139,77.209,False,9,2,9
2026-09-02 10:00:00,31.7,62.0,982.6,AWS001,Delhi,28.6139,77.209,False,10,2,9
2026-09-02 11:00:00,32.5,60.0,982.4,AWS001,Delhi,28.6139,77.209,False,11,2,9
2026-09-02 12:00:00,26.5,91.0,982.3,AWS001,Delhi,28.6139,77.209,False,12,2,9
2026-09-02 13:00:00,26.5,95.0,981.4,AWS001,Delhi,28.6139,77.209,False,13,2,9
2026-09-02 14:00:00,28.7,83.0,980.3,AWS001,Delhi,28.6139,77.209,False,14,2,9
2026-09-02 15:00:00,29.0,77.0,979.9,AWS001,Delhi,28.6139,77.209,False,15,2,9
2026-09-02 16:00:00,29.3,76.0,979.1,AWS001,Delhi,28.6139,77.209,False,16,2,9
2026-09-02 17:00:00,30.5,66.0,979.1,AWS001,Delhi,28.6139,77.209,False,17,2,9
2026-09-02 18:00:00,29.1,72.0,979.6,AWS001,Delhi,28.6139,77.209,False,18,2,9
2026-09-02 19:00:00,28.6,74.0,980.2,AWS001,Delhi,28.6139,77.209,False,19,2,9
2026-09-02 20:00:00,28.1,76.0,981.0,AWS001,Delhi,28.6139,77.209,False,20,2,9
2026-09-02 21:00:00,27.6,82.0,981.6,AWS001,Delhi,28.6139,77.209,False,21,2,9
2026-09-02 22:00:00,27.2,86.0,981.4,AWS001,Delhi,28.6139,77.209,False,22,2,9
2026-09-02 23:00:00,27.4,89.0,980.5,AWS001,Delhi,28.6139,77.209,False,23,2,9
2026-09-03 00:00:00,26.9,90.0,980.7,AWS001,Delhi,28.6139,77.209,False,0,3,9
2026-09-03 01:00:00,26.4,90.0,980.5,AWS001,Delhi,28.6139,77.209,False,1,3,9
2026-09-03 02:00:00,25.9,91.0,979.8,AWS001,Delhi,28.6139,77.209,False,2,3,9
2026-09-03 03:00:00,25.7,93.0,979.9,AWS001,Delhi,28.6139,77.209,False,3,3,9
2026-09-03 04:00:00,25.6,93.0,979.9,AWS001,Delhi,28.6139,77.209,False,4,3,9
2026-09-03 05:00:00,25.6,98.0,979.9,AWS001,Delhi,28.6139,77.209,False,5,3,9
2026-09-03 06:00:00,25.8,97.0,980.7,AWS001,Delhi,28.6139,77.209,False,6,3,9
2026-09-03 07:00:00,26.5,95.0,981.3,AWS001,Delhi,28.6139,77.209,False,7,3,9
2026-09-03 08:00:00,27.9,86.0,981.4,AWS001,Delhi,28.6139,77.209,False,8,3,9
2026-09-03 09:00:00,29.2,82.0,981.8,AWS001,Delhi,28.6139,77.209,False,9,3,9
2026-09-03 10:00:00,30.3,76.0,982.1,AWS001,Delhi,28.6139,77.209,False,10,3,9
2026-09-03 11:00:00,31.2,69.0,982.0,AWS001,Delhi,28.6139,77.209,False,11,3,9
2026-09-03 12:00:00,31.4,68.0,981.3,AWS001,Delhi,28.6139,77.209,False,12,3,9
2026-09-03 13:00:00,31.5,64.0,980.4,AWS001,Delhi,28.6139,77.209,False,13,3,9
2026-09-03 14:00:00,31.7,62.0,979.3,AWS001,Delhi,28.6139,77.209,False,14,3,9
2026-09-03 15:00:00,31.8,62.0,978.6,AWS001,Delhi,28.6139,77.209,False,15,3,9
2026-09-03 16:00:00,31.7,62.0,978.3,AWS001,Delhi,28.6139,77.209,False,16,3,9
2026-09-03 17:00:00,28.7,84.0,979.0,AWS001,Delhi,28.6139,77.209,False,17,3,9
2026-09-03 18:00:00,27.8,87.0,979.0,AWS001,Delhi,28.6139,77.209,False,18,3,9
2026-09-03 19:00:00,27.4,90.0,979.0,AWS001,Delhi,28.6139,77.209,False,19,3,9
2026-09-03 20:00:00,27.3,90.0,980.0,AWS001,Delhi,28.6139,77.209,False,20,3,9
2026-09-03 21:00:00,27.1,90.0,980.6,AWS001,Delhi,28.6139,77.209,False,21,3,9
2026-09-03 22:00:00,27.1,90.0,981.1,AWS001,Delhi,28.6139,77.209,False,22,3,9
2026-09-03 23:00:00,28.3,89.0,980.8,AWS001,Delhi,28.6139,77.209,False,23,3,9
2026-09-04 00:00:00,27.1,95.0,980.4,AWS001,Delhi,28.6139,77.209,False,0,4,9
2026-09-04 01:00:00,26.8,97.0,979.9,AWS001,Delhi,28.6139,77.209,False,1,4,9
2026-09-04 02:00:00,26.9,96.0,979.7,AWS001,Delhi,28.6139,77.209,False,2,4,9
2026-09-04 03:00:00,26.9,94.0,979.4,AWS001,Delhi,28.6139,77.209,False,3,4,9
2026-09-04 04:00:00,26.6,94.0,979.9,AWS001,Delhi,28.6139,77.209,False,4,4,9
2026-09-04 05:00:00,26.8,97.0,980.2,AWS001,Delhi,28.6139,77.209,False,5,4,9
2026-09-04 06:00:00,26.0,97.0,980.7,AWS001,Delhi,28.6139,77.209,False,6,4,9
2026-09-04 07:00:00,25.8,97.0,981.7,AWS001,Delhi,28.6139,77.209,False,7,4,9
2026-09-04 08:00:00,26.8,90.0,981.7,AWS001,Delhi,28.6139,77.209,False,8,4,9
2026-09-04 09:00:00,28.5,81.0,982.5,AWS001,Delhi,28.6139,77.209,False,9,4,9
2026-09-04 10:00:00,29.7,78.0,982.4,AWS001,Delhi,28.6139,77.209,False,10,4,9
2026-09-04 11:00:00,29.3,81.0,982.2,AWS001,Delhi,28.6139,77.209,False,11,4,9
2026-09-04 12:00:00,29.1,81.0,982.2,AWS001,Delhi,28.6139,77.209,False,12,4,9
2026-09-04 13:00:00,30.2,75.0,981.6,AWS001,Delhi,28.6139,77.209,False,13,4,9
2026-09-04 14:00:00,29.5,76.0,981.1,AWS001,Delhi,28.6139,77.209,False,14,4,9
2026-09-04 15:00:00,29.7,76.0,980.1,AWS001,Delhi,28.6139,77.209,False,15,4,9
2026-09-04 16:00:00,29.7,76.0,979.5,AWS001,Delhi,28.6139,77.209,False,16,4,9
2026-09-04 17:00:00,28.9,77.0,979.8,AWS001,Delhi,28.6139,77.209,False,17,4,9
2026-09-04 18:00:00,28.1,82.0,980.6,AWS001,Delhi,28.6139,77.209,False,18,4,9
2026-09-04 19:00:00,27.7,85.0,981.3,AWS001,Delhi,28.6139,77.209,False,19,4,9
2026-09-04 20:00:00,27.2,88.0,982.5,AWS001,Delhi,28.6139,77.209,False,20,4,9
2026-09-04 21:00:00,27.0,91.0,982.7,AWS001,Delhi,28.6139,77.209,False,21,4,9
2026-09-04 22:00:00,26.3,93.0,983.2,AWS001,Delhi,28.6139,77.209,False,22,4,9
2026-09-04 23:00:00,26.8,91.0,983.3,AWS001,Delhi,28.6139,77.209,False,23,4,9
2026-09-05 00:00:00,26.4,95.0,982.7,AWS001,Delhi,28.6139,77.209,False,0,5,9
2026-09-05 01:00:00,26.4,97.0,982.3,AWS001,Delhi,28.6139,77.209,False,1,5,9
2026-09-05 02:00:00,25.9,93.0,982.1,AWS001,Delhi,28.6139,77.209,False,2,5,9
2026-09-05 03:00:00,25.7,97.0,981.9,AWS001,Delhi,28.6139,77.209,False,3,5,9
2026-09-05 04:00:00,25.6,97.0,981.8,AWS001,Delhi,28.6139,77.209,False,4,5,9
2026-09-05 05:00:00,25.6,97.0,982.0,AWS001,Delhi,28.6139,77.209,False,5,5,9
2026-09-05 06:00:00,25.1,97.0,982.0,AWS001,Delhi,28.6139,77.209,False,6,5,9
2026-09-05 07:00:00,25.5,95.0,983.1,AWS001,Delhi,28.6139,77.209,False,7,5,9
2026-09-05 08:00:00,25.6,94.0,983.5,AWS001,Delhi,28.6139,77.209,False,8,5,9
2026-09-05 09:00:00,26.5,91.0,984.3,AWS001,Delhi,28.6139,77.209,False,9,5,9
2026-09-05 10:00:00,27.5,87.0,984.4,AWS001,Delhi,28.6139,77.209,False,10,5,9
2026-09-05 11:00:00,27.9,87.0,984.3,AWS001,Delhi,28.6139,77.209,False,11,5,9
2026-09-05 12:00:00,27.6,87.0,983.7,AWS001,Delhi,28.6139,77.209,False,12,5,9
2026-09-05 13:00:00,26.0,93.0,983.1,AWS001,Delhi,28.6139,77.209,False,13,5,9
2026-09-05 14:00:00,26.0,96.0,981.6,AWS001,Delhi,28.6139,77.209,False,14,5,9
2026-09-05 15:00:00,26.8,92.0,981.6,AWS001,Delhi,28.6139,77.209,False,15,5,9
2026-09-05 16:00:00,27.0,92.0,981.4,AWS001,Delhi,28.6139,77.209,False,16,5,9
2026-09-05 17:00:00,27.3,90.0,981.1,AWS001,Delhi,28.6139,77.209,False,17,5,9
2026-09-05 18:00:00,27.0,91.0,981.5,AWS001,Delhi,28.6139,77.209,False,18,5,9
2026-09-05 19:00:00,26.9,91.0,981.9,AWS001,Delhi,28.6139,77.209,False,19,5,9
2026-09-05 20:00:00,26.9,90.0,983.0,AWS001,Delhi,28.6139,77.209,False,20,5,9
2026-09-05 21:00:00,26.7,90.0,983.4,AWS001,Delhi,28.6139,77.209,False,21,5,9
2026-09-05 22:00:00,26.5,91.0,983.4,AWS001,Delhi,28.6139,77.209,False,22,5,9
2026-09-05 23:00:00,26.7,90.0,983.7,AWS001,Delhi,28.6139,77.209,False,23,5,9
2026-09-06 00:00:00,26.3,90.0,983.3,AWS001,Delhi,28.6139,77.209,False,0,6,9
2026-09-06 01:00:00,26.1,90.0,982.5,AWS001,Delhi,28.6139,77.209,False,1,6,9
2026-09-06 02:00:00,25.7,92.0,982.0,AWS001,Delhi,28.6139,77.209,False,2,6,9
2026-09-06 03:00:00,25.4,94.0,981.9,AWS001,Delhi,28.6139,77.209,False,3,6,9
2026-09-06 04:00:00,25.2,95.0,982.0,AWS001,Delhi,28.6139,77.209,False,4,6,9
2026-09-06 05:00:00,24.8,99.0,981.7,AWS001,Delhi,28.6139,77.209,False,5,6,9
2026-09-06 06:00:00,24.2,98.0,982.6,AWS001,Delhi,28.6139,77.209,False,6,6,9
2026-09-06 07:00:00,24.1,97.0,983.7,AWS001,Delhi,28.6139,77.209,False,7,6,9
2026-09-06 08:00:00,24.8,95.0,984.4,AWS001,Delhi,28.6139,77.209,False,8,6,9
2026-09-06 09:00:00,25.3,94.0,985.0,AWS001,Delhi,28.6139,77.209,False,9,6,9
2026-09-06 10:00:00,26.1,91.0,985.4,AWS001,Delhi,28.6139,77.209,False,10,6,9
2026-09-06 11:00:00,25.9,93.0,985.3,AWS001,Delhi,28.6139,77.209,False,11,6,9
2026-09-06 12:00:00,25.7,95.0,984.4,AWS001,Delhi,28.6139,77.209,False,12,6,9
2026-09-06 13:00:00,25.4,95.0,983.7,AWS001,Delhi,28.6139,77.209,False,13,6,9
2026-09-06 14:00:00,25.7,91.0,982.6,AWS001,Delhi,28.6139,77.209,False,14,6,9
2026-09-06 15:00:00,25.7,89.0,981.8,AWS001,Delhi,28.6139,77.209,False,15,6,9
2026-09-06 16:00:00,26.0,85.0,981.9,AWS001,Delhi,28.6139,77.209,False,16,6,9
2026-09-06 17:00:00,27.6,82.0,981.7,AWS001,Delhi,28.6139,77.209,False,17,6,9
2026-09-06 18:00:00,26.9,87.0,982.0,AWS001,Delhi,28.6139,77.209,False,18,6,9
2026-09-06 19:00:00,26.3,90.0,982.9,AWS001,Delhi,28.6139,77.209,False,19,6,9
2026-09-06 20:00:00,26.1,91.0,983.7,AWS001,Delhi,28.6139,77.209,False,20,6,9
2026-09-06 21:00:00,26.0,92.0,984.4,AWS001,Delhi,28.6139,77.209,False,21,6,9
2026-09-06 22:00:00,25.6,94.0,984.2,AWS001,Delhi,28.6139,77.209,False,22,6,9
2026-09-06 23:00:00,25.8,95.0,983.9,AWS001,Delhi,28.6139,77.209,False,23,6,9
2026-07-09 00:00:00,28.3,82.0,1003.9,AWS002,Mumbai,19.076,72.8777,False,0,3,7
2026-07-09 01:00:00,28.4,81.0,1003.9,AWS002,Mumbai,19.076,72.8777,False,1,3,7
2026-07-09 02:00:00,28.3,82.0,1003.3,AWS002,Mumbai,19.076,72.8777,False,2,3,7
2026-07-09 03:00:00,28.1,83.0,1003.4,AWS002,Mumbai,19.076,72.8777,False,3,3,7
2026-07-09 04:00:00,27.8,85.0,1003.4,AWS002,Mumbai,19.076,72.8777,False,4,3,7
2026-07-09 05:00:00,27.7,87.0,1003.6,AWS002,Mumbai,19.076,72.8777,False,5,3,7
2026-07-09 06:00:00,27.8,84.0,1004.1,AWS002,Mumbai,19.076,72.8777,False,6,3,7
2026-07-09 07:00:00,28.1,85.0,1004.9,AWS002,Mumbai,19.076,72.8777,False,7,3,7
2026-07-09 08:00:00,28.3,83.0,1005.3,AWS002,Mumbai,19.076,72.8777,False,8,3,7
2026-07-09 09:00:00,28.3,85.0,1005.8,AWS002,Mumbai,19.076,72.8777,False,9,3,7
2026-07-09 10:00:00,28.5,84.0,1006.3,AWS002,Mumbai,19.076,72.8777,False,10,3,7
2026-07-09 11:00:00,28.9,80.0,1006.5,AWS002,Mumbai,19.076,72.8777,False,11,3,7
2026-07-09 12:00:00,29.0,81.0,1006.6,AWS002,Mumbai,19.076,72.8777,False,12,3,7
2026-07-09 13:00:00,29.0,80.0,1006.2,AWS002,Mumbai,19.076,72.8777,False,13,3,7
2026-07-09 14:00:00,28.7,81.0,1006.0,AWS002,Mumbai,19.076,72.8777,False,14,3,7
2026-07-09 15:00:00,28.9,80.0,1005.4,AWS002,Mumbai,19.076,72.8777,False,15,3,7
2026-07-09 16:00:00,29.2,79.0,1005.0,AWS002,Mumbai,19.076,72.8777,False,16,3,7
2026-07-09 17:00:00,29.0,81.0,1005.1,AWS002,Mumbai,19.076,72.8777,False,17,3,7
2026-07-09 18:00:00,28.5,84.0,1005.4,AWS002,Mumbai,19.076,72.8777,False,18,3,7
2026-07-09 19:00:00,27.7,88.0,1006.1,AWS002,Mumbai,19.076,72.8777,False,19,3,7
2026-07-09 20:00:00,27.7,88.0,1006.7,AWS002,Mumbai,19.076,72.8777,False,20,3,7
2026-07-09 21:00:00,27.6,89.0,1007.2,AWS002,Mumbai,19.076,72.8777,False,21,3,7
2026-07-09 22:00:00,26.8,88.0,1007.7,AWS002,Mumbai,19.076,72.8777,False,22,3,7
2026-07-09 23:00:00,27.6,86.0,1007.4,AWS002,Mumbai,19.076,72.8777,False,23,3,7
2026-07-10 00:00:00,27.7,85.0,1007.0,AWS002,Mumbai,19.076,72.8777,False,0,4,7
2026-07-10 01:00:00,27.3,87.0,1006.9,AWS002,Mumbai,19.076,72.8777,False,1,4,7
2026-07-10 02:00:00,27.2,87.0,1006.3,AWS002,Mumbai,19.076,72.8777,False,2,4,7
2026-07-10 03:00:00,26.7,86.0,1006.3,AWS002,Mumbai,19.076,72.8777,False,3,4,7
2026-07-10 04:00:00,26.9,86.0,1006.2,AWS002,Mumbai,19.076,72.8777,False,4,4,7
2026-07-10 05:00:00,27.3,89.0,1006.3,AWS002,Mumbai,19.076,72.8777,False,5,4,7
2026-07-10 06:00:00,27.8,86.0,1006.6,AWS002,Mumbai,19.076,72.8777,False,6,4,7
2026-07-10 07:00:00,28.2,85.0,1007.3,AWS002,Mumbai,19.076,72.8777,False,7,4,7
2026-07-10 08:00:00,28.6,83.0,1007.9,AWS002,Mumbai,19.076,72.8777,False,8,4,7
2026-07-10 09:00:00,28.7,83.0,1008.6,AWS002,Mumbai,19.076,72.8777,False,9,4,7
2026-07-10 10:00:00,29.0,82.0,1008.5,AWS002,Mumbai,19.076,72.8777,False,10,4,7
2026-07-10 11:00:00,29.8,77.0,1008.6,AWS002,Mumbai,19.076,72.8777,False,11,4,7
2026-07-10 12:00:00,30.2,75.0,1008.6,AWS002,Mumbai,19.076,72.8777,False,12,4,7
2026-07-10 13:00:00,29.8,76.0,1008.2,AWS002,Mumbai,19.076,72.8777,False,13,4,7
2026-07-10 14:00:00,29.7,77.0,1008.0,AWS002,Mumbai,19.076,72.8777,False,14,4,7
2026-07-10 15:00:00,29.7,77.0,1007.4,AWS002,Mumbai,19.076,72.8777,False,15,4,7
2026-07-10 16:00:00,29.3,79.0,1007.1,AWS002,Mumbai,19.076,72.8777,False,16,4,7
2026-07-10 17:00:00,29.1,81.0,1007.3,AWS002,Mumbai,19.076,72.8777,False,17,4,7
2026-07-10 18:00:00,28.8,82.0,1007.5,AWS002,Mumbai,19.076,72.8777,False,18,4,7
2026-07-10 19:00:00,28.4,82.0,1007.6,AWS002,Mumbai,19.076,72.8777,False,19,4,7
2026-07-10 20:00:00,28.3,83.0,1008.1,AWS002,Mumbai,19.076,72.8777,False,20,4,7
2026-07-10 21:00:00,28.2,83.0,1008.7,AWS002,Mumbai,19.076,72.8777,False,21,4,7
2026-07-10 22:00:00,28.3,82.0,1009.0,AWS002,Mumbai,19.076,72.8777,False,22,4,7
2026-07-10 23:00:00,27.9,85.0,1008.9,AWS002,Mumbai,19.076,72.8777,False,23,4,7
2026-07-11 00:00:00,27.6,87.0,1008.2,AWS002,Mumbai,19.076,72.8777,False,0,5,7
2026-07-11 01:00:00,27.4,88.0,1007.5,AWS002,Mumbai,19.076,72.8777,False,1,5,7
2026-07-11 02:00:00,27.2,88.0,1006.8,AWS002,Mumbai,19.076,72.8777,False,2,5,7
2026-07-11 03:00:00,27.5,87.0,1006.4,AWS002,Mumbai,19.076,72.8777,False,3,5,7
2026-07-11 04:00:00,27.8,85.0,1006.2,AWS002,Mumbai,19.076,72.8777,False,4,5,7
2026-07-11 05:00:00,27.7,86.0,1006.2,AWS002,Mumbai,19.076,72.8777,False,5,5,7
2026-07-11 06:00:00,27.7,86.0,1006.7,AWS002,Mumbai,19.076,72.8777,False,6,5,7
2026-07-11 07:00:00,28.1,84.0,1007.3,AWS002,Mumbai,19.076,72.8777,False,7,5,7
2026-07-11 08:00:00,28.1,84.0,1007.9,AWS002,Mumbai,19.076,72.8777,False,8,5,7
2026-07-11 09:00:00,28.6,82.0,1008.4,AWS002,Mumbai,19.076,72.8777,False,9,5,7
2026-07-11 10:00:00,28.5,83.0,1008.5,AWS002,Mumbai,19.076,72.8777,False,10,5,7
2026-07-11 11:00:00,29.7,75.0,1008.5,AWS002,Mumbai,19.076,72.8777,False,11,5,7
2026-07-11 12:00:00,29.4,74.0,1008.0,AWS002,Mumbai,19.076,72.8777,False,12,5,7
2026-07-11 13:00:00,29.7,72.0,1007.5,AWS002,Mumbai,19.076,72.8777,False,13,5,7
2026-07-11 14:00:00,29.6,75.0,1006.7,AWS002,Mumbai,19.076,72.8777,False,14,5,7
2026-07-11 15:00:00,29.3,76.0,1006.4,AWS002,Mumbai,19.076,72.8777,False,15,5,7
2026-07-11 16:00:00,29.1,78.0,1006.0,AWS002,Mumbai,19.076,72.8777,False,16,5,7
2026-07-11 17:00:00,28.4,83.0,1005.8,AWS002,Mumbai,19.076,72.8777,False,17,5,7
2026-07-11 18:00:00,28.6,83.0,1006.0,AWS002,Mumbai,19.076,72.8777,False,18,5,7
2026-07-11 19:00:00,28.3,84.0,1006.4,AWS002,Mumbai,19.076,72.8777,False,19,5,7
2026-07-11 20:00:00,28.1,86.0,1006.8,AWS002,Mumbai,19.076,72.8777,False,20,5,7
2026-07-11 21:00:00,27.8,88.0,1007.2,AWS002,Mumbai,19.076,72.8777,False,21,5,7
2026-07-11 22:00:00,27.4,90.0,1007.2,AWS002,Mumbai,19.076,72.8777,False,22,5,7
2026-07-11 23:00:00,28.1,84.0,1006.8,AWS002,Mumbai,19.076,72.8777,False,23,5,7
2026-07-12 00:00:00,28.0,84.0,1006.0,AWS002,Mumbai,19.076,72.8777,False,0,6,7
2026-07-12 01:00:00,27.9,83.0,1005.5,AWS002,Mumbai,19.076,72.8777,False,1,6,7
2026-07-12 02:00:00,27.7,83.0,1005.0,AWS002,Mumbai,19.076,72.8777,False,2,6,7
2026-07-12 03:00:00,27.5,84.0,1004.5,AWS002,Mumbai,19.076,72.8777,False,3,6,7
2026-07-12 04:00:00,27.5,83.0,1004.4,AWS002,Mumbai,19.076,72.8777,False,4,6,7
2026-07-12 05:00:00,27.5,87.0,1004.4,AWS002,Mumbai,19.076,72.8777,False,5,6,7
2026-07-12 06:00:00,27.5,88.0,1004.5,AWS002,Mumbai,19.076,72.8777,False,6,6,7
2026-07-12 07:00:00,27.9,86.0,1005.0,AWS002,Mumbai,19.076,72.8777,False,7,6,7
2026-07-12 08:00:00,28.6,81.0,1005.6,AWS002,Mumbai,19.076,72.8777,False,8,6,7
2026-07-12 09:00:00,29.3,78.0,1005.9,AWS002,Mumbai,19.076,72.8777,False,9,6,7
2026-07-12 10:00:00,29.6,75.0,1006.0,AWS002,Mumbai,19.076,72.8777,False,10,6,7
2026-07-12 11:00:00,30.0,76.0,1006.1,AWS002,Mumbai,19.076,72.8777,False,11,6,7
2026-07-12 12:00:00,29.8,75.0,1005.9,AWS002,Mumbai,19.076,72.8777,False,12,6,7
2026-07-12 13:00:00,28.8,81.0,1005.6,AWS002,Mumbai,19.076,72.8777,False,13,6,7
2026-07-12 14:00:00,28.4,85.0,1005.1,AWS002,Mumbai,19.076,72.8777,False,14,6,7
2026-07-12 15:00:00,29.5,77.0,1004.8,AWS002,Mumbai,19.076,72.8777,False,15,6,7
2026-07-12 16:00:00,29.3,76.0,1004.6,AWS002,Mumbai,19.076,72.8777,False,16,6,7
2026-07-12 17:00:00,29.2,79.0,1004.5,AWS002,Mumbai,19.076,72.8777,False,17,6,7
2026-07-12 18:00:00,28.5,83.0,1004.9,AWS002,Mumbai,19.076,72.8777,False,18,6,7
2026-07-12 19:00:00,28.4,82.0,1005.3,AWS002,Mumbai,19.076,72.8777,False,19,6,7
2026-07-12 20:00:00,28.5,81.0,1005.8,AWS002,Mumbai,19.076,72.8777,False,20,6,7
2026-07-12 21:00:00,28.2,82.0,1006.2,AWS002,Mumbai,19.076,72.8777,False,21,6,7
2026-07-12 22:00:00,28.4,79.0,1006.3,AWS002,Mumbai,19.076,72.8777,False,22,6,7
2026-07-12 23:00:00,28.2,81.0,1006.3,AWS002,Mumbai,19.076,72.8777,False,23,6,7
2026-07-13 00:00:00,27.9,83.0,1005.8,AWS002,Mumbai,19.076,72.8777,False,0,0,7
2026-07-13 01:00:00,28.2,79.0,1005.5,AWS002,Mumbai,19.076,72.8777,False,1,0,7
2026-07-13 02:00:00,27.9,78.0,1004.9,AWS002,Mumbai,19.076,72.8777,False,2,0,7
2026-07-13 03:00:00,27.7,80.0,1004.7,AWS002,Mumbai,19.076,72.8777,False,3,0,7
2026-07-13 04:00:00,27.6,81.0,1004.9,AWS002,Mumbai,19.076,72.8777,False,4,0,7
2026-07-13 05:00:00,27.6,84.0,1005.0,AWS002,Mumbai,19.076,72.8777,False,5,0,7
2026-07-13 06:00:00,27.7,84.0,1005.3,AWS002,Mumbai,19.076,72.8777,False,6,0,7
2026-07-13 07:00:00,28.2,82.0,1006.2,AWS002,Mumbai,19.076,72.8777,False,7,0,7
2026-07-13 08:00:00,28.6,80.0,1006.7,AWS002,Mumbai,19.076,72.8777,False,8,0,7
2026-07-13 09:00:00,29.1,77.0,1007.0,AWS002,Mumbai,19.076,72.8777,False,9,0,7
2026-07-13 10:00:00,29.5,76.0,1007.6,AWS002,Mumbai,19.076,72.8777,False,10,0,7
2026-07-13 11:00:00,30.1,73.0,1007.8,AWS002,Mumbai,19.076,72.8777,False,11,0,7
2026-07-13 12:00:00,30.2,72.0,1007.4,AWS002,Mumbai,19.076,72.8777,False,12,0,7
2026-07-13 13:00:00,30.1,72.0,1007.2,AWS002,Mumbai,19.076,72.8777,False,13,0,7
2026-07-13 14:00:00,29.9,70.0,1006.9,AWS002,Mumbai,19.076,72.8777,False,14,0,7
2026-07-13 15:00:00,29.8,70.0,1006.4,AWS002,Mumbai,19.076,72.8777,False,15,0,7
2026-07-13 16:00:00,29.4,72.0,1005.8,AWS002,Mumbai,19.076,72.8777,False,16,0,7
2026-07-13 17:00:00,29.4,73.0,1005.6,AWS002,Mumbai,19.076,72.8777,False,17,0,7
2026-07-13 18:00:00,29.0,76.0,1005.9,AWS002,Mumbai,19.076,72.8777,False,18,0,7
2026-07-13 19:00:00,28.5,78.0,1006.5,AWS002,Mumbai,19.076,72.8777,False,19,0,7
2026-07-13 20:00:00,28.4,79.0,1007.2,AWS002,Mumbai,19.076,72.8777,False,20,0,7
2026-07-13 21:00:00,28.3,79.0,1007.7,AWS002,Mumbai,19.076,72.8777,False,21,0,7
2026-07-13 22:00:00,28.2,79.0,1008.2,AWS002,Mumbai,19.076,72.8777,False,22,0,7
2026-07-13 23:00:00,28.3,76.0,1008.0,AWS002,Mumbai,19.076,72.8777,False,23,0,7
2026-07-14 00:00:00,27.8,79.0,1007.4,AWS002,Mumbai,19.076,72.8777,False,0,1,7
2026-07-14 01:00:00,28.0,77.0,1006.8,AWS002,Mumbai,19.076,72.8777,False,1,1,7
2026-07-14 02:00:00,28.0,75.0,1006.3,AWS002,Mumbai,19.076,72.8777,False,2,1,7
2026-07-14 03:00:00,27.7,76.0,1006.1,AWS002,Mumbai,19.076,72.8777,False,3,1,7
2026-07-14 04:00:00,27.4,80.0,1006.0,AWS002,Mumbai,19.076,72.8777,False,4,1,7
2026-07-14 05:00:00,27.3,84.0,1006.0,AWS002,Mumbai,19.076,72.8777,False,5,1,7
2026-07-14 06:00:00,27.5,83.0,1006.7,AWS002,Mumbai,19.076,72.8777,False,6,1,7
2026-07-14 07:00:00,28.1,81.0,1007.3,AWS002,Mumbai,19.076,72.8777,False,7,1,7
2026-07-14 08:00:00,28.5,78.0,1007.8,AWS002,Mumbai,19.076,72.8777,False,8,1,7
2026-07-14 09:00:00,28.7,79.0,1008.4,AWS002,Mumbai,19.076,72.8777,False,9,1,7
2026-07-14 10:00:00,29.3,76.0,1008.7,AWS002,Mumbai,19.076,72.8777,False,10,1,7
2026-07-14 11:00:00,30.0,69.0,1008.6,AWS002,Mumbai,19.076,72.8777,False,11,1,7
2026-07-14 12:00:00,30.0,70.0,1008.0,AWS002,Mumbai,19.076,72.8777,False,12,1,7
2026-07-14 13:00:00,30.1,70.0,1007.6,AWS002,Mumbai,19.076,72.8777,False,13,1,7
2026-07-14 14:00:00,30.1,70.0,1006.6,AWS002,Mumbai,19.076,72.8777,False,14,1,7
2026-07-14 15:00:00,29.9,70.0,1006.1,AWS002,Mumbai,19.076,72.8777,False,15,1,7
2026-07-14 16:00:00,29.5,71.0,1006.1,AWS002,Mumbai,19.076,72.8777,False,16,1,7
2026-07-14 17:00:00,29.5,70.0,1006.1,AWS002,Mumbai,19.076,72.8777,False,17,1,7
2026-07-14 18:00:00,28.9,73.0,1006.4,AWS002,Mumbai,19.076,72.8777,False,18,1,7
2026-07-14 19:00:00,28.3,76.0,1006.8,AWS002,Mumbai,19.076,72.8777,False,19,1,7
2026-07-14 20:00:00,28.2,76.0,1007.1,AWS002,Mumbai,19.076,72.8777,False,20,1,7
2026-07-14 21:00:00,28.2,76.0,1007.8,AWS002,Mumbai,19.076,72.8777,False,21,1,7
2026-07-14 22:00:00,28.2,77.0,1008.1,AWS002,Mumbai,19.076,72.8777,False,22,1,7
2026-07-14 23:00:00,28.1,74.0,1007.9,AWS002,Mumbai,19.076,72.8777,False,23,1,7
2026-07-15 00:00:00,28.0,74.0,1007.5,AWS002,Mumbai,19.076,72.8777,False,0,2,7
2026-07-15 01:00:00,27.9,75.0,1007.1,AWS002,Mumbai,19.076,72.8777,False,1,2,7
2026-07-15 02:00:00,27.8,76.0,1006.2,AWS002,Mumbai,19.076,72.8777,False,2,2,7
2026-07-15 03:00:00,27.9,73.0,1005.7,AWS002,Mumbai,19.076,72.8777,False,3,2,7
2026-07-15 04:00:00,23.6,97.0,1007.0,AWS002,Mumbai,19.076,72.8777,False,4,2,7
2026-07-15 05:00:00,27.0,83.0,1006.3,AWS002,Mumbai,19.076,72.8777,False,5,2,7
2026-07-15 06:00:00,26.6,85.0,1006.8,AWS002,Mumbai,19.076,72.8777,False,6,2,7
2026-07-15 07:00:00,27.1,82.0,1007.1,AWS002,Mumbai,19.076,72.8777,False,7,2,7
2026-07-15 08:00:00,27.7,79.0,1007.5,AWS002,Mumbai,19.076,72.8777,False,8,2,7
2026-07-15 09:00:00,28.4,77.0,1007.9,AWS002,Mumbai,19.076,72.8777,False,9,2,7
2026-07-15 10:00:00,27.7,81.0,1008.6,AWS002,Mumbai,19.076,72.8777,False,10,2,7
2026-07-15 11:00:00,29.2,75.0,1008.0,AWS002,Mumbai,19.076,72.8777,False,11,2,7
2026-07-15 12:00:00,29.4,70.0,1007.9,AWS002,Mumbai,19.076,72.8777,False,12,2,7
2026-07-15 13:00:00,28.7,76.0,1007.6,AWS002,Mumbai,19.076,72.8777,False,13,2,7
2026-07-15 14:00:00,29.3,70.0,1007.1,AWS002,Mumbai,19.076,72.8777,False,14,2,7
2026-07-15 15:00:00,29.0,75.0,1006.9,AWS002,Mumbai,19.076,72.8777,False,15,2,7
2026-07-15 16:00:00,28.0,76.0,1007.0,AWS002,Mumbai,19.076,72.8777,False,16,2,7
2026-07-15 17:00:00,28.5,82.0,1006.3,AWS002,Mumbai,19.076,72.8777,False,17,2,7
2026-07-15 18:00:00,28.2,78.0,1006.3,AWS002,Mumbai,19.076,72.8777,False,18,2,7
2026-07-15 19:00:00,27.9,78.0,1006.6,AWS002,Mumbai,19.076,72.8777,False,19,2,7
2026-07-15 20:00:00,27.3,82.0,1007.2,AWS002,Mumbai,19.076,72.8777,False,20,2,7
2026-07-15 21:00:00,27.2,83.0,1007.9,AWS002,Mumbai,19.076,72.8777,False,21,2,7
2026-07-15 22:00:00,26.3,89.0,1008.5,AWS002,Mumbai,19.076,72.8777,False,22,2,7
2026-07-15 23:00:00,28.4,74.0,1007.9,AWS002,Mumbai,19.076,72.8777,False,23,2,7
2026-07-16 00:00:00,27.6,78.0,1007.5,AWS002,Mumbai,19.076,72.8777,False,0,3,7
2026-07-16 01:00:00,27.1,80.0,1007.3,AWS002,Mumbai,19.076,72.8777,False,1,3,7
2026-07-16 02:00:00,26.5,84.0,1006.9,AWS002,Mumbai,19.076,72.8777,False,2,3,7
2026-07-16 03:00:00,26.2,86.0,1006.6,AWS002,Mumbai,19.076,72.8777,False,3,3,7
2026-07-16 04:00:00,26.0,88.0,1006.7,AWS002,Mumbai,19.076,72.8777,False,4,3,7
2026-07-16 05:00:00,26.2,90.0,1006.7,AWS002,Mumbai,19.076,72.8777,False,5,3,7
2026-07-16 06:00:00,25.9,93.0,1007.1,AWS002,Mumbai,19.076,72.8777,False,6,3,7
2026-07-16 07:00:00,26.3,92.0,1007.5,AWS002,Mumbai,19.076,72.8777,False,7,3,7
2026-07-16 08:00:00,26.4,85.0,1007.9,AWS002,Mumbai,19.076,72.8777,False,8,3,7
2026-07-16 09:00:00,27.3,84.0,1008.4,AWS002,Mumbai,19.076,72.8777,False,9,3,7
2026-07-16 10:00:00,27.4,81.0,1008.6,AWS002,Mumbai,19.076,72.8777,False,10,3,7
2026-07-16 11:00:00,29.4,77.0,1007.9,AWS002,Mumbai,19.076,72.8777,False,11,3,7
2026-07-16 12:00:00,29.0,75.0,1007.7,AWS002,Mumbai,19.076,72.8777,False,12,3,7
2026-07-16 13:00:00,28.7,77.0,1007.3,AWS002,Mumbai,19.076,72.8777,False,13,3,7
2026-07-16 14:00:00,29.4,76.0,1006.7,AWS002,Mumbai,19.076,72.8777,False,14,3,7
2026-07-16 15:00:00,29.6,72.0,1006.4,AWS002,Mumbai,19.076,72.8777,False,15,3,7
2026-07-16 16:00:00,29.0,74.0,1006.1,AWS002,Mumbai,19.076,72.8777,False,16,3,7
2026-07-16 17:00:00,28.5,79.0,1006.1,AWS002,Mumbai,19.076,72.8777,False,17,3,7
2026-07-16 18:00:00,27.7,86.0,1006.3,AWS002,Mumbai,19.076,72.8777,False,18,3,7
2026-07-16 19:00:00,27.6,86.0,1006.8,AWS002,Mumbai,19.076,72.8777,False,19,3,7
2026-07-16 20:00:00,27.8,83.0,1007.2,AWS002,Mumbai,19.076,72.8777,False,20,3,7
2026-07-16 21:00:00,27.9,79.0,1007.4,AWS002,Mumbai,19.076,72.8777,False,21,3,7
2026-07-16 22:00:00,27.4,82.0,1007.6,AWS002,Mumbai,19.076,72.8777,False,22,3,7
2026-07-16 23:00:00,27.7,81.0,1007.2,AWS002,Mumbai,19.076,72.8777,False,23,3,7
2026-07-17 00:00:00,26.6,87.0,1006.8,AWS002,Mumbai,19.076,72.8777,False,0,4,7
2026-07-17 01:00:00,26.6,89.0,1006.5,AWS002,Mumbai,19.076,72.8777,False,1,4,7
2026-07-17 02:00:00,27.0,86.0,1006.2,AWS002,Mumbai,19.076,72.8777,False,2,4,7
2026-07-17 03:00:00,26.7,85.0,1006.1,AWS002,Mumbai,19.076,72.8777,False,3,4,7
2026-07-17 04:00:00,25.9,90.0,1005.9,AWS002,Mumbai,19.076,72.8777,False,4,4,7
2026-07-17 05:00:00,24.8,95.0,1006.0,AWS002,Mumbai,19.076,72.8777,False,5,4,7
2026-07-17 06:00:00,25.8,89.0,1006.5,AWS002,Mumbai,19.076,72.8777,False,6,4,7
2026-07-17 07:00:00,27.1,91.0,1007.0,AWS002,Mumbai,19.076,72.8777,False,7,4,7
2026-07-17 08:00:00,28.3,81.0,1007.3,AWS002,Mumbai,19.076,72.8777,False,8,4,7
2026-07-17 09:00:00,29.0,75.0,1007.8,AWS002,Mumbai,19.076,72.8777,False,9,4,7
2026-07-17 10:00:00,27.6,80.0,1008.2,AWS002,Mumbai,19.076,72.8777,False,10,4,7
2026-07-17 11:00:00,29.3,76.0,1007.6,AWS002,Mumbai,19.076,72.8777,False,11,4,7
2026-07-17 12:00:00,30.3,71.0,1007.3,AWS002,Mumbai,19.076,72.8777,False,12,4,7
2026-07-17 13:00:00,27.7,82.0,1006.9,AWS002,Mumbai,19.076,72.8777,False,13,4,7
2026-07-17 14:00:00,29.4,72.0,1006.5,AWS002,Mumbai,19.076,72.8777,False,14,4,7
2026-07-17 15:00:00,28.4,77.0,1006.1,AWS002,Mumbai,19.076,72.8777,False,15,4,7
2026-07-17 16:00:00,28.5,72.0,1006.1,AWS002,Mumbai,19.076,72.8777,False,16,4,7
2026-07-17 17:00:00,29.0,74.0,1005.8,AWS002,Mumbai,19.076,72.8777,False,17,4,7
2026-07-17 18:00:00,28.7,77.0,1006.0,AWS002,Mumbai,19.076,72.8777,False,18,4,7
2026-07-17 19:00:00,28.5,77.0,1006.4,AWS002,Mumbai,19.076,72.8777,False,19,4,7
2026-07-17 20:00:00,28.4,77.0,1007.0,AWS002,Mumbai,19.076,72.8777,False,20,4,7
2026-07-17 21:00:00,27.9,80.0,1007.6,AWS002,Mumbai,19.076,72.8777,False,21,4,7
2026-07-17 22:00:00,27.3,84.0,1008.0,AWS002,Mumbai,19.076,72.8777,False,22,4,7
2026-07-17 23:00:00,27.3,81.0,1007.5,AWS002,Mumbai,19.076,72.8777,False,23,4,7
2026-07-18 00:00:00,26.6,87.0,1007.0,AWS002,Mumbai,19.076,72.8777,False,0,5,7
2026-07-18 01:00:00,26.0,92.0,1007.0,AWS002,Mumbai,19.076,72.8777,False,1,5,7
2026-07-18 02:00:00,25.9,94.0,1006.5,AWS002,Mumbai,19.076,72.8777,False,2,5,7
2026-07-18 03:00:00,26.4,91.0,1006.0,AWS002,Mumbai,19.076,72.8777,False,3,5,7
2026-07-18 04:00:00,26.1,96.0,1005.9,AWS002,Mumbai,19.076,72.8777,False,4,5,7
2026-07-18 05:00:00,26.8,90.0,1005.7,AWS002,Mumbai,19.076,72.8777,False,5,5,7
2026-07-18 06:00:00,26.5,88.0,1006.4,AWS002,Mumbai,19.076,72.8777,False,6,5,7
2026-07-18 07:00:00,27.1,87.0,1006.8,AWS002,Mumbai,19.076,72.8777,False,7,5,7
2026-07-18 08:00:00,27.7,82.0,1007.1,AWS002,Mumbai,19.076,72.8777,False,8,5,7
2026-07-18 09:00:00,28.8,74.0,1007.4,AWS002,Mumbai,19.076,72.8777,False,9,5,7
2026-07-18 10:00:00,28.9,76.0,1007.5,AWS002,Mumbai,19.076,72.8777,False,10,5,7
2026-07-18 11:00:00,30.3,69.0,1007.1,AWS002,Mumbai,19.076,72.8777,False,11,5,7
2026-07-18 12:00:00,30.6,70.0,1006.5,AWS002,Mumbai,19.076,72.8777,False,12,5,7
2026-07-18 13:00:00,29.7,70.0,1006.2,AWS002,Mumbai,19.076,72.8777,False,13,5,7
2026-07-18 14:00:00,28.7,75.0,1005.8,AWS002,Mumbai,19.076,72.8777,False,14,5,7
2026-07-18 15:00:00,28.8,78.0,1005.3,AWS002,Mumbai,19.076,72.8777,False,15,5,7
2026-07-18 16:00:00,28.2,78.0,1005.1,AWS002,Mumbai,19.076,72.8777,False,16,5,7
2026-07-18 17:00:00,26.8,86.0,1005.2,AWS002,Mumbai,19.076,72.8777,False,17,5,7
2026-07-18 18:00:00,26.5,90.0,1005.8,AWS002,Mumbai,19.076,72.8777,False,18,5,7
2026-07-18 19:00:00,26.2,93.0,1006.6,AWS002,Mumbai,19.076,72.8777,False,19,5,7
2026-07-18 20:00:00,26.0,93.0,1007.1,AWS002,Mumbai,19.076,72.8777,False,20,5,7
2026-07-18 21:00:00,26.6,93.0,1007.6,AWS002,Mumbai,19.076,72.8777,False,21,5,7
2026-07-18 22:00:00,26.5,93.0,1007.9,AWS002,Mumbai,19.076,72.8777,False,22,5,7
2026-07-18 23:00:00,26.5,88.0,1007.1,AWS002,Mumbai,19.076,72.8777,False,23,5,7
2026-07-19 00:00:00,26.5,89.0,1006.6,AWS002,Mumbai,19.076,72.8777,False,0,6,7
2026-07-19 01:00:00,26.1,90.0,1006.2,AWS002,Mumbai,19.076,72.8777,False,1,6,7
2026-07-19 02:00:00,26.2,89.0,1005.8,AWS002,Mumbai,19.076,72.8777,False,2,6,7
2026-07-19 03:00:00,25.8,88.0,1005.7,AWS002,Mumbai,19.076,72.8777,False,3,6,7
2026-07-19 04:00:00,26.2,86.0,1005.3,AWS002,Mumbai,19.076,72.8777,False,4,6,7
2026-07-19 05:00:00,26.6,90.0,1005.1,AWS002,Mumbai,19.076,72.8777,False,5,6,7
2026-07-19 06:00:00,26.9,88.0,1005.3,AWS002,Mumbai,19.076,72.8777,False,6,6,7
2026-07-19 07:00:00,27.3,85.0,1005.7,AWS002,Mumbai,19.076,72.8777,False,7,6,7
2026-07-19 08:00:00,26.8,86.0,1006.3,AWS002,Mumbai,19.076,72.8777,False,8,6,7
2026-07-19 09:00:00,27.2,89.0,1006.8,AWS002,Mumbai,19.076,72.8777,False,9,6,7
2026-07-19 10:00:00,28.0,81.0,1007.2,AWS002,Mumbai,19.076,72.8777,False,10,6,7
2026-07-19 11:00:00,27.9,82.0,1006.7,AWS002,Mumbai,19.076,72.8777,False,11,6,7
2026-07-19 12:00:00,28.3,80.0,1006.2,AWS002,Mumbai,19.076,72.8777,False,12,6,7
2026-07-19 13:00:00,28.6,72.0,1005.8,AWS002,Mumbai,19.076,72.8777,False,13,6,7
2026-07-19 14:00:00,27.3,79.0,1005.5,AWS002,Mumbai,19.076,72.8777,False,14,6,7
2026-07-19 15:00:00,28.0,80.0,1005.1,AWS002,Mumbai,19.076,72.8777,False,15,6,7
2026-07-19 16:00:00,27.8,80.0,1004.6,AWS002,Mumbai,19.076,72.8777,False,16,6,7
2026-07-19 17:00:00,27.8,81.0,1004.8,AWS002,Mumbai,19.076,72.8777,False,17,6,7
2026-07-19 18:00:00,27.3,84.0,1005.2,AWS002,Mumbai,19.076,72.8777,False,18,6,7
2026-07-19 19:00:00,27.0,89.0,1005.6,AWS002,Mumbai,19.076,72.8777,False,19,6,7
2026-07-19 20:00:00,26.1,90.0,1006.7,AWS002,Mumbai,19.076,72.8777,False,20,6,7
2026-07-19 21:00:00,25.1,93.0,1007.6,AWS002,Mumbai,19.076,72.8777,False,21,6,7
2026-07-19 22:00:00,26.0,91.0,1007.8,AWS002,Mumbai,19.076,72.8777,False,22,6,7
2026-07-19 23:00:00,25.7,91.0,1006.9,AWS002,Mumbai,19.076,72.8777,False,23,6,7
2026-07-20 00:00:00,25.6,91.0,1006.6,AWS002,Mumbai,19.076,72.8777,False,0,0,7
2026-07-20 01:00:00,25.3,94.0,1006.1,AWS002,Mumbai,19.076,72.8777,False,1,0,7
2026-07-20 02:00:00,25.8,91.0,1005.5,AWS002,Mumbai,19.076,72.8777,False,2,0,7
2026-07-20 03:00:00,25.9,92.0,1005.1,AWS002,Mumbai,19.076,72.8777,False,3,0,7
2026-07-20 04:00:00,25.9,91.0,1005.5,AWS002,Mumbai,19.076,72.8777,False,4,0,7
2026-07-20 05:00:00,26.3,91.0,1004.8,AWS002,Mumbai,19.076,72.8777,False,5,0,7
2026-07-20 06:00:00,26.9,86.0,1005.0,AWS002,Mumbai,19.076,72.8777,False,6,0,7
2026-07-20 07:00:00,26.1,87.0,1005.7,AWS002,Mumbai,19.076,72.8777,False,7,0,7
2026-07-20 08:00:00,26.8,89.0,1006.2,AWS002,Mumbai,19.076,72.8777,False,8,0,7
2026-07-20 09:00:00,27.0,88.0,1006.8,AWS002,Mumbai,19.076,72.8777,False,9,0,7
2026-07-20 10:00:00,27.2,86.0,1006.9,AWS002,Mumbai,19.076,72.8777,False,10,0,7
2026-07-20 11:00:00,27.9,80.0,1006.5,AWS002,Mumbai,19.076,72.8777,False,11,0,7
2026-07-20 12:00:00,27.9,81.0,1006.7,AWS002,Mumbai,19.076,72.8777,False,12,0,7
2026-07-20 13:00:00,28.9,77.0,1005.8,AWS002,Mumbai,19.076,72.8777,False,13,0,7
2026-07-20 14:00:00,27.6,84.0,1005.5,AWS002,Mumbai,19.076,72.8777,False,14,0,7
2026-07-20 15:00:00,26.5,90.0,1005.4,AWS002,Mumbai,19.076,72.8777,False,15,0,7
2026-07-20 16:00:00,25.9,91.0,1004.7,AWS002,Mumbai,19.076,72.8777,False,16,0,7
2026-07-20 17:00:00,27.8,82.0,1004.4,AWS002,Mumbai,19.076,72.8777,False,17,0,7
2026-07-20 18:00:00,27.5,82.0,1004.8,AWS002,Mumbai,19.076,72.8777,False,18,0,7
2026-07-20 19:00:00,26.2,89.0,1005.7,AWS002,Mumbai,19.076,72.8777,False,19,0,7
2026-07-20 20:00:00,26.2,91.0,1006.4,AWS002,Mumbai,19.076,72.8777,False,20,0,7
2026-07-20 21:00:00,26.5,89.0,1007.3,AWS002,Mumbai,19.076,72.8777,False,21,0,7
2026-07-20 22:00:00,25.6,93.0,1007.5,AWS002,Mumbai,19.076,72.8777,False,22,0,7
2026-07-20 23:00:00,28.2,79.0,1006.8,AWS002,Mumbai,19.076,72.8777,False,23,0,7
2026-07-21 00:00:00,27.2,83.0,1006.6,AWS002,Mumbai,19.076,72.8777,False,0,1,7
2026-07-21 01:00:00,26.0,90.0,1005.8,AWS002,Mumbai,19.076,72.8777,False,1,1,7
2026-07-21 02:00:00,27.5,80.0,1005.0,AWS002,Mumbai,19.076,72.8777,False,2,1,7
2026-07-21 03:00:00,27.5,81.0,1004.9,AWS002,Mumbai,19.076,72.8777,False,3,1,7
2026-07-21 04:00:00,27.5,81.0,1004.7,AWS002,Mumbai,19.076,72.8777,False,4,1,7
2026-07-21 05:00:00,27.8,80.0,1004.4,AWS002,Mumbai,19.076,72.8777,False,5,1,7
2026-07-21 06:00:00,27.1,82.0,1004.9,AWS002,Mumbai,19.076,72.8777,False,6,1,7
2026-07-21 07:00:00,27.1,81.0,1005.3,AWS002,Mumbai,19.076,72.8777,False,7,1,7
2026-07-21 08:00:00,28.5,79.0,1005.5,AWS002,Mumbai,19.076,72.8777,False,8,1,7
2026-07-21 09:00:00,28.1,79.0,1006.1,AWS002,Mumbai,19.076,72.8777,False,9,1,7
2026-07-21 10:00:00,28.8,72.0,1006.0,AWS002,Mumbai,19.076,72.8777,False,10,1,7
2026-07-21 11:00:00,26.4,90.0,1006.2,AWS002,Mumbai,19.076,72.8777,False,11,1,7
2026-07-21 12:00:00,29.0,79.0,1005.7,AWS002,Mumbai,19.076,72.8777,False,12,1,7
2026-07-21 13:00:00,29.0,77.0,1005.2,AWS002,Mumbai,19.076,72.8777,False,13,1,7
2026-07-21 14:00:00,28.4,81.0,1004.5,AWS002,Mumbai,19.076,72.8777,False,14,1,7
2026-07-21 15:00:00,28.3,78.0,1004.3,AWS002,Mumbai,19.076,72.8777,False,15,1,7
2026-07-21 16:00:00,26.7,88.0,1004.0,AWS002,Mumbai,19.076,72.8777,False,16,1,7
2026-07-21 17:00:00,26.4,87.0,1004.2,AWS002,Mumbai,19.076,72.8777,False,17,1,7
2026-07-21 18:00:00,26.3,87.0,1004.5,AWS002,Mumbai,19.076,72.8777,False,18,1,7
2026-07-21 19:00:00,25.9,90.0,1005.3,AWS002,Mumbai,19.076,72.8777,False,19,1,7
2026-07-21 20:00:00,24.8,96.0,1005.8,AWS002,Mumbai,19.076,72.8777,False,20,1,7
2026-07-21 21:00:00,25.7,91.0,1006.0,AWS002,Mumbai,19.076,72.8777,False,21,1,7
2026-07-21 22:00:00,26.2,90.0,1006.5,AWS002,Mumbai,19.076,72.8777,False,22,1,7
2026-07-21 23:00:00,27.1,83.0,1005.4,AWS002,Mumbai,19.076,72.8777,False,23,1,7
2026-07-22 00:00:00,27.9,82.0,1004.5,AWS002,Mumbai,19.076,72.8777,False,0,2,7
2026-07-22 01:00:00,26.4,88.0,1004.6,AWS002,Mumbai,19.076,72.8777,False,1,2,7
2026-07-22 02:00:00,26.4,89.0,1004.3,AWS002,Mumbai,19.076,72.8777,False,2,2,7
2026-07-22 03:00:00,25.9,89.0,1004.4,AWS002,Mumbai,19.076,72.8777,False,3,2,7
2026-07-22 04:00:00,26.1,90.0,1004.3,AWS002,Mumbai,19.076,72.8777,False,4,2,7
2026-07-22 05:00:00,26.0,89.0,1003.5,AWS002,Mumbai,19.076,72.8777,False,5,2,7
2026-07-22 06:00:00,26.1,90.0,1004.4,AWS002,Mumbai,19.076,72.8777,False,6,2,7
2026-07-22 07:00:00,26.3,91.0,1004.9,AWS002,Mumbai,19.076,72.8777,False,7,2,7
2026-07-22 08:00:00,26.2,89.0,1004.8,AWS002,Mumbai,19.076,72.8777,False,8,2,7
2026-07-22 09:00:00,27.6,82.0,1005.2,AWS002,Mumbai,19.076,72.8777,False,9,2,7
2026-07-22 10:00:00,27.8,79.0,1005.4,AWS002,Mumbai,19.076,72.8777,False,10,2,7
2026-07-22 11:00:00,27.0,85.0,1005.6,AWS002,Mumbai,19.076,72.8777,False,11,2,7
2026-07-22 12:00:00,27.5,82.0,1005.0,AWS002,Mumbai,19.076,72.8777,False,12,2,7
2026-07-22 13:00:00,27.5,82.0,1004.5,AWS002,Mumbai,19.076,72.8777,False,13,2,7
2026-07-22 14:00:00,26.8,85.0,1003.6,AWS002,Mumbai,19.076,72.8777,False,14,2,7
2026-07-22 15:00:00,25.6,90.0,1003.8,AWS002,Mumbai,19.076,72.8777,False,15,2,7
2026-07-22 16:00:00,26.3,87.0,1003.6,AWS002,Mumbai,19.076,72.8777,False,16,2,7
2026-07-22 17:00:00,27.1,84.0,1002.8,AWS002,Mumbai,19.076,72.8777,False,17,2,7
2026-07-22 18:00:00,26.6,91.0,1002.8,AWS002,Mumbai,19.076,72.8777,False,18,2,7
2026-07-22 19:00:00,27.1,84.0,1003.5,AWS002,Mumbai,19.076,72.8777,False,19,2,7
2026-07-22 20:00:00,26.8,85.0,1004.4,AWS002,Mumbai,19.076,72.8777,False,20,2,7
2026-07-22 21:00:00,25.8,89.0,1004.8,AWS002,Mumbai,19.076,72.8777,False,21,2,7
2026-07-22 22:00:00,26.3,88.0,1005.4,AWS002,Mumbai,19.076,72.8777,False,22,2,7
2026-07-22 23:00:00,27.2,83.0,1004.0,AWS002,Mumbai,19.076,72.8777,False,23,2,7
2026-07-23 00:00:00,26.7,84.0,1003.3,AWS002,Mumbai,19.076,72.8777,False,0,3,7
2026-07-23 01:00:00,25.8,88.0,1003.0,AWS002,Mumbai,19.076,72.8777,False,1,3,7
2026-07-23 02:00:00,25.8,87.0,1003.1,AWS002,Mumbai,19.076,72.8777,False,2,3,7
2026-07-23 03:00:00,25.7,87.0,1002.9,AWS002,Mumbai,19.076,72.8777,False,3,3,7
2026-07-23 04:00:00,26.4,85.0,1002.2,AWS002,Mumbai,19.076,72.8777,False,4,3,7
2026-07-23 05:00:00,26.1,91.0,1001.6,AWS002,Mumbai,19.076,72.8777,False,5,3,7
2026-07-23 06:00:00,26.6,90.0,1001.9,AWS002,Mumbai,19.076,72.8777,False,6,3,7
2026-07-23 07:00:00,26.6,90.0,1002.6,AWS002,Mumbai,19.076,72.8777,False,7,3,7
2026-07-23 08:00:00,27.2,87.0,1002.5,AWS002,Mumbai,19.076,72.8777,False,8,3,7
2026-07-23 09:00:00,27.0,89.0,1002.9,AWS002,Mumbai,19.076,72.8777,False,9,3,7
2026-07-23 10:00:00,26.7,90.0,1003.0,AWS002,Mumbai,19.076,72.8777,False,10,3,7
2026-07-23 11:00:00,26.7,89.0,1002.9,AWS002,Mumbai,19.076,72.8777,False,11,3,7
2026-07-23 12:00:00,26.7,91.0,1002.7,AWS002,Mumbai,19.076,72.8777,False,12,3,7
2026-07-23 13:00:00,26.9,89.0,1002.6,AWS002,Mumbai,19.076,72.8777,False,13,3,7
2026-07-23 14:00:00,26.8,87.0,1002.1,AWS002,Mumbai,19.076,72.8777,False,14,3,7
2026-07-23 15:00:00,27.0,87.0,1001.8,AWS002,Mumbai,19.076,72.8777,False,15,3,7
2026-07-23 16:00:00,26.8,88.0,1002.1,AWS002,Mumbai,19.076,72.8777,False,16,3,7
2026-07-23 17:00:00,27.6,84.0,1001.5,AWS002,Mumbai,19.076,72.8777,False,17,3,7
2026-07-23 18:00:00,28.0,81.0,1001.6,AWS002,Mumbai,19.076,72.8777,False,18,3,7
2026-07-23 19:00:00,28.1,80.0,1002.0,AWS002,Mumbai,19.076,72.8777,False,19,3,7
2026-07-23 20:00:00,27.4,83.0,1002.8,AWS002,Mumbai,19.076,72.8777,False,20,3,7
2026-07-23 21:00:00,27.3,83.0,1003.5,AWS002,Mumbai,19.076,72.8777,False,21,3,7
2026-07-23 22:00:00,28.0,82.0,1003.7,AWS002,Mumbai,19.076,72.8777,False,22,3,7
2026-07-23 23:00:00,27.9,75.0,1003.3,AWS002,Mumbai,19.076,72.8777,False,23,3,7
2026-07-24 00:00:00,27.3,83.0,1003.0,AWS002,Mumbai,19.076,72.8777,False,0,4,7
2026-07-24 01:00:00,27.5,84.0,1002.8,AWS002,Mumbai,19.076,72.8777,False,1,4,7
2026-07-24 02:00:00,25.0,93.0,1002.6,AWS002,Mumbai,19.076,72.8777,False,2,4,7
2026-07-24 03:00:00,26.5,89.0,1002.0,AWS002,Mumbai,19.076,72.8777,False,3,4,7
2026-07-24 04:00:00,26.2,89.0,1002.2,AWS002,Mumbai,19.076,72.8777,False,4,4,7
2026-07-24 05:00:00,27.3,86.0,1001.8,AWS002,Mumbai,19.076,72.8777,False,5,4,7
2026-07-24 06:00:00,26.2,86.0,1002.1,AWS002,Mumbai,19.076,72.8777,False,6,4,7
2026-07-24 07:00:00,26.1,88.0,1003.6,AWS002,Mumbai,19.076,72.8777,False,7,4,7
2026-07-24 08:00:00,27.0,89.0,1003.7,AWS002,Mumbai,19.076,72.8777,False,8,4,7
2026-07-24 09:00:00,26.1,88.0,1004.5,AWS002,Mumbai,19.076,72.8777,False,9,4,7
2026-07-24 10:00:00,26.6,84.0,1005.0,AWS002,Mumbai,19.076,72.8777,False,10,4,7
2026-07-24 11:00:00,26.7,85.0,1004.4,AWS002,Mumbai,19.076,72.8777,False,11,4,7
2026-07-24 12:00:00,27.3,84.0,1003.6,AWS002,Mumbai,19.076,72.8777,False,12,4,7
2026-07-24 13:00:00,28.0,84.0,1003.2,AWS002,Mumbai,19.076,72.8777,False,13,4,7
2026-07-24 14:00:00,28.4,81.0,1002.3,AWS002,Mumbai,19.076,72.8777,False,14,4,7
2026-07-24 15:00:00,28.1,84.0,1001.8,AWS002,Mumbai,19.076,72.8777,False,15,4,7
2026-07-24 16:00:00,27.5,87.0,1001.7,AWS002,Mumbai,19.076,72.8777,False,16,4,7
2026-07-24 17:00:00,28.6,79.0,1001.1,AWS002,Mumbai,19.076,72.8777,False,17,4,7
2026-07-24 18:00:00,27.9,82.0,1001.3,AWS002,Mumbai,19.076,72.8777,False,18,4,7
2026-07-24 19:00:00,27.5,85.0,1002.0,AWS002,Mumbai,19.076,72.8777,False,19,4,7
2026-07-24 20:00:00,27.4,84.0,1002.9,AWS002,Mumbai,19.076,72.8777,False,20,4,7
2026-07-24 21:00:00,27.5,82.0,1003.5,AWS002,Mumbai,19.076,72.8777,False,21,4,7
2026-07-24 22:00:00,27.8,81.0,1003.7,AWS002,Mumbai,19.076,72.8777,False,22,4,7
2026-07-24 23:00:00,28.1,78.0,1003.3,AWS002,Mumbai,19.076,72.8777,False,23,4,7
2026-07-25 00:00:00,28.1,80.0,1003.1,AWS002,Mumbai,19.076,72.8777,False,0,5,7
2026-07-25 01:00:00,27.9,81.0,1002.8,AWS002,Mumbai,19.076,72.8777,False,1,5,7
2026-07-25 02:00:00,27.5,82.0,1002.2,AWS002,Mumbai,19.076,72.8777,False,2,5,7
2026-07-25 03:00:00,26.8,86.0,1002.1,AWS002,Mumbai,19.076,72.8777,False,3,5,7
2026-07-25 04:00:00,26.5,84.0,1002.6,AWS002,Mumbai,19.076,72.8777,False,4,5,7
2026-07-25 05:00:00,27.4,84.0,1002.9,AWS002,Mumbai,19.076,72.8777,False,5,5,7
2026-07-25 06:00:00,27.3,87.0,1003.2,AWS002,Mumbai,19.076,72.8777,False,6,5,7
2026-07-25 07:00:00,27.4,84.0,1004.3,AWS002,Mumbai,19.076,72.8777,False,7,5,7
2026-07-25 08:00:00,27.5,83.0,1004.4,AWS002,Mumbai,19.076,72.8777,False,8,5,7
2026-07-25 09:00:00,28.7,80.0,1004.9,AWS002,Mumbai,19.076,72.8777,False,9,5,7
2026-07-25 10:00:00,29.0,78.0,1005.0,AWS002,Mumbai,19.076,72.8777,False,10,5,7
2026-07-25 11:00:00,28.5,81.0,1004.6,AWS002,Mumbai,19.076,72.8777,False,11,5,7
2026-07-25 12:00:00,29.6,79.0,1004.4,AWS002,Mumbai,19.076,72.8777,False,12,5,7
2026-07-25 13:00:00,29.6,79.0,1004.0,AWS002,Mumbai,19.076,72.8777,False,13,5,7
2026-07-25 14:00:00,29.5,78.0,1003.8,AWS002,Mumbai,19.076,72.8777,False,14,5,7
2026-07-25 15:00:00,29.6,76.0,1003.4,AWS002,Mumbai,19.076,72.8777,False,15,5,7
2026-07-25 16:00:00,29.0,78.0,1002.9,AWS002,Mumbai,19.076,72.8777,False,16,5,7
2026-07-25 17:00:00,28.1,83.0,1002.9,AWS002,Mumbai,19.076,72.8777,False,17,5,7
2026-07-25 18:00:00,27.2,85.0,1003.5,AWS002,Mumbai,19.076,72.8777,False,18,5,7
2026-07-25 19:00:00,27.6,84.0,1003.6,AWS002,Mumbai,19.076,72.8777,False,19,5,7
2026-07-25 20:00:00,25.8,91.0,1004.8,AWS002,Mumbai,19.076,72.8777,False,20,5,7
2026-07-25 21:00:00,25.4,95.0,1005.6,AWS002,Mumbai,19.076,72.8777,False,21,5,7
2026-07-25 22:00:00,25.7,95.0,1006.1,AWS002,Mumbai,19.076,72.8777,False,22,5,7
2026-07-25 23:00:00,27.1,91.0,1005.2,AWS002,Mumbai,19.076,72.8777,False,23,5,7
2026-07-26 00:00:00,26.2,90.0,1004.6,AWS002,Mumbai,19.076,72.8777,False,0,6,7
2026-07-26 01:00:00,26.8,91.0,1004.5,AWS002,Mumbai,19.076,72.8777,False,1,6,7
2026-07-26 02:00:00,25.8,93.0,1004.5,AWS002,Mumbai,19.076,72.8777,False,2,6,7
2026-07-26 03:00:00,25.8,91.0,1004.3,AWS002,Mumbai,19.076,72.8777,False,3,6,7
2026-07-26 04:00:00,25.8,94.0,1004.2,AWS002,Mumbai,19.076,72.8777,False,4,6,7
2026-07-26 05:00:00,26.5,91.0,1004.0,AWS002,Mumbai,19.076,72.8777,False,5,6,7
2026-07-26 06:00:00,25.3,91.0,1004.2,AWS002,Mumbai,19.076,72.8777,False,6,6,7
2026-07-26 07:00:00,26.6,91.0,1004.5,AWS002,Mumbai,19.076,72.8777,False,7,6,7
2026-07-26 08:00:00,28.0,84.0,1004.9,AWS002,Mumbai,19.076,72.8777,False,8,6,7
2026-07-26 09:00:00,28.2,79.0,1005.7,AWS002,Mumbai,19.076,72.8777,False,9,6,7
2026-07-26 10:00:00,27.7,80.0,1005.8,AWS002,Mumbai,19.076,72.8777,False,10,6,7
2026-07-26 11:00:00,29.1,76.0,1005.4,AWS002,Mumbai,19.076,72.8777,False,11,6,7
2026-07-26 12:00:00,27.6,87.0,1005.4,AWS002,Mumbai,19.076,72.8777,False,12,6,7
2026-07-26 13:00:00,28.0,87.0,1005.3,AWS002,Mumbai,19.076,72.8777,False,13,6,7
2026-07-26 14:00:00,27.9,83.0,1004.8,AWS002,Mumbai,19.076,72.8777,False,14,6,7
2026-07-26 15:00:00,28.8,82.0,1004.1,AWS002,Mumbai,19.076,72.8777,False,15,6,7
2026-07-26 16:00:00,27.5,86.0,1003.8,AWS002,Mumbai,19.076,72.8777,False,16,6,7
2026-07-26 17:00:00,27.0,90.0,1003.9,AWS002,Mumbai,19.076,72.8777,False,17,6,7
2026-07-26 18:00:00,26.7,91.0,1003.9,AWS002,Mumbai,19.076,72.8777,False,18,6,7
2026-07-26 19:00:00,27.1,90.0,1004.2,AWS002,Mumbai,19.076,72.8777,False,19,6,7
2026-07-26 20:00:00,27.1,87.0,1004.6,AWS002,Mumbai,19.076,72.8777,False,20,6,7
2026-07-26 21:00:00,26.9,88.0,1005.3,AWS002,Mumbai,19.076,72.8777,False,21,6,7
2026-07-26 22:00:00,25.7,91.0,1005.8,AWS002,Mumbai,19.076,72.8777,False,22,6,7
2026-07-26 23:00:00,25.9,89.0,1005.2,AWS002,Mumbai,19.076,72.8777,False,23,6,7
2026-07-27 00:00:00,26.1,91.0,1004.8,AWS002,Mumbai,19.076,72.8777,False,0,0,7
2026-07-27 01:00:00,25.8,93.0,1004.1,AWS002,Mumbai,19.076,72.8777,False,1,0,7
2026-07-27 02:00:00,25.9,93.0,1003.9,AWS002,Mumbai,19.076,72.8777,False,2,0,7
2026-07-27 03:00:00,26.0,93.0,1003.6,AWS002,Mumbai,19.076,72.8777,False,3,0,7
2026-07-27 04:00:00,26.1,92.0,1003.5,AWS002,Mumbai,19.076,72.8777,False,4,0,7
2026-07-27 05:00:00,26.5,89.0,1003.4,AWS002,Mumbai,19.076,72.8777,False,5,0,7
2026-07-27 06:00:00,26.2,91.0,1003.5,AWS002,Mumbai,19.076,72.8777,False,6,0,7
2026-07-27 07:00:00,26.5,92.0,1003.8,AWS002,Mumbai,19.076,72.8777,False,7,0,7
2026-07-27 08:00:00,26.5,91.0,1004.4,AWS002,Mumbai,19.076,72.8777,False,8,0,7
2026-07-27 09:00:00,26.4,90.0,1005.1,AWS002,Mumbai,19.076,72.8777,False,9,0,7
2026-07-27 10:00:00,27.5,87.0,1005.0,AWS002,Mumbai,19.076,72.8777,False,10,0,7
2026-07-27 11:00:00,28.4,80.0,1004.8,AWS002,Mumbai,19.076,72.8777,False,11,0,7
2026-07-27 12:00:00,29.0,77.0,1004.1,AWS002,Mumbai,19.076,72.8777,False,12,0,7
2026-07-27 13:00:00,28.5,81.0,1004.1,AWS002,Mumbai,19.076,72.8777,False,13,0,7
2026-07-27 14:00:00,28.8,82.0,1003.4,AWS002,Mumbai,19.076,72.8777,False,14,0,7
2026-07-27 15:00:00,28.0,80.0,1003.2,AWS002,Mumbai,19.076,72.8777,False,15,0,7
2026-07-27 16:00:00,28.1,81.0,1002.4,AWS002,Mumbai,19.076,72.8777,False,16,0,7
2026-07-27 17:00:00,26.8,93.0,1002.8,AWS002,Mumbai,19.076,72.8777,False,17,0,7
2026-07-27 18:00:00,26.7,92.0,1002.5,AWS002,Mumbai,19.076,72.8777,False,18,0,7
2026-07-27 19:00:00,26.3,92.0,1003.0,AWS002,Mumbai,19.076,72.8777,False,19,0,7
2026-07-27 20:00:00,26.2,93.0,1003.3,AWS002,Mumbai,19.076,72.8777,False,20,0,7
2026-07-27 21:00:00,26.3,93.0,1004.1,AWS002,Mumbai,19.076,72.8777,False,21,0,7
2026-07-27 22:00:00,26.6,92.0,1004.4,AWS002,Mumbai,19.076,72.8777,False,22,0,7
2026-07-27 23:00:00,26.6,89.0,1004.0,AWS002,Mumbai,19.076,72.8777,False,23,0,7
2026-07-28 00:00:00,26.4,92.0,1003.6,AWS002,Mumbai,19.076,72.8777,False,0,1,7
2026-07-28 01:00:00,26.4,93.0,1003.5,AWS002,Mumbai,19.076,72.8777,False,1,1,7
2026-07-28 02:00:00,25.8,93.0,1003.2,AWS002,Mumbai,19.076,72.8777,False,2,1,7
2026-07-28 03:00:00,25.9,95.0,1002.6,AWS002,Mumbai,19.076,72.8777,False,3,1,7
2026-07-28 04:00:00,25.9,93.0,1002.7,AWS002,Mumbai,19.076,72.8777,False,4,1,7
2026-07-28 05:00:00,26.3,91.0,1002.0,AWS002,Mumbai,19.076,72.8777,False,5,1,7
2026-07-28 06:00:00,26.8,92.0,1002.3,AWS002,Mumbai,19.076,72.8777,False,6,1,7
2026-07-28 07:00:00,27.4,85.0,1002.9,AWS002,Mumbai,19.076,72.8777,False,7,1,7
2026-07-28 08:00:00,28.1,80.0,1003.4,AWS002,Mumbai,19.076,72.8777,False,8,1,7
2026-07-28 09:00:00,28.8,78.0,1004.0,AWS002,Mumbai,19.076,72.8777,False,9,1,7
2026-07-28 10:00:00,29.0,80.0,1004.3,AWS002,Mumbai,19.076,72.8777,False,10,1,7
2026-07-28 11:00:00,28.5,82.0,1004.2,AWS002,Mumbai,19.076,72.8777,False,11,1,7
2026-07-28 12:00:00,29.4,78.0,1003.8,AWS002,Mumbai,19.076,72.8777,False,12,1,7
2026-07-28 13:00:00,29.6,71.0,1003.5,AWS002,Mumbai,19.076,72.8777,False,13,1,7
2026-07-28 14:00:00,29.5,77.0,1002.7,AWS002,Mumbai,19.076,72.8777,False,14,1,7
2026-07-28 15:00:00,29.2,77.0,1002.4,AWS002,Mumbai,19.076,72.8777,False,15,1,7
2026-07-28 16:00:00,28.9,77.0,1001.7,AWS002,Mumbai,19.076,72.8777,False,16,1,7
2026-07-28 17:00:00,28.8,78.0,1001.6,AWS002,Mumbai,19.076,72.8777,False,17,1,7
2026-07-28 18:00:00,28.2,83.0,1001.7,AWS002,Mumbai,19.076,72.8777,False,18,1,7
2026-07-28 19:00:00,27.9,84.0,1002.3,AWS002,Mumbai,19.076,72.8777,False,19,1,7
2026-07-28 20:00:00,27.8,84.0,1003.1,AWS002,Mumbai,19.076,72.8777,False,20,1,7
2026-07-28 21:00:00,27.5,86.0,1003.8,AWS002,Mumbai,19.076,72.8777,False,21,1,7
2026-07-28 22:00:00,27.2,86.0,1004.3,AWS002,Mumbai,19.076,72.8777,False,22,1,7
2026-07-28 23:00:00,27.5,88.0,1003.7,AWS002,Mumbai,19.076,72.8777,False,23,1,7
2026-07-29 00:00:00,26.6,89.0,1003.2,AWS002,Mumbai,19.076,72.8777,False,0,2,7
2026-07-29 01:00:00,27.0,89.0,1003.0,AWS002,Mumbai,19.076,72.8777,False,1,2,7
2026-07-29 02:00:00,27.1,88.0,1002.2,AWS002,Mumbai,19.076,72.8777,False,2,2,7
2026-07-29 03:00:00,27.2,86.0,1001.7,AWS002,Mumbai,19.076,72.8777,False,3,2,7
2026-07-29 04:00:00,26.8,88.0,1001.6,AWS002,Mumbai,19.076,72.8777,False,4,2,7
2026-07-29 05:00:00,26.9,89.0,1001.7,AWS002,Mumbai,19.076,72.8777,False,5,2,7
2026-07-29 06:00:00,27.7,83.0,1002.1,AWS002,Mumbai,19.076,72.8777,False,6,2,7
2026-07-29 07:00:00,27.8,82.0,1002.7,AWS002,Mumbai,19.076,72.8777,False,7,2,7
2026-07-29 08:00:00,28.4,78.0,1003.3,AWS002,Mumbai,19.076,72.8777,False,8,2,7
2026-07-29 09:00:00,28.9,74.0,1003.6,AWS002,Mumbai,19.076,72.8777,False,9,2,7
2026-07-29 10:00:00,28.8,76.0,1003.9,AWS002,Mumbai,19.076,72.8777,False,10,2,7
2026-07-29 11:00:00,29.5,73.0,1004.0,AWS002,Mumbai,19.076,72.8777,False,11,2,7
2026-07-29 12:00:00,29.2,80.0,1003.4,AWS002,Mumbai,19.076,72.8777,False,12,2,7
2026-07-29 13:00:00,29.3,76.0,1003.1,AWS002,Mumbai,19.076,72.8777,False,13,2,7
2026-07-29 14:00:00,29.0,75.0,1002.5,AWS002,Mumbai,19.076,72.8777,False,14,2,7
2026-07-29 15:00:00,28.9,75.0,1001.9,AWS002,Mumbai,19.076,72.8777,False,15,2,7
2026-07-29 16:00:00,27.7,84.0,1001.3,AWS002,Mumbai,19.076,72.8777,False,16,2,7
2026-07-29 17:00:00,28.3,81.0,1001.5,AWS002,Mumbai,19.076,72.8777,False,17,2,7
2026-07-29 18:00:00,27.8,81.0,1001.5,AWS002,Mumbai,19.076,72.8777,False,18,2,7
2026-07-29 19:00:00,27.9,82.0,1001.8,AWS002,Mumbai,19.076,72.8777,False,19,2,7
2026-07-29 20:00:00,27.5,84.0,1002.4,AWS002,Mumbai,19.076,72.8777,False,20,2,7
2026-07-29 21:00:00,27.6,86.0,1002.7,AWS002,Mumbai,19.076,72.8777,False,21,2,7
2026-07-29 22:00:00,27.3,87.0,1002.9,AWS002,Mumbai,19.076,72.8777,False,22,2,7
2026-07-29 23:00:00,26.5,91.0,1002.3,AWS002,Mumbai,19.076,72.8777,False,23,2,7
2026-07-30 00:00:00,27.4,83.0,1001.7,AWS002,Mumbai,19.076,72.8777,False,0,3,7
2026-07-30 01:00:00,26.9,88.0,1001.2,AWS002,Mumbai,19.076,72.8777,False,1,3,7
2026-07-30 02:00:00,26.4,90.0,1000.7,AWS002,Mumbai,19.076,72.8777,False,2,3,7
2026-07-30 03:00:00,26.9,87.0,1000.5,AWS002,Mumbai,19.076,72.8777,False,3,3,7
2026-07-30 04:00:00,27.0,85.0,1000.2,AWS002,Mumbai,19.076,72.8777,False,4,3,7
2026-07-30 05:00:00,27.7,84.0,999.9,AWS002,Mumbai,19.076,72.8777,False,5,3,7
2026-07-30 06:00:00,26.5,92.0,1000.2,AWS002,Mumbai,19.076,72.8777,False,6,3,7
2026-07-30 07:00:00,26.9,90.0,1000.7,AWS002,Mumbai,19.076,72.8777,False,7,3,7
2026-07-30 08:00:00,27.2,86.0,1001.2,AWS002,Mumbai,19.076,72.8777,False,8,3,7
2026-07-30 09:00:00,27.2,88.0,1001.5,AWS002,Mumbai,19.076,72.8777,False,9,3,7
2026-07-30 10:00:00,27.9,85.0,1001.4,AWS002,Mumbai,19.076,72.8777,False,10,3,7
2026-07-30 11:00:00,28.2,84.0,1001.6,AWS002,Mumbai,19.076,72.8777,False,11,3,7
2026-07-30 12:00:00,28.0,83.0,1001.1,AWS002,Mumbai,19.076,72.8777,False,12,3,7
2026-07-30 13:00:00,27.8,84.0,1000.7,AWS002,Mumbai,19.076,72.8777,False,13,3,7
2026-07-30 14:00:00,27.9,84.0,999.7,AWS002,Mumbai,19.076,72.8777,False,14,3,7
2026-07-30 15:00:00,27.1,88.0,999.3,AWS002,Mumbai,19.076,72.8777,False,15,3,7
2026-07-30 16:00:00,27.6,86.0,998.7,AWS002,Mumbai,19.076,72.8777,False,16,3,7
2026-07-30 17:00:00,27.0,86.0,998.8,AWS002,Mumbai,19.076,72.8777,False,17,3,7
2026-07-30 18:00:00,27.7,83.0,999.0,AWS002,Mumbai,19.076,72.8777,False,18,3,7
2026-07-30 19:00:00,27.6,84.0,999.2,AWS002,Mumbai,19.076,72.8777,False,19,3,7
2026-07-30 20:00:00,27.5,85.0,999.9,AWS002,Mumbai,19.076,72.8777,False,20,3,7
2026-07-30 21:00:00,27.6,84.0,1000.2,AWS002,Mumbai,19.076,72.8777,False,21,3,7
2026-07-30 22:00:00,27.7,83.0,1000.6,AWS002,Mumbai,19.076,72.8777,False,22,3,7
2026-07-30 23:00:00,27.2,84.0,1000.3,AWS002,Mumbai,19.076,72.8777,False,23,3,7
2026-07-31 00:00:00,27.6,81.0,999.4,AWS002,Mumbai,19.076,72.8777,False,0,4,7
2026-07-31 01:00:00,27.4,83.0,999.1,AWS002,Mumbai,19.076,72.8777,False,1,4,7
2026-07-31 02:00:00,27.3,85.0,998.4,AWS002,Mumbai,19.076,72.8777,False,2,4,7
2026-07-31 03:00:00,27.2,84.0,998.4,AWS002,Mumbai,19.076,72.8777,False,3,4,7
2026-07-31 04:00:00,27.1,84.0,998.2,AWS002,Mumbai,19.076,72.8777,False,4,4,7
2026-07-31 05:00:00,27.3,87.0,997.6,AWS002,Mumbai,19.076,72.8777,False,5,4,7
2026-07-31 06:00:00,27.4,85.0,998.1,AWS002,Mumbai,19.076,72.8777,False,6,4,7
2026-07-31 07:00:00,27.5,87.0,998.5,AWS002,Mumbai,19.076,72.8777,False,7,4,7
2026-07-31 08:00:00,27.1,88.0,999.2,AWS002,Mumbai,19.076,72.8777,False,8,4,7
2026-07-31 09:00:00,27.4,89.0,999.5,AWS002,Mumbai,19.076,72.8777,False,9,4,7
2026-07-31 10:00:00,26.8,92.0,999.6,AWS002,Mumbai,19.076,72.8777,False,10,4,7
2026-07-31 11:00:00,27.7,90.0,999.3,AWS002,Mumbai,19.076,72.8777,False,11,4,7
2026-07-31 12:00:00,28.0,89.0,998.9,AWS002,Mumbai,19.076,72.8777,False,12,4,7
2026-07-31 13:00:00,27.9,89.0,998.8,AWS002,Mumbai,19.076,72.8777,False,13,4,7
2026-07-31 14:00:00,27.4,88.0,997.8,AWS002,Mumbai,19.076,72.8777,False,14,4,7
2026-07-31 15:00:00,28.2,88.0,997.5,AWS002,Mumbai,19.076,72.8777,False,15,4,7
2026-07-31 16:00:00,26.8,89.0,997.0,AWS002,Mumbai,19.076,72.8777,False,16,4,7
2026-07-31 17:00:00,28.4,77.0,997.8,AWS002,Mumbai,19.076,72.8777,False,17,4,7
2026-07-31 18:00:00,28.0,77.0,997.8,AWS002,Mumbai,19.076,72.8777,False,18,4,7
2026-07-31 19:00:00,27.5,85.0,998.2,AWS002,Mumbai,19.076,72.8777,False,19,4,7
2026-07-31 20:00:00,27.4,88.0,999.3,AWS002,Mumbai,19.076,72.8777,False,20,4,7
2026-07-31 21:00:00,27.5,87.0,999.8,AWS002,Mumbai,19.076,72.8777,False,21,4,7
2026-07-31 22:00:00,27.6,86.0,1000.5,AWS002,Mumbai,19.076,72.8777,False,22,4,7
2026-07-31 23:00:00,26.9,86.0,1000.3,AWS002,Mumbai,19.076,72.8777,False,23,4,7
2026-08-01 00:00:00,27.6,83.0,999.9,AWS002,Mumbai,19.076,72.8777,False,0,5,8
2026-08-01 01:00:00,27.7,84.0,999.4,AWS002,Mumbai,19.076,72.8777,False,1,5,8
2026-08-01 02:00:00,27.1,87.0,999.5,AWS002,Mumbai,19.076,72.8777,False,2,5,8
2026-08-01 03:00:00,26.9,89.0,999.6,AWS002,Mumbai,19.076,72.8777,False,3,5,8
2026-08-01 04:00:00,27.3,88.0,999.2,AWS002,Mumbai,19.076,72.8777,False,4,5,8
2026-08-01 05:00:00,27.1,87.0,999.8,AWS002,Mumbai,19.076,72.8777,False,5,5,8
2026-08-01 06:00:00,27.7,81.0,1000.2,AWS002,Mumbai,19.076,72.8777,False,6,5,8
2026-08-01 07:00:00,28.0,80.0,1000.7,AWS002,Mumbai,19.076,72.8777,False,7,5,8
2026-08-01 08:00:00,28.1,80.0,1000.9,AWS002,Mumbai,19.076,72.8777,False,8,5,8
2026-08-01 09:00:00,28.7,80.0,1001.4,AWS002,Mumbai,19.076,72.8777,False,9,5,8
2026-08-01 10:00:00,28.8,80.0,1001.6,AWS002,Mumbai,19.076,72.8777,False,10,5,8
2026-08-01 11:00:00,26.6,90.0,1002.1,AWS002,Mumbai,19.076,72.8777,False,11,5,8
2026-08-01 12:00:00,27.9,84.0,1002.0,AWS002,Mumbai,19.076,72.8777,False,12,5,8
2026-08-01 13:00:00,28.4,80.0,1001.4,AWS002,Mumbai,19.076,72.8777,False,13,5,8
2026-08-01 14:00:00,28.3,82.0,1000.8,AWS002,Mumbai,19.076,72.8777,False,14,5,8
2026-08-01 15:00:00,28.4,78.0,1000.4,AWS002,Mumbai,19.076,72.8777,False,15,5,8
2026-08-01 16:00:00,28.7,78.0,1000.4,AWS002,Mumbai,19.076,72.8777,False,16,5,8
2026-08-01 17:00:00,28.4,79.0,1000.8,AWS002,Mumbai,19.076,72.8777,False,17,5,8
2026-08-01 18:00:00,28.1,81.0,1001.3,AWS002,Mumbai,19.076,72.8777,False,18,5,8
2026-08-01 19:00:00,28.2,80.0,1001.6,AWS002,Mumbai,19.076,72.8777,False,19,5,8
2026-08-01 20:00:00,27.5,86.0,1002.5,AWS002,Mumbai,19.076,72.8777,False,20,5,8
2026-08-01 21:00:00,27.9,85.0,1003.1,AWS002,Mumbai,19.076,72.8777,False,21,5,8
2026-08-01 22:00:00,27.4,82.0,1003.6,AWS002,Mumbai,19.076,72.8777,False,22,5,8
2026-08-01 23:00:00,28.0,80.0,1003.6,AWS002,Mumbai,19.076,72.8777,False,23,5,8
2026-08-02 00:00:00,27.9,81.0,1003.2,AWS002,Mumbai,19.076,72.8777,False,0,6,8
2026-08-02 01:00:00,27.6,82.0,1003.0,AWS002,Mumbai,19.076,72.8777,False,1,6,8
2026-08-02 02:00:00,27.2,83.0,1002.9,AWS002,Mumbai,19.076,72.8777,False,2,6,8
2026-08-02 03:00:00,26.7,86.0,1003.1,AWS002,Mumbai,19.076,72.8777,False,3,6,8
2026-08-02 04:00:00,27.1,85.0,1003.1,AWS002,Mumbai,19.076,72.8777,False,4,6,8
2026-08-02 05:00:00,27.0,88.0,1002.8,AWS002,Mumbai,19.076,72.8777,False,5,6,8
2026-08-02 06:00:00,27.0,86.0,1003.0,AWS002,Mumbai,19.076,72.8777,False,6,6,8
2026-08-02 07:00:00,27.3,84.0,1003.7,AWS002,Mumbai,19.076,72.8777,False,7,6,8
2026-08-02 08:00:00,27.9,84.0,1004.4,AWS002,Mumbai,19.076,72.8777,False,8,6,8
2026-08-02 09:00:00,27.3,84.0,1004.9,AWS002,Mumbai,19.076,72.8777,False,9,6,8
2026-08-02 10:00:00,28.7,82.0,1005.1,AWS002,Mumbai,19.076,72.8777,False,10,6,8
2026-08-02 11:00:00,26.7,85.0,1005.1,AWS002,Mumbai,19.076,72.8777,False,11,6,8
2026-08-02 12:00:00,29.2,79.0,1005.2,AWS002,Mumbai,19.076,72.8777,False,12,6,8
2026-08-02 13:00:00,28.2,80.0,1005.1,AWS002,Mumbai,19.076,72.8777,False,13,6,8
2026-08-02 14:00:00,28.7,79.0,1004.4,AWS002,Mumbai,19.076,72.8777,False,14,6,8
2026-08-02 15:00:00,27.2,87.0,1004.3,AWS002,Mumbai,19.076,72.8777,False,15,6,8
2026-08-02 16:00:00,28.1,84.0,1004.0,AWS002,Mumbai,19.076,72.8777,False,16,6,8
2026-08-02 17:00:00,28.7,76.0,1003.3,AWS002,Mumbai,19.076,72.8777,False,17,6,8
2026-08-02 18:00:00,28.3,80.0,1003.6,AWS002,Mumbai,19.076,72.8777,False,18,6,8
2026-08-02 19:00:00,26.5,86.0,1004.1,AWS002,Mumbai,19.076,72.8777,False,19,6,8
2026-08-02 20:00:00,26.8,88.0,1005.0,AWS002,Mumbai,19.076,72.8777,False,20,6,8
2026-08-02 21:00:00,26.5,88.0,1005.7,AWS002,Mumbai,19.076,72.8777,False,21,6,8
2026-08-02 22:00:00,26.5,87.0,1006.5,AWS002,Mumbai,19.076,72.8777,False,22,6,8
2026-08-02 23:00:00,26.3,91.0,1005.7,AWS002,Mumbai,19.076,72.8777,False,23,6,8
2026-08-03 00:00:00,26.4,90.0,1005.5,AWS002,Mumbai,19.076,72.8777,False,0,0,8
2026-08-03 01:00:00,26.0,92.0,1005.3,AWS002,Mumbai,19.076,72.8777,False,1,0,8
2026-08-03 02:00:00,26.5,90.0,1004.8,AWS002,Mumbai,19.076,72.8777,False,2,0,8
2026-08-03 03:00:00,26.4,88.0,1004.5,AWS002,Mumbai,19.076,72.8777,False,3,0,8
2026-08-03 04:00:00,25.9,91.0,1004.7,AWS002,Mumbai,19.076,72.8777,False,4,0,8
2026-08-03 05:00:00,26.4,90.0,1004.2,AWS002,Mumbai,19.076,72.8777,False,5,0,8
2026-08-03 06:00:00,26.5,89.0,1004.9,AWS002,Mumbai,19.076,72.8777,False,6,0,8
2026-08-03 07:00:00,27.3,90.0,1005.4,AWS002,Mumbai,19.076,72.8777,False,7,0,8
2026-08-03 08:00:00,26.8,89.0,1006.2,AWS002,Mumbai,19.076,72.8777,False,8,0,8
2026-08-03 09:00:00,28.0,83.0,1006.7,AWS002,Mumbai,19.076,72.8777,False,9,0,8
2026-08-03 10:00:00,28.4,79.0,1007.2,AWS002,Mumbai,19.076,72.8777,False,10,0,8
2026-08-03 11:00:00,29.1,78.0,1007.1,AWS002,Mumbai,19.076,72.8777,False,11,0,8
2026-08-03 12:00:00,29.2,75.0,1007.0,AWS002,Mumbai,19.076,72.8777,False,12,0,8
2026-08-03 13:00:00,29.1,73.0,1006.5,AWS002,Mumbai,19.076,72.8777,False,13,0,8
2026-08-03 14:00:00,29.5,71.0,1005.9,AWS002,Mumbai,19.076,72.8777,False,14,0,8
2026-08-03 15:00:00,29.1,73.0,1005.6,AWS002,Mumbai,19.076,72.8777,False,15,0,8
2026-08-03 16:00:00,28.2,76.0,1005.1,AWS002,Mumbai,19.076,72.8777,False,16,0,8
2026-08-03 17:00:00,28.4,79.0,1004.8,AWS002,Mumbai,19.076,72.8777,False,17,0,8
2026-08-03 18:00:00,26.8,88.0,1005.1,AWS002,Mumbai,19.076,72.8777,False,18,0,8
2026-08-03 19:00:00,27.2,90.0,1005.6,AWS002,Mumbai,19.076,72.8777,False,19,0,8
2026-08-03 20:00:00,27.0,88.0,1006.4,AWS002,Mumbai,19.076,72.8777,False,20,0,8
2026-08-03 21:00:00,26.2,89.0,1007.0,AWS002,Mumbai,19.076,72.8777,False,21,0,8
2026-08-03 22:00:00,26.9,91.0,1007.4,AWS002,Mumbai,19.076,72.8777,False,22,0,8
2026-08-03 23:00:00,27.2,86.0,1007.1,AWS002,Mumbai,19.076,72.8777,False,23,0,8
2026-08-04 00:00:00,27.3,83.0,1006.6,AWS002,Mumbai,19.076,72.8777,False,0,1,8
2026-08-04 01:00:00,27.4,78.0,1006.5,AWS002,Mumbai,19.076,72.8777,False,1,1,8
2026-08-04 02:00:00,26.1,84.0,1006.3,AWS002,Mumbai,19.076,72.8777,False,2,1,8
2026-08-04 03:00:00,26.2,88.0,1006.0,AWS002,Mumbai,19.076,72.8777,False,3,1,8
2026-08-04 04:00:00,25.6,91.0,1006.2,AWS002,Mumbai,19.076,72.8777,False,4,1,8
2026-08-04 05:00:00,26.9,86.0,1005.8,AWS002,Mumbai,19.076,72.8777,False,5,1,8
2026-08-04 06:00:00,27.1,85.0,1006.1,AWS002,Mumbai,19.076,72.8777,False,6,1,8
2026-08-04 07:00:00,27.5,83.0,1006.9,AWS002,Mumbai,19.076,72.8777,False,7,1,8
2026-08-04 08:00:00,28.0,79.0,1007.2,AWS002,Mumbai,19.076,72.8777,False,8,1,8
2026-08-04 09:00:00,28.8,74.0,1007.6,AWS002,Mumbai,19.076,72.8777,False,9,1,8
2026-08-04 10:00:00,29.0,70.0,1008.0,AWS002,Mumbai,19.076,72.8777,False,10,1,8
2026-08-04 11:00:00,29.2,73.0,1007.8,AWS002,Mumbai,19.076,72.8777,False,11,1,8
2026-08-04 12:00:00,29.3,73.0,1007.3,AWS002,Mumbai,19.076,72.8777,False,12,1,8
2026-08-04 13:00:00,29.4,70.0,1006.9,AWS002,Mumbai,19.076,72.8777,False,13,1,8
2026-08-04 14:00:00,28.9,73.0,1006.5,AWS002,Mumbai,19.076,72.8777,False,14,1,8
2026-08-04 15:00:00,28.2,77.0,1006.0,AWS002,Mumbai,19.076,72.8777,False,15,1,8
2026-08-04 16:00:00,28.2,77.0,1005.1,AWS002,Mumbai,19.076,72.8777,False,16,1,8
2026-08-04 17:00:00,26.9,88.0,1005.5,AWS002,Mumbai,19.076,72.8777,False,17,1,8
2026-08-04 18:00:00,26.7,90.0,1005.3,AWS002,Mumbai,19.076,72.8777,False,18,1,8
2026-08-04 19:00:00,26.2,91.0,1006.1,AWS002,Mumbai,19.076,72.8777,False,19,1,8
2026-08-04 20:00:00,26.6,90.0,1006.7,AWS002,Mumbai,19.076,72.8777,False,20,1,8
2026-08-04 21:00:00,26.5,89.0,1007.2,AWS002,Mumbai,19.076,72.8777,False,21,1,8
2026-08-04 22:00:00,26.4,89.0,1007.5,AWS002,Mumbai,19.076,72.8777,False,22,1,8
2026-08-04 23:00:00,26.3,89.0,1006.6,AWS002,Mumbai,19.076,72.8777,False,23,1,8
2026-08-05 00:00:00,25.8,92.0,1006.4,AWS002,Mumbai,19.076,72.8777,False,0,2,8
2026-08-05 01:00:00,25.8,92.0,1005.8,AWS002,Mumbai,19.076,72.8777,False,1,2,8
2026-08-05 02:00:00,25.6,92.0,1005.5,AWS002,Mumbai,19.076,72.8777,False,2,2,8
2026-08-05 03:00:00,25.7,93.0,1005.0,AWS002,Mumbai,19.076,72.8777,False,3,2,8
2026-08-05 04:00:00,25.4,93.0,1005.3,AWS002,Mumbai,19.076,72.8777,False,4,2,8
2026-08-05 05:00:00,26.8,89.0,1004.7,AWS002,Mumbai,19.076,72.8777,False,5,2,8
2026-08-05 06:00:00,27.0,87.0,1004.9,AWS002,Mumbai,19.076,72.8777,False,6,2,8
2026-08-05 07:00:00,26.9,83.0,1005.4,AWS002,Mumbai,19.076,72.8777,False,7,2,8
2026-08-05 08:00:00,26.7,87.0,1005.9,AWS002,Mumbai,19.076,72.8777,False,8,2,8
2026-08-05 09:00:00,26.8,88.0,1006.4,AWS002,Mumbai,19.076,72.8777,False,9,2,8
2026-08-05 10:00:00,27.3,84.0,1006.4,AWS002,Mumbai,19.076,72.8777,False,10,2,8
2026-08-05 11:00:00,27.9,83.0,1006.1,AWS002,Mumbai,19.076,72.8777,False,11,2,8
2026-08-05 12:00:00,28.3,78.0,1005.7,AWS002,Mumbai,19.076,72.8777,False,12,2,8
2026-08-05 13:00:00,27.5,81.0,1005.1,AWS002,Mumbai,19.076,72.8777,False,13,2,8
2026-08-05 14:00:00,28.0,78.0,1004.6,AWS002,Mumbai,19.076,72.8777,False,14,2,8
2026-08-05 15:00:00,28.2,79.0,1003.7,AWS002,Mumbai,19.076,72.8777,False,15,2,8
2026-08-05 16:00:00,28.0,79.0,1003.3,AWS002,Mumbai,19.076,72.8777,False,16,2,8
2026-08-05 17:00:00,28.2,78.0,1003.5,AWS002,Mumbai,19.076,72.8777,False,17,2,8
2026-08-05 18:00:00,27.6,82.0,1003.9,AWS002,Mumbai,19.076,72.8777,False,18,2,8
2026-08-05 19:00:00,27.5,82.0,1004.4,AWS002,Mumbai,19.076,72.8777,False,19,2,8
2026-08-05 20:00:00,27.6,82.0,1005.0,AWS002,Mumbai,19.076,72.8777,False,20,2,8
2026-08-05 21:00:00,26.8,85.0,1005.5,AWS002,Mumbai,19.076,72.8777,False,21,2,8
2026-08-05 22:00:00,26.8,86.0,1005.6,AWS002,Mumbai,19.076,72.8777,False,22,2,8
2026-08-05 23:00:00,26.9,89.0,1005.0,AWS002,Mumbai,19.076,72.8777,False,23,2,8
2026-08-06 00:00:00,26.4,88.0,1004.7,AWS002,Mumbai,19.076,72.8777,False,0,3,8
2026-08-06 01:00:00,26.4,90.0,1004.2,AWS002,Mumbai,19.076,72.8777,False,1,3,8
2026-08-06 02:00:00,26.0,90.0,1003.9,AWS002,Mumbai,19.076,72.8777,False,2,3,8
2026-08-06 03:00:00,26.4,89.0,1003.8,AWS002,Mumbai,19.076,72.8777,False,3,3,8
2026-08-06 04:00:00,26.7,84.0,1003.7,AWS002,Mumbai,19.076,72.8777,False,4,3,8
2026-08-06 05:00:00,26.6,84.0,1003.5,AWS002,Mumbai,19.076,72.8777,False,5,3,8
2026-08-06 06:00:00,26.4,85.0,1004.0,AWS002,Mumbai,19.076,72.8777,False,6,3,8
2026-08-06 07:00:00,26.2,94.0,1004.7,AWS002,Mumbai,19.076,72.8777,False,7,3,8
2026-08-06 08:00:00,27.7,85.0,1004.8,AWS002,Mumbai,19.076,72.8777,False,8,3,8
2026-08-06 09:00:00,27.8,82.0,1005.3,AWS002,Mumbai,19.076,72.8777,False,9,3,8
2026-08-06 10:00:00,28.7,74.0,1005.4,AWS002,Mumbai,19.076,72.8777,False,10,3,8
2026-08-06 11:00:00,29.2,75.0,1005.4,AWS002,Mumbai,19.076,72.8777,False,11,3,8
2026-08-06 12:00:00,29.2,76.0,1005.0,AWS002,Mumbai,19.076,72.8777,False,12,3,8
2026-08-06 13:00:00,29.2,76.0,1004.8,AWS002,Mumbai,19.076,72.8777,False,13,3,8
2026-08-06 14:00:00,29.3,74.0,1004.3,AWS002,Mumbai,19.076,72.8777,False,14,3,8
2026-08-06 15:00:00,29.1,73.0,1003.9,AWS002,Mumbai,19.076,72.8777,False,15,3,8
2026-08-06 16:00:00,28.8,74.0,1003.6,AWS002,Mumbai,19.076,72.8777,False,16,3,8
2026-08-06 17:00:00,28.4,81.0,1003.7,AWS002,Mumbai,19.076,72.8777,False,17,3,8
2026-08-06 18:00:00,27.9,81.0,1004.0,AWS002,Mumbai,19.076,72.8777,False,18,3,8
2026-08-06 19:00:00,27.3,86.0,1004.7,AWS002,Mumbai,19.076,72.8777,False,19,3,8
2026-08-06 20:00:00,27.7,83.0,1005.3,AWS002,Mumbai,19.076,72.8777,False,20,3,8
2026-08-06 21:00:00,27.5,83.0,1005.8,AWS002,Mumbai,19.076,72.8777,False,21,3,8
2026-08-06 22:00:00,27.6,82.0,1006.0,AWS002,Mumbai,19.076,72.8777,False,22,3,8
2026-08-06 23:00:00,27.6,82.0,1005.7,AWS002,Mumbai,19.076,72.8777,False,23,3,8
2026-08-07 00:00:00,27.0,85.0,1005.1,AWS002,Mumbai,19.076,72.8777,False,0,4,8
2026-08-07 01:00:00,26.9,84.0,1004.8,AWS002,Mumbai,19.076,72.8777,False,1,4,8
2026-08-07 02:00:00,27.5,78.0,1004.5,AWS002,Mumbai,19.076,72.8777,False,2,4,8
2026-08-07 03:00:00,27.3,80.0,1004.3,AWS002,Mumbai,19.076,72.8777,False,3,4,8
2026-08-07 04:00:00,27.1,84.0,1004.3,AWS002,Mumbai,19.076,72.8777,False,4,4,8
2026-08-07 05:00:00,26.8,89.0,1004.1,AWS002,Mumbai,19.076,72.8777,False,5,4,8
2026-08-07 06:00:00,27.3,83.0,1004.6,AWS002,Mumbai,19.076,72.8777,False,6,4,8
2026-08-07 07:00:00,27.5,81.0,1005.0,AWS002,Mumbai,19.076,72.8777,False,7,4,8
2026-08-07 08:00:00,27.8,81.0,1005.4,AWS002,Mumbai,19.076,72.8777,False,8,4,8
2026-08-07 09:00:00,28.6,79.0,1005.8,AWS002,Mumbai,19.076,72.8777,False,9,4,8
2026-08-07 10:00:00,29.1,74.0,1006.0,AWS002,Mumbai,19.076,72.8777,False,10,4,8
2026-08-07 11:00:00,29.7,65.0,1005.7,AWS002,Mumbai,19.076,72.8777,False,11,4,8
2026-08-07 12:00:00,29.1,73.0,1005.6,AWS002,Mumbai,19.076,72.8777,False,12,4,8
2026-08-07 13:00:00,29.3,72.0,1005.2,AWS002,Mumbai,19.076,72.8777,False,13,4,8
2026-08-07 14:00:00,28.9,75.0,1004.7,AWS002,Mumbai,19.076,72.8777,False,14,4,8
2026-08-07 15:00:00,29.1,75.0,1004.0,AWS002,Mumbai,19.076,72.8777,False,15,4,8
2026-08-07 16:00:00,28.9,75.0,1003.6,AWS002,Mumbai,19.076,72.8777,False,16,4,8
2026-08-07 17:00:00,28.0,80.0,1003.7,AWS002,Mumbai,19.076,72.8777,False,17,4,8
2026-08-07 18:00:00,27.6,86.0,1003.8,AWS002,Mumbai,19.076,72.8777,False,18,4,8
2026-08-07 19:00:00,27.5,85.0,1004.5,AWS002,Mumbai,19.076,72.8777,False,19,4,8
2026-08-07 20:00:00,27.4,86.0,1005.0,AWS002,Mumbai,19.076,72.8777,False,20,4,8
2026-08-07 21:00:00,27.2,87.0,1005.4,AWS002,Mumbai,19.076,72.8777,False,21,4,8
2026-08-07 22:00:00,27.0,85.0,1005.9,AWS002,Mumbai,19.076,72.8777,False,22,4,8
2026-08-07 23:00:00,26.8,88.0,1005.8,AWS002,Mumbai,19.076,72.8777,False,23,4,8
2026-08-08 00:00:00,27.0,85.0,1005.3,AWS002,Mumbai,19.076,72.8777,False,0,5,8
2026-08-08 01:00:00,27.2,84.0,1004.8,AWS002,Mumbai,19.076,72.8777,False,1,5,8
2026-08-08 02:00:00,27.1,84.0,1004.3,AWS002,Mumbai,19.076,72.8777,False,2,5,8
2026-08-08 03:00:00,27.1,84.0,1004.0,AWS002,Mumbai,19.076,72.8777,False,3,5,8
2026-08-08 04:00:00,26.4,87.0,1003.8,AWS002,Mumbai,19.076,72.8777,False,4,5,8
2026-08-08 05:00:00,26.7,88.0,1004.0,AWS002,Mumbai,19.076,72.8777,False,5,5,8
2026-08-08 06:00:00,26.2,89.0,1004.6,AWS002,Mumbai,19.076,72.8777,False,6,5,8
2026-08-08 07:00:00,27.3,87.0,1005.2,AWS002,Mumbai,19.076,72.8777,False,7,5,8
2026-08-08 08:00:00,28.1,75.0,1005.4,AWS002,Mumbai,19.076,72.8777,False,8,5,8
2026-08-08 09:00:00,27.4,80.0,1006.1,AWS002,Mumbai,19.076,72.8777,False,9,5,8
2026-08-08 10:00:00,28.6,78.0,1006.2,AWS002,Mumbai,19.076,72.8777,False,10,5,8
2026-08-08 11:00:00,28.5,75.0,1006.2,AWS002,Mumbai,19.076,72.8777,False,11,5,8
2026-08-08 12:00:00,28.6,73.0,1005.9,AWS002,Mumbai,19.076,72.8777,False,12,5,8
2026-08-08 13:00:00,29.2,76.0,1005.7,AWS002,Mumbai,19.076,72.8777,False,13,5,8
2026-08-08 14:00:00,29.1,77.0,1005.0,AWS002,Mumbai,19.076,72.8777,False,14,5,8
2026-08-08 15:00:00,29.2,77.0,1004.4,AWS002,Mumbai,19.076,72.8777,False,15,5,8
2026-08-08 16:00:00,28.9,77.0,1004.0,AWS002,Mumbai,19.076,72.8777,False,16,5,8
2026-08-08 17:00:00,28.6,78.0,1004.3,AWS002,Mumbai,19.076,72.8777,False,17,5,8
2026-08-08 18:00:00,28.2,80.0,1004.4,AWS002,Mumbai,19.076,72.8777,False,18,5,8
2026-08-08 19:00:00,27.8,83.0,1004.8,AWS002,Mumbai,19.076,72.8777,False,19,5,8
2026-08-08 20:00:00,27.7,83.0,1005.7,AWS002,Mumbai,19.076,72.8777,False,20,5,8
2026-08-08 21:00:00,27.5,84.0,1006.6,AWS002,Mumbai,19.076,72.8777,False,21,5,8
2026-08-08 22:00:00,27.2,85.0,1007.0,AWS002,Mumbai,19.076,72.8777,False,22,5,8
2026-08-08 23:00:00,26.6,89.0,1006.8,AWS002,Mumbai,19.076,72.8777,False,23,5,8
2026-08-09 00:00:00,27.1,86.0,1006.4,AWS002,Mumbai,19.076,72.8777,False,0,6,8
2026-08-09 01:00:00,27.0,85.0,1006.1,AWS002,Mumbai,19.076,72.8777,False,1,6,8
2026-08-09 02:00:00,26.9,86.0,1005.7,AWS002,Mumbai,19.076,72.8777,False,2,6,8
2026-08-09 03:00:00,26.9,84.0,1005.4,AWS002,Mumbai,19.076,72.8777,False,3,6,8
2026-08-09 04:00:00,26.7,84.0,1005.5,AWS002,Mumbai,19.076,72.8777,False,4,6,8
2026-08-09 05:00:00,26.5,88.0,1005.4,AWS002,Mumbai,19.076,72.8777,False,5,6,8
2026-08-09 06:00:00,26.5,85.0,1005.8,AWS002,Mumbai,19.076,72.8777,False,6,6,8
2026-08-09 07:00:00,27.1,86.0,1006.5,AWS002,Mumbai,19.076,72.8777,False,7,6,8
2026-08-09 08:00:00,27.2,83.0,1007.0,AWS002,Mumbai,19.076,72.8777,False,8,6,8
2026-08-09 09:00:00,27.6,81.0,1007.4,AWS002,Mumbai,19.076,72.8777,False,9,6,8
2026-08-09 10:00:00,27.5,79.0,1007.8,AWS002,Mumbai,19.076,72.8777,False,10,6,8
2026-08-09 11:00:00,27.9,80.0,1007.2,AWS002,Mumbai,19.076,72.8777,False,11,6,8
2026-08-09 12:00:00,29.5,73.0,1006.9,AWS002,Mumbai,19.076,72.8777,False,12,6,8
2026-08-09 13:00:00,29.6,73.0,1006.3,AWS002,Mumbai,19.076,72.8777,False,13,6,8
2026-08-09 14:00:00,29.3,71.0,1005.8,AWS002,Mumbai,19.076,72.8777,False,14,6,8
2026-08-09 15:00:00,29.1,74.0,1005.5,AWS002,Mumbai,19.076,72.8777,False,15,6,8
2026-08-09 16:00:00,28.7,76.0,1005.0,AWS002,Mumbai,19.076,72.8777,False,16,6,8
2026-08-09 17:00:00,28.7,77.0,1005.2,AWS002,Mumbai,19.076,72.8777,False,17,6,8
2026-08-09 18:00:00,28.3,79.0,1005.2,AWS002,Mumbai,19.076,72.8777,False,18,6,8
2026-08-09 19:00:00,27.9,81.0,1005.4,AWS002,Mumbai,19.076,72.8777,False,19,6,8
2026-08-09 20:00:00,27.7,83.0,1006.2,AWS002,Mumbai,19.076,72.8777,False,20,6,8
2026-08-09 21:00:00,27.7,83.0,1006.7,AWS002,Mumbai,19.076,72.8777,False,21,6,8
2026-08-09 22:00:00,27.6,83.0,1007.3,AWS002,Mumbai,19.076,72.8777,False,22,6,8
2026-08-09 23:00:00,26.9,86.0,1006.9,AWS002,Mumbai,19.076,72.8777,False,23,6,8
2026-08-10 00:00:00,27.0,84.0,1006.3,AWS002,Mumbai,19.076,72.8777,False,0,0,8
2026-08-10 01:00:00,26.3,87.0,1006.2,AWS002,Mumbai,19.076,72.8777,False,1,0,8
2026-08-10 02:00:00,26.3,86.0,1005.9,AWS002,Mumbai,19.076,72.8777,False,2,0,8
2026-08-10 03:00:00,25.5,90.0,1005.7,AWS002,Mumbai,19.076,72.8777,False,3,0,8
2026-08-10 04:00:00,25.6,91.0,1005.2,AWS002,Mumbai,19.076,72.8777,False,4,0,8
2026-08-10 05:00:00,25.6,89.0,1005.2,AWS002,Mumbai,19.076,72.8777,False,5,0,8
2026-08-10 06:00:00,25.8,92.0,1005.4,AWS002,Mumbai,19.076,72.8777,False,6,0,8
2026-08-10 07:00:00,26.2,90.0,1006.0,AWS002,Mumbai,19.076,72.8777,False,7,0,8
2026-08-10 08:00:00,26.6,84.0,1006.4,AWS002,Mumbai,19.076,72.8777,False,8,0,8
2026-08-10 09:00:00,26.7,81.0,1006.9,AWS002,Mumbai,19.076,72.8777,False,9,0,8
2026-08-10 10:00:00,27.7,81.0,1006.8,AWS002,Mumbai,19.076,72.8777,False,10,0,8
2026-08-10 11:00:00,26.9,80.0,1006.9,AWS002,Mumbai,19.076,72.8777,False,11,0,8
2026-08-10 12:00:00,29.2,76.0,1006.4,AWS002,Mumbai,19.076,72.8777,False,12,0,8
2026-08-10 13:00:00,29.3,76.0,1005.9,AWS002,Mumbai,19.076,72.8777,False,13,0,8
2026-08-10 14:00:00,29.1,75.0,1005.1,AWS002,Mumbai,19.076,72.8777,False,14,0,8
2026-08-10 15:00:00,29.1,74.0,1004.5,AWS002,Mumbai,19.076,72.8777,False,15,0,8
2026-08-10 16:00:00,28.7,75.0,1003.9,AWS002,Mumbai,19.076,72.8777,False,16,0,8
2026-08-10 17:00:00,28.8,71.0,1004.3,AWS002,Mumbai,19.076,72.8777,False,17,0,8
2026-08-10 18:00:00,28.2,76.0,1004.4,AWS002,Mumbai,19.076,72.8777,False,18,0,8
2026-08-10 19:00:00,27.8,78.0,1004.8,AWS002,Mumbai,19.076,72.8777,False,19,0,8
2026-08-10 20:00:00,27.6,79.0,1005.5,AWS002,Mumbai,19.076,72.8777,False,20,0,8
2026-08-10 21:00:00,27.4,80.0,1005.8,AWS002,Mumbai,19.076,72.8777,False,21,0,8
2026-08-10 22:00:00,27.3,81.0,1006.1,AWS002,Mumbai,19.076,72.8777,False,22,0,8
2026-08-10 23:00:00,26.3,84.0,1005.5,AWS002,Mumbai,19.076,72.8777,False,23,0,8
2026-08-11 00:00:00,26.5,84.0,1004.9,AWS002,Mumbai,19.076,72.8777,False,0,1,8
2026-08-11 01:00:00,26.3,85.0,1004.3,AWS002,Mumbai,19.076,72.8777,False,1,1,8
2026-08-11 02:00:00,25.7,86.0,1003.9,AWS002,Mumbai,19.076,72.8777,False,2,1,8
2026-08-11 03:00:00,25.9,86.0,1004.0,AWS002,Mumbai,19.076,72.8777,False,3,1,8
2026-08-11 04:00:00,25.4,90.0,1003.9,AWS002,Mumbai,19.076,72.8777,False,4,1,8
2026-08-11 05:00:00,26.2,89.0,1003.7,AWS002,Mumbai,19.076,72.8777,False,5,1,8
2026-08-11 06:00:00,25.6,90.0,1004.4,AWS002,Mumbai,19.076,72.8777,False,6,1,8
2026-08-11 07:00:00,25.7,92.0,1005.0,AWS002,Mumbai,19.076,72.8777,False,7,1,8
2026-08-11 08:00:00,26.2,92.0,1005.5,AWS002,Mumbai,19.076,72.8777,False,8,1,8
2026-08-11 09:00:00,25.7,93.0,1006.2,AWS002,Mumbai,19.076,72.8777,False,9,1,8
2026-08-11 10:00:00,26.3,89.0,1006.0,AWS002,Mumbai,19.076,72.8777,False,10,1,8
2026-08-11 11:00:00,26.0,91.0,1005.8,AWS002,Mumbai,19.076,72.8777,False,11,1,8
2026-08-11 12:00:00,26.8,87.0,1005.4,AWS002,Mumbai,19.076,72.8777,False,12,1,8
2026-08-11 13:00:00,27.1,86.0,1004.7,AWS002,Mumbai,19.076,72.8777,False,13,1,8
2026-08-11 14:00:00,26.7,82.0,1003.9,AWS002,Mumbai,19.076,72.8777,False,14,1,8
2026-08-11 15:00:00,27.0,83.0,1003.3,AWS002,Mumbai,19.076,72.8777,False,15,1,8
2026-08-11 16:00:00,26.4,84.0,1002.8,AWS002,Mumbai,19.076,72.8777,False,16,1,8
2026-08-11 17:00:00,26.4,91.0,1003.2,AWS002,Mumbai,19.076,72.8777,False,17,1,8
2026-08-11 18:00:00,25.8,93.0,1003.4,AWS002,Mumbai,19.076,72.8777,False,18,1,8
2026-08-11 19:00:00,25.9,91.0,1004.0,AWS002,Mumbai,19.076,72.8777,False,19,1,8
2026-08-11 20:00:00,25.6,93.0,1004.7,AWS002,Mumbai,19.076,72.8777,False,20,1,8
2026-08-11 21:00:00,26.0,93.0,1005.5,AWS002,Mumbai,19.076,72.8777,False,21,1,8
2026-08-11 22:00:00,25.8,91.0,1006.0,AWS002,Mumbai,19.076,72.8777,False,22,1,8
2026-08-11 23:00:00,25.6,92.0,1005.7,AWS002,Mumbai,19.076,72.8777,False,23,1,8
2026-08-12 00:00:00,25.8,91.0,1005.4,AWS002,Mumbai,19.076,72.8777,False,0,2,8
2026-08-12 01:00:00,25.9,91.0,1005.0,AWS002,Mumbai,19.076,72.8777,False,1,2,8
2026-08-12 02:00:00,25.8,90.0,1004.6,AWS002,Mumbai,19.076,72.8777,False,2,2,8
2026-08-12 03:00:00,26.1,91.0,1004.4,AWS002,Mumbai,19.076,72.8777,False,3,2,8
2026-08-12 04:00:00,24.8,90.0,1004.5,AWS002,Mumbai,19.076,72.8777,False,4,2,8
2026-08-12 05:00:00,25.5,91.0,1004.4,AWS002,Mumbai,19.076,72.8777,False,5,2,8
2026-08-12 06:00:00,25.6,91.0,1004.7,AWS002,Mumbai,19.076,72.8777,False,6,2,8
2026-08-12 07:00:00,26.3,89.0,1005.5,AWS002,Mumbai,19.076,72.8777,False,7,2,8
2026-08-12 08:00:00,26.9,88.0,1005.9,AWS002,Mumbai,19.076,72.8777,False,8,2,8
2026-08-12 09:00:00,27.7,79.0,1006.4,AWS002,Mumbai,19.076,72.8777,False,9,2,8
2026-08-12 10:00:00,27.9,77.0,1006.5,AWS002,Mumbai,19.076,72.8777,False,10,2,8
2026-08-12 11:00:00,26.6,88.0,1006.7,AWS002,Mumbai,19.076,72.8777,False,11,2,8
2026-08-12 12:00:00,26.9,85.0,1006.2,AWS002,Mumbai,19.076,72.8777,False,12,2,8
2026-08-12 13:00:00,27.9,82.0,1005.9,AWS002,Mumbai,19.076,72.8777,False,13,2,8
2026-08-12 14:00:00,27.7,81.0,1005.6,AWS002,Mumbai,19.076,72.8777,False,14,2,8
2026-08-12 15:00:00,28.3,80.0,1004.9,AWS002,Mumbai,19.076,72.8777,False,15,2,8
2026-08-12 16:00:00,28.5,74.0,1004.7,AWS002,Mumbai,19.076,72.8777,False,16,2,8
2026-08-12 17:00:00,28.3,76.0,1005.1,AWS002,Mumbai,19.076,72.8777,False,17,2,8
2026-08-12 18:00:00,27.9,79.0,1005.5,AWS002,Mumbai,19.076,72.8777,False,18,2,8
2026-08-12 19:00:00,26.8,86.0,1006.3,AWS002,Mumbai,19.076,72.8777,False,19,2,8
2026-08-12 20:00:00,26.8,88.0,1006.9,AWS002,Mumbai,19.076,72.8777,False,20,2,8
2026-08-12 21:00:00,27.1,87.0,1007.9,AWS002,Mumbai,19.076,72.8777,False,21,2,8
2026-08-12 22:00:00,26.3,89.0,1008.4,AWS002,Mumbai,19.076,72.8777,False,22,2,8
2026-08-12 23:00:00,26.8,87.0,1008.0,AWS002,Mumbai,19.076,72.8777,False,23,2,8
2026-08-13 00:00:00,26.3,88.0,1007.2,AWS002,Mumbai,19.076,72.8777,False,0,3,8
2026-08-13 01:00:00,26.0,88.0,1007.2,AWS002,Mumbai,19.076,72.8777,False,1,3,8
2026-08-13 02:00:00,25.9,89.0,1006.7,AWS002,Mumbai,19.076,72.8777,False,2,3,8
2026-08-13 03:00:00,25.5,89.0,1006.4,AWS002,Mumbai,19.076,72.8777,False,3,3,8
2026-08-13 04:00:00,26.5,88.0,1006.3,AWS002,Mumbai,19.076,72.8777,False,4,3,8
2026-08-13 05:00:00,26.3,87.0,1005.9,AWS002,Mumbai,19.076,72.8777,False,5,3,8
2026-08-13 06:00:00,26.7,88.0,1006.5,AWS002,Mumbai,19.076,72.8777,False,6,3,8
2026-08-13 07:00:00,27.3,85.0,1007.3,AWS002,Mumbai,19.076,72.8777,False,7,3,8
2026-08-13 08:00:00,27.6,77.0,1007.6,AWS002,Mumbai,19.076,72.8777,False,8,3,8
2026-08-13 09:00:00,28.1,78.0,1008.1,AWS002,Mumbai,19.076,72.8777,False,9,3,8
2026-08-13 10:00:00,27.2,78.0,1008.5,AWS002,Mumbai,19.076,72.8777,False,10,3,8
2026-08-13 11:00:00,26.1,88.0,1008.4,AWS002,Mumbai,19.076,72.8777,False,11,3,8
2026-08-13 12:00:00,27.3,87.0,1008.1,AWS002,Mumbai,19.076,72.8777,False,12,3,8
2026-08-13 13:00:00,28.1,80.0,1007.5,AWS002,Mumbai,19.076,72.8777,False,13,3,8
2026-08-13 14:00:00,28.3,79.0,1007.1,AWS002,Mumbai,19.076,72.8777,False,14,3,8
2026-08-13 15:00:00,28.3,78.0,1006.6,AWS002,Mumbai,19.076,72.8777,False,15,3,8
2026-08-13 16:00:00,27.9,78.0,1006.2,AWS002,Mumbai,19.076,72.8777,False,16,3,8
2026-08-13 17:00:00,26.9,82.0,1006.7,AWS002,Mumbai,19.076,72.8777,False,17,3,8
2026-08-13 18:00:00,27.3,83.0,1006.5,AWS002,Mumbai,19.076,72.8777,False,18,3,8
2026-08-13 19:00:00,27.0,82.0,1007.3,AWS002,Mumbai,19.076,72.8777,False,19,3,8
2026-08-13 20:00:00,27.5,80.0,1007.8,AWS002,Mumbai,19.076,72.8777,False,20,3,8
2026-08-13 21:00:00,27.4,80.0,1008.5,AWS002,Mumbai,19.076,72.8777,False,21,3,8
2026-08-13 22:00:00,27.4,80.0,1008.4,AWS002,Mumbai,19.076,72.8777,False,22,3,8
2026-08-13 23:00:00,26.8,85.0,1007.7,AWS002,Mumbai,19.076,72.8777,False,23,3,8
2026-08-14 00:00:00,26.7,84.0,1007.3,AWS002,Mumbai,19.076,72.8777,False,0,4,8
2026-08-14 01:00:00,26.3,86.0,1006.8,AWS002,Mumbai,19.076,72.8777,False,1,4,8
2026-08-14 02:00:00,26.0,88.0,1006.4,AWS002,Mumbai,19.076,72.8777,False,2,4,8
2026-08-14 03:00:00,25.5,90.0,1006.4,AWS002,Mumbai,19.076,72.8777,False,3,4,8
2026-08-14 04:00:00,25.9,88.0,1006.1,AWS002,Mumbai,19.076,72.8777,False,4,4,8
2026-08-14 05:00:00,25.8,91.0,1006.2,AWS002,Mumbai,19.076,72.8777,False,5,4,8
2026-08-14 06:00:00,25.4,89.0,1006.6,AWS002,Mumbai,19.076,72.8777,False,6,4,8
2026-08-14 07:00:00,26.1,89.0,1007.4,AWS002,Mumbai,19.076,72.8777,False,7,4,8
2026-08-14 08:00:00,26.9,86.0,1007.8,AWS002,Mumbai,19.076,72.8777,False,8,4,8
2026-08-14 09:00:00,28.1,77.0,1008.2,AWS002,Mumbai,19.076,72.8777,False,9,4,8
2026-08-14 10:00:00,28.2,78.0,1008.2,AWS002,Mumbai,19.076,72.8777,False,10,4,8
2026-08-14 11:00:00,28.9,76.0,1008.1,AWS002,Mumbai,19.076,72.8777,False,11,4,8
2026-08-14 12:00:00,29.0,75.0,1008.0,AWS002,Mumbai,19.076,72.8777,False,12,4,8
2026-08-14 13:00:00,29.0,74.0,1007.9,AWS002,Mumbai,19.076,72.8777,False,13,4,8
2026-08-14 14:00:00,28.5,72.0,1007.2,AWS002,Mumbai,19.076,72.8777,False,14,4,8
2026-08-14 15:00:00,28.2,77.0,1006.8,AWS002,Mumbai,19.076,72.8777,False,15,4,8
2026-08-14 16:00:00,28.1,76.0,1006.1,AWS002,Mumbai,19.076,72.8777,False,16,4,8
2026-08-14 17:00:00,27.2,82.0,1006.6,AWS002,Mumbai,19.076,72.8777,False,17,4,8
2026-08-14 18:00:00,27.4,81.0,1006.2,AWS002,Mumbai,19.076,72.8777,False,18,4,8
2026-08-14 19:00:00,27.4,81.0,1006.8,AWS002,Mumbai,19.076,72.8777,False,19,4,8
2026-08-14 20:00:00,27.5,79.0,1007.2,AWS002,Mumbai,19.076,72.8777,False,20,4,8
2026-08-14 21:00:00,26.9,83.0,1007.8,AWS002,Mumbai,19.076,72.8777,False,21,4,8
2026-08-14 22:00:00,27.0,80.0,1007.8,AWS002,Mumbai,19.076,72.8777,False,22,4,8
2026-08-14 23:00:00,26.1,88.0,1007.5,AWS002,Mumbai,19.076,72.8777,False,23,4,8
2026-08-15 00:00:00,26.8,85.0,1006.9,AWS002,Mumbai,19.076,72.8777,False,0,5,8
2026-08-15 01:00:00,26.6,83.0,1006.9,AWS002,Mumbai,19.076,72.8777,False,1,5,8
2026-08-15 02:00:00,26.0,87.0,1006.6,AWS002,Mumbai,19.076,72.8777,False,2,5,8
2026-08-15 03:00:00,25.7,88.0,1006.7,AWS002,Mumbai,19.076,72.8777,False,3,5,8
2026-08-15 04:00:00,25.8,88.0,1006.7,AWS002,Mumbai,19.076,72.8777,False,4,5,8
2026-08-15 05:00:00,24.9,94.0,1006.8,AWS002,Mumbai,19.076,72.8777,False,5,5,8
2026-08-15 06:00:00,24.8,96.0,1007.0,AWS002,Mumbai,19.076,72.8777,False,6,5,8
2026-08-15 07:00:00,25.6,95.0,1007.8,AWS002,Mumbai,19.076,72.8777,False,7,5,8
2026-08-15 08:00:00,26.2,90.0,1008.2,AWS002,Mumbai,19.076,72.8777,False,8,5,8
2026-08-15 09:00:00,26.4,85.0,1008.7,AWS002,Mumbai,19.076,72.8777,False,9,5,8
2026-08-15 10:00:00,26.7,86.0,1008.7,AWS002,Mumbai,19.076,72.8777,False,10,5,8
2026-08-15 11:00:00,28.4,77.0,1008.3,AWS002,Mumbai,19.076,72.8777,False,11,5,8
2026-08-15 12:00:00,27.8,76.0,1008.1,AWS002,Mumbai,19.076,72.8777,False,12,5,8
2026-08-15 13:00:00,27.4,82.0,1007.8,AWS002,Mumbai,19.076,72.8777,False,13,5,8
2026-08-15 14:00:00,28.3,79.0,1006.9,AWS002,Mumbai,19.076,72.8777,False,14,5,8
2026-08-15 15:00:00,27.9,76.0,1006.4,AWS002,Mumbai,19.076,72.8777,False,15,5,8
2026-08-15 16:00:00,27.5,79.0,1005.8,AWS002,Mumbai,19.076,72.8777,False,16,5,8
2026-08-15 17:00:00,28.3,79.0,1005.9,AWS002,Mumbai,19.076,72.8777,False,17,5,8
2026-08-15 18:00:00,27.1,87.0,1006.3,AWS002,Mumbai,19.076,72.8777,False,18,5,8
2026-08-15 19:00:00,26.7,87.0,1006.7,AWS002,Mumbai,19.076,72.8777,False,19,5,8
2026-08-15 20:00:00,25.8,90.0,1007.6,AWS002,Mumbai,19.076,72.8777,False,20,5,8
2026-08-15 21:00:00,25.8,91.0,1008.0,AWS002,Mumbai,19.076,72.8777,False,21,5,8
2026-08-15 22:00:00,26.1,91.0,1008.2,AWS002,Mumbai,19.076,72.8777,False,22,5,8
2026-08-15 23:00:00,25.8,93.0,1007.6,AWS002,Mumbai,19.076,72.8777,False,23,5,8
2026-08-16 00:00:00,25.5,94.0,1007.4,AWS002,Mumbai,19.076,72.8777,False,0,6,8
2026-08-16 01:00:00,25.8,91.0,1007.0,AWS002,Mumbai,19.076,72.8777,False,1,6,8
2026-08-16 02:00:00,26.0,90.0,1006.6,AWS002,Mumbai,19.076,72.8777,False,2,6,8
2026-08-16 03:00:00,26.1,90.0,1005.8,AWS002,Mumbai,19.076,72.8777,False,3,6,8
2026-08-16 04:00:00,25.6,90.0,1006.1,AWS002,Mumbai,19.076,72.8777,False,4,6,8
2026-08-16 05:00:00,26.4,84.0,1006.0,AWS002,Mumbai,19.076,72.8777,False,5,6,8
2026-08-16 06:00:00,25.9,87.0,1006.5,AWS002,Mumbai,19.076,72.8777,False,6,6,8
2026-08-16 07:00:00,26.3,88.0,1006.9,AWS002,Mumbai,19.076,72.8777,False,7,6,8
2026-08-16 08:00:00,27.9,79.0,1007.3,AWS002,Mumbai,19.076,72.8777,False,8,6,8
2026-08-16 09:00:00,28.6,76.0,1007.6,AWS002,Mumbai,19.076,72.8777,False,9,6,8
2026-08-16 10:00:00,28.8,76.0,1007.7,AWS002,Mumbai,19.076,72.8777,False,10,6,8
2026-08-16 11:00:00,29.6,72.0,1007.4,AWS002,Mumbai,19.076,72.8777,False,11,6,8
2026-08-16 12:00:00,29.7,72.0,1006.9,AWS002,Mumbai,19.076,72.8777,False,12,6,8
2026-08-16 13:00:00,29.6,72.0,1006.5,AWS002,Mumbai,19.076,72.8777,False,13,6,8
2026-08-16 14:00:00,29.0,74.0,1006.1,AWS002,Mumbai,19.076,72.8777,False,14,6,8
2026-08-16 15:00:00,28.9,74.0,1005.7,AWS002,Mumbai,19.076,72.8777,False,15,6,8
2026-08-16 16:00:00,28.5,75.0,1005.5,AWS002,Mumbai,19.076,72.8777,False,16,6,8
2026-08-16 17:00:00,26.1,85.0,1005.7,AWS002,Mumbai,19.076,72.8777,False,17,6,8
2026-08-16 18:00:00,25.7,92.0,1006.1,AWS002,Mumbai,19.076,72.8777,False,18,6,8
2026-08-16 19:00:00,26.0,91.0,1006.9,AWS002,Mumbai,19.076,72.8777,False,19,6,8
2026-08-16 20:00:00,26.0,90.0,1007.5,AWS002,Mumbai,19.076,72.8777,False,20,6,8
2026-08-16 21:00:00,26.4,91.0,1008.0,AWS002,Mumbai,19.076,72.8777,False,21,6,8
2026-08-16 22:00:00,26.5,89.0,1008.1,AWS002,Mumbai,19.076,72.8777,False,22,6,8
2026-08-16 23:00:00,27.0,84.0,1007.7,AWS002,Mumbai,19.076,72.8777,False,23,6,8
2026-08-17 00:00:00,27.1,80.0,1007.3,AWS002,Mumbai,19.076,72.8777,False,0,0,8
2026-08-17 01:00:00,26.7,82.0,1006.8,AWS002,Mumbai,19.076,72.8777,False,1,0,8
2026-08-17 02:00:00,26.3,84.0,1006.5,AWS002,Mumbai,19.076,72.8777,False,2,0,8
2026-08-17 03:00:00,25.5,87.0,1006.6,AWS002,Mumbai,19.076,72.8777,False,3,0,8
2026-08-17 04:00:00,26.3,85.0,1006.6,AWS002,Mumbai,19.076,72.8777,False,4,0,8
2026-08-17 05:00:00,25.6,84.0,1006.5,AWS002,Mumbai,19.076,72.8777,False,5,0,8
2026-08-17 06:00:00,26.9,86.0,1006.8,AWS002,Mumbai,19.076,72.8777,False,6,0,8
2026-08-17 07:00:00,28.0,75.0,1007.1,AWS002,Mumbai,19.076,72.8777,False,7,0,8
2026-08-17 08:00:00,28.5,70.0,1007.6,AWS002,Mumbai,19.076,72.8777,False,8,0,8
2026-08-17 09:00:00,28.6,73.0,1008.5,AWS002,Mumbai,19.076,72.8777,False,9,0,8
2026-08-17 10:00:00,28.2,76.0,1008.9,AWS002,Mumbai,19.076,72.8777,False,10,0,8
2026-08-17 11:00:00,27.2,80.0,1009.1,AWS002,Mumbai,19.076,72.8777,False,11,0,8
2026-08-17 12:00:00,27.3,83.0,1009.0,AWS002,Mumbai,19.076,72.8777,False,12,0,8
2026-08-17 13:00:00,27.5,79.0,1008.1,AWS002,Mumbai,19.076,72.8777,False,13,0,8
2026-08-17 14:00:00,29.4,74.0,1007.6,AWS002,Mumbai,19.076,72.8777,False,14,0,8
2026-08-17 15:00:00,28.4,76.0,1007.2,AWS002,Mumbai,19.076,72.8777,False,15,0,8
2026-08-17 16:00:00,27.8,78.0,1006.8,AWS002,Mumbai,19.076,72.8777,False,16,0,8
2026-08-17 17:00:00,27.7,79.0,1007.1,AWS002,Mumbai,19.076,72.8777,False,17,0,8
2026-08-17 18:00:00,27.7,81.0,1007.4,AWS002,Mumbai,19.076,72.8777,False,18,0,8
2026-08-17 19:00:00,27.7,79.0,1007.7,AWS002,Mumbai,19.076,72.8777,False,19,0,8
2026-08-17 20:00:00,27.5,82.0,1008.3,AWS002,Mumbai,19.076,72.8777,False,20,0,8
2026-08-17 21:00:00,27.6,82.0,1009.0,AWS002,Mumbai,19.076,72.8777,False,21,0,8
2026-08-17 22:00:00,27.6,81.0,1009.3,AWS002,Mumbai,19.076,72.8777,False,22,0,8
2026-08-17 23:00:00,27.5,77.0,1009.0,AWS002,Mumbai,19.076,72.8777,False,23,0,8
2026-08-18 00:00:00,27.2,83.0,1008.5,AWS002,Mumbai,19.076,72.8777,False,0,1,8
2026-08-18 01:00:00,27.0,82.0,1008.1,AWS002,Mumbai,19.076,72.8777,False,1,1,8
2026-08-18 02:00:00,26.5,85.0,1007.6,AWS002,Mumbai,19.076,72.8777,False,2,1,8
2026-08-18 03:00:00,25.8,89.0,1007.6,AWS002,Mumbai,19.076,72.8777,False,3,1,8
2026-08-18 04:00:00,26.8,88.0,1007.4,AWS002,Mumbai,19.076,72.8777,False,4,1,8
2026-08-18 05:00:00,27.3,83.0,1007.2,AWS002,Mumbai,19.076,72.8777,False,5,1,8
2026-08-18 06:00:00,27.3,83.0,1007.8,AWS002,Mumbai,19.076,72.8777,False,6,1,8
2026-08-18 07:00:00,26.7,86.0,1008.5,AWS002,Mumbai,19.076,72.8777,False,7,1,8
2026-08-18 08:00:00,27.0,81.0,1009.2,AWS002,Mumbai,19.076,72.8777,False,8,1,8
2026-08-18 09:00:00,28.0,80.0,1009.8,AWS002,Mumbai,19.076,72.8777,False,9,1,8
2026-08-18 10:00:00,28.1,78.0,1010.1,AWS002,Mumbai,19.076,72.8777,False,10,1,8
2026-08-18 11:00:00,29.0,74.0,1009.8,AWS002,Mumbai,19.076,72.8777,False,11,1,8
2026-08-18 12:00:00,28.9,75.0,1009.4,AWS002,Mumbai,19.076,72.8777,False,12,1,8
2026-08-18 13:00:00,29.2,75.0,1009.0,AWS002,Mumbai,19.076,72.8777,False,13,1,8
2026-08-18 14:00:00,29.1,73.0,1008.7,AWS002,Mumbai,19.076,72.8777,False,14,1,8
2026-08-18 15:00:00,28.3,77.0,1008.0,AWS002,Mumbai,19.076,72.8777,False,15,1,8
2026-08-18 16:00:00,28.0,78.0,1007.5,AWS002,Mumbai,19.076,72.8777,False,16,1,8
2026-08-18 17:00:00,28.1,83.0,1007.4,AWS002,Mumbai,19.076,72.8777,False,17,1,8
2026-08-18 18:00:00,27.6,85.0,1007.9,AWS002,Mumbai,19.076,72.8777,False,18,1,8
2026-08-18 19:00:00,27.2,85.0,1008.2,AWS002,Mumbai,19.076,72.8777,False,19,1,8
2026-08-18 20:00:00,27.2,85.0,1008.7,AWS002,Mumbai,19.076,72.8777,False,20,1,8
2026-08-18 21:00:00,27.1,87.0,1009.0,AWS002,Mumbai,19.076,72.8777,False,21,1,8
2026-08-18 22:00:00,26.8,88.0,1009.5,AWS002,Mumbai,19.076,72.8777,False,22,1,8
2026-08-18 23:00:00,26.8,87.0,1008.9,AWS002,Mumbai,19.076,72.8777,False,23,1,8
2026-08-19 00:00:00,27.0,85.0,1008.4,AWS002,Mumbai,19.076,72.8777,False,0,2,8
2026-08-19 01:00:00,27.1,84.0,1008.0,AWS002,Mumbai,19.076,72.8777,False,1,2,8
2026-08-19 02:00:00,26.0,88.0,1007.6,AWS002,Mumbai,19.076,72.8777,False,2,2,8
2026-08-19 03:00:00,26.3,88.0,1007.5,AWS002,Mumbai,19.076,72.8777,False,3,2,8
2026-08-19 04:00:00,26.2,87.0,1007.6,AWS002,Mumbai,19.076,72.8777,False,4,2,8
2026-08-19 05:00:00,26.3,91.0,1007.5,AWS002,Mumbai,19.076,72.8777,False,5,2,8
2026-08-19 06:00:00,26.7,91.0,1007.7,AWS002,Mumbai,19.076,72.8777,False,6,2,8
2026-08-19 07:00:00,27.4,87.0,1008.1,AWS002,Mumbai,19.076,72.8777,False,7,2,8
2026-08-19 08:00:00,27.2,82.0,1008.7,AWS002,Mumbai,19.076,72.8777,False,8,2,8
2026-08-19 09:00:00,28.0,80.0,1009.4,AWS002,Mumbai,19.076,72.8777,False,9,2,8
2026-08-19 10:00:00,28.4,81.0,1009.9,AWS002,Mumbai,19.076,72.8777,False,10,2,8
2026-08-19 11:00:00,28.4,77.0,1009.7,AWS002,Mumbai,19.076,72.8777,False,11,2,8
2026-08-19 12:00:00,28.7,78.0,1009.6,AWS002,Mumbai,19.076,72.8777,False,12,2,8
2026-08-19 13:00:00,28.2,78.0,1009.3,AWS002,Mumbai,19.076,72.8777,False,13,2,8
2026-08-19 14:00:00,29.1,77.0,1008.3,AWS002,Mumbai,19.076,72.8777,False,14,2,8
2026-08-19 15:00:00,29.0,75.0,1008.0,AWS002,Mumbai,19.076,72.8777,False,15,2,8
2026-08-19 16:00:00,28.5,77.0,1007.9,AWS002,Mumbai,19.076,72.8777,False,16,2,8
2026-08-19 17:00:00,28.1,78.0,1008.0,AWS002,Mumbai,19.076,72.8777,False,17,2,8
2026-08-19 18:00:00,27.9,81.0,1008.4,AWS002,Mumbai,19.076,72.8777,False,18,2,8
2026-08-19 19:00:00,27.5,84.0,1008.5,AWS002,Mumbai,19.076,72.8777,False,19,2,8
2026-08-19 20:00:00,27.5,84.0,1009.1,AWS002,Mumbai,19.076,72.8777,False,20,2,8
2026-08-19 21:00:00,27.4,85.0,1009.4,AWS002,Mumbai,19.076,72.8777,False,21,2,8
2026-08-19 22:00:00,27.2,86.0,1009.8,AWS002,Mumbai,19.076,72.8777,False,22,2,8
2026-08-19 23:00:00,26.9,88.0,1009.4,AWS002,Mumbai,19.076,72.8777,False,23,2,8
2026-08-20 00:00:00,26.8,88.0,1008.7,AWS002,Mumbai,19.076,72.8777,False,0,3,8
2026-08-20 01:00:00,25.9,91.0,1008.3,AWS002,Mumbai,19.076,72.8777,False,1,3,8
2026-08-20 02:00:00,26.7,89.0,1008.1,AWS002,Mumbai,19.076,72.8777,False,2,3,8
2026-08-20 03:00:00,26.4,89.0,1008.0,AWS002,Mumbai,19.076,72.8777,False,3,3,8
2026-08-20 04:00:00,26.7,85.0,1007.9,AWS002,Mumbai,19.076,72.8777,False,4,3,8
2026-08-20 05:00:00,26.8,85.0,1007.6,AWS002,Mumbai,19.076,72.8777,False,5,3,8
2026-08-20 06:00:00,26.9,85.0,1008.1,AWS002,Mumbai,19.076,72.8777,False,6,3,8
2026-08-20 07:00:00,27.3,83.0,1008.6,AWS002,Mumbai,19.076,72.8777,False,7,3,8
2026-08-20 08:00:00,27.7,80.0,1009.3,AWS002,Mumbai,19.076,72.8777,False,8,3,8
2026-08-20 09:00:00,28.4,76.0,1009.6,AWS002,Mumbai,19.076,72.8777,False,9,3,8
2026-08-20 10:00:00,28.7,75.0,1009.6,AWS002,Mumbai,19.076,72.8777,False,10,3,8
2026-08-20 11:00:00,28.8,78.0,1009.7,AWS002,Mumbai,19.076,72.8777,False,11,3,8
2026-08-20 12:00:00,29.3,75.0,1009.4,AWS002,Mumbai,19.076,72.8777,False,12,3,8
2026-08-20 13:00:00,29.7,69.0,1008.7,AWS002,Mumbai,19.076,72.8777,False,13,3,8
2026-08-20 14:00:00,29.7,70.0,1007.9,AWS002,Mumbai,19.076,72.8777,False,14,3,8
2026-08-20 15:00:00,29.2,73.0,1007.4,AWS002,Mumbai,19.076,72.8777,False,15,3,8
2026-08-20 16:00:00,28.9,74.0,1007.3,AWS002,Mumbai,19.076,72.8777,False,16,3,8
2026-08-20 17:00:00,28.8,74.0,1007.2,AWS002,Mumbai,19.076,72.8777,False,17,3,8
2026-08-20 18:00:00,28.2,77.0,1007.4,AWS002,Mumbai,19.076,72.8777,False,18,3,8
2026-08-20 19:00:00,27.8,78.0,1007.9,AWS002,Mumbai,19.076,72.8777,False,19,3,8
2026-08-20 20:00:00,27.6,80.0,1008.4,AWS002,Mumbai,19.076,72.8777,False,20,3,8
2026-08-20 21:00:00,27.4,82.0,1008.7,AWS002,Mumbai,19.076,72.8777,False,21,3,8
2026-08-20 22:00:00,27.3,83.0,1009.1,AWS002,Mumbai,19.076,72.8777,False,22,3,8
2026-08-20 23:00:00,26.4,85.0,1008.6,AWS002,Mumbai,19.076,72.8777,False,23,3,8
2026-08-21 00:00:00,26.4,86.0,1008.2,AWS002,Mumbai,19.076,72.8777,False,0,4,8
2026-08-21 01:00:00,26.1,87.0,1007.9,AWS002,Mumbai,19.076,72.8777,False,1,4,8
2026-08-21 02:00:00,26.3,84.0,1007.8,AWS002,Mumbai,19.076,72.8777,False,2,4,8
2026-08-21 03:00:00,26.2,83.0,1007.4,AWS002,Mumbai,19.076,72.8777,False,3,4,8
2026-08-21 04:00:00,25.4,88.0,1007.6,AWS002,Mumbai,19.076,72.8777,False,4,4,8
2026-08-21 05:00:00,25.9,86.0,1007.4,AWS002,Mumbai,19.076,72.8777,False,5,4,8
2026-08-21 06:00:00,26.4,83.0,1007.6,AWS002,Mumbai,19.076,72.8777,False,6,4,8
2026-08-21 07:00:00,27.0,82.0,1008.1,AWS002,Mumbai,19.076,72.8777,False,7,4,8
2026-08-21 08:00:00,28.0,77.0,1008.6,AWS002,Mumbai,19.076,72.8777,False,8,4,8
2026-08-21 09:00:00,28.4,75.0,1008.9,AWS002,Mumbai,19.076,72.8777,False,9,4,8
2026-08-21 10:00:00,28.5,78.0,1008.8,AWS002,Mumbai,19.076,72.8777,False,10,4,8
2026-08-21 11:00:00,28.7,74.0,1008.7,AWS002,Mumbai,19.076,72.8777,False,11,4,8
2026-08-21 12:00:00,28.9,72.0,1008.2,AWS002,Mumbai,19.076,72.8777,False,12,4,8
2026-08-21 13:00:00,28.8,74.0,1007.8,AWS002,Mumbai,19.076,72.8777,False,13,4,8
2026-08-21 14:00:00,28.8,74.0,1007.1,AWS002,Mumbai,19.076,72.8777,False,14,4,8
2026-08-21 15:00:00,28.5,76.0,1006.7,AWS002,Mumbai,19.076,72.8777,False,15,4,8
2026-08-21 16:00:00,28.0,76.0,1006.4,AWS002,Mumbai,19.076,72.8777,False,16,4,8
2026-08-21 17:00:00,28.1,76.0,1006.4,AWS002,Mumbai,19.076,72.8777,False,17,4,8
2026-08-21 18:00:00,27.9,77.0,1006.6,AWS002,Mumbai,19.076,72.8777,False,18,4,8
2026-08-21 19:00:00,27.6,77.0,1007.3,AWS002,Mumbai,19.076,72.8777,False,19,4,8
2026-08-21 20:00:00,27.5,77.0,1007.7,AWS002,Mumbai,19.076,72.8777,False,20,4,8
2026-08-21 21:00:00,27.5,77.0,1008.2,AWS002,Mumbai,19.076,72.8777,False,21,4,8
2026-08-21 22:00:00,26.9,81.0,1008.7,AWS002,Mumbai,19.076,72.8777,False,22,4,8
2026-08-21 23:00:00,26.6,84.0,1008.4,AWS002,Mumbai,19.076,72.8777,False,23,4,8
2026-08-22 00:00:00,26.0,87.0,1007.9,AWS002,Mumbai,19.076,72.8777,False,0,5,8
2026-08-22 01:00:00,26.0,87.0,1007.5,AWS002,Mumbai,19.076,72.8777,False,1,5,8
2026-08-22 02:00:00,25.8,88.0,1006.8,AWS002,Mumbai,19.076,72.8777,False,2,5,8
2026-08-22 03:00:00,26.0,87.0,1006.4,AWS002,Mumbai,19.076,72.8777,False,3,5,8
2026-08-22 04:00:00,24.7,93.0,1006.9,AWS002,Mumbai,19.076,72.8777,False,4,5,8
2026-08-22 05:00:00,25.6,90.0,1006.7,AWS002,Mumbai,19.076,72.8777,False,5,5,8
2026-08-22 06:00:00,25.8,89.0,1007.3,AWS002,Mumbai,19.076,72.8777,False,6,5,8
2026-08-22 07:00:00,26.2,89.0,1007.8,AWS002,Mumbai,19.076,72.8777,False,7,5,8
2026-08-22 08:00:00,27.0,88.0,1008.2,AWS002,Mumbai,19.076,72.8777,False,8,5,8
2026-08-22 09:00:00,27.3,85.0,1008.7,AWS002,Mumbai,19.076,72.8777,False,9,5,8
2026-08-22 10:00:00,26.5,86.0,1009.1,AWS002,Mumbai,19.076,72.8777,False,10,5,8
2026-08-22 11:00:00,29.0,68.0,1008.4,AWS002,Mumbai,19.076,72.8777,False,11,5,8
2026-08-22 12:00:00,28.6,79.0,1007.7,AWS002,Mumbai,19.076,72.8777,False,12,5,8
2026-08-22 13:00:00,28.5,79.0,1007.3,AWS002,Mumbai,19.076,72.8777,False,13,5,8
2026-08-22 14:00:00,28.7,79.0,1006.5,AWS002,Mumbai,19.076,72.8777,False,14,5,8
2026-08-22 15:00:00,28.8,76.0,1006.1,AWS002,Mumbai,19.076,72.8777,False,15,5,8
2026-08-22 16:00:00,28.1,75.0,1005.7,AWS002,Mumbai,19.076,72.8777,False,16,5,8
2026-08-22 17:00:00,28.2,82.0,1005.5,AWS002,Mumbai,19.076,72.8777,False,17,5,8
2026-08-22 18:00:00,27.3,84.0,1005.7,AWS002,Mumbai,19.076,72.8777,False,18,5,8
2026-08-22 19:00:00,27.2,85.0,1006.3,AWS002,Mumbai,19.076,72.8777,False,19,5,8
2026-08-22 20:00:00,26.6,85.0,1006.9,AWS002,Mumbai,19.076,72.8777,False,20,5,8
2026-08-22 21:00:00,26.0,89.0,1007.5,AWS002,Mumbai,19.076,72.8777,False,21,5,8
2026-08-22 22:00:00,26.5,89.0,1007.7,AWS002,Mumbai,19.076,72.8777,False,22,5,8
2026-08-22 23:00:00,27.0,85.0,1007.2,AWS002,Mumbai,19.076,72.8777,False,23,5,8
2026-08-23 00:00:00,26.3,90.0,1006.5,AWS002,Mumbai,19.076,72.8777,False,0,6,8
2026-08-23 01:00:00,26.3,88.0,1006.0,AWS002,Mumbai,19.076,72.8777,False,1,6,8
2026-08-23 02:00:00,26.2,86.0,1005.7,AWS002,Mumbai,19.076,72.8777,False,2,6,8
2026-08-23 03:00:00,26.0,89.0,1005.4,AWS002,Mumbai,19.076,72.8777,False,3,6,8
2026-08-23 04:00:00,26.0,88.0,1005.6,AWS002,Mumbai,19.076,72.8777,False,4,6,8
2026-08-23 05:00:00,26.9,83.0,1005.3,AWS002,Mumbai,19.076,72.8777,False,5,6,8
2026-08-23 06:00:00,26.7,78.0,1005.9,AWS002,Mumbai,19.076,72.8777,False,6,6,8
2026-08-23 07:00:00,27.0,79.0,1006.7,AWS002,Mumbai,19.076,72.8777,False,7,6,8
2026-08-23 08:00:00,27.4,88.0,1007.2,AWS002,Mumbai,19.076,72.8777,False,8,6,8
2026-08-23 09:00:00,28.1,83.0,1007.6,AWS002,Mumbai,19.076,72.8777,False,9,6,8
2026-08-23 10:00:00,28.8,78.0,1007.9,AWS002,Mumbai,19.076,72.8777,False,10,6,8
2026-08-23 11:00:00,28.6,78.0,1007.8,AWS002,Mumbai,19.076,72.8777,False,11,6,8
2026-08-23 12:00:00,29.0,77.0,1007.6,AWS002,Mumbai,19.076,72.8777,False,12,6,8
2026-08-23 13:00:00,29.3,75.0,1007.0,AWS002,Mumbai,19.076,72.8777,False,13,6,8
2026-08-23 14:00:00,29.1,76.0,1006.4,AWS002,Mumbai,19.076,72.8777,False,14,6,8
2026-08-23 15:00:00,29.0,76.0,1006.2,AWS002,Mumbai,19.076,72.8777,False,15,6,8
2026-08-23 16:00:00,28.7,76.0,1005.8,AWS002,Mumbai,19.076,72.8777,False,16,6,8
2026-08-23 17:00:00,28.6,77.0,1005.9,AWS002,Mumbai,19.076,72.8777,False,17,6,8
2026-08-23 18:00:00,28.1,79.0,1006.0,AWS002,Mumbai,19.076,72.8777,False,18,6,8
2026-08-23 19:00:00,27.4,82.0,1006.9,AWS002,Mumbai,19.076,72.8777,False,19,6,8
2026-08-23 20:00:00,27.2,84.0,1007.4,AWS002,Mumbai,19.076,72.8777,False,20,6,8
2026-08-23 21:00:00,27.2,85.0,1008.0,AWS002,Mumbai,19.076,72.8777,False,21,6,8
2026-08-23 22:00:00,27.1,85.0,1008.5,AWS002,Mumbai,19.076,72.8777,False,22,6,8
2026-08-23 23:00:00,26.8,86.0,1007.9,AWS002,Mumbai,19.076,72.8777,False,23,6,8
2026-08-24 00:00:00,26.4,89.0,1007.3,AWS002,Mumbai,19.076,72.8777,False,0,0,8
2026-08-24 01:00:00,26.2,90.0,1006.9,AWS002,Mumbai,19.076,72.8777,False,1,0,8
2026-08-24 02:00:00,26.0,91.0,1006.1,AWS002,Mumbai,19.076,72.8777,False,2,0,8
2026-08-24 03:00:00,26.0,90.0,1005.9,AWS002,Mumbai,19.076,72.8777,False,3,0,8
2026-08-24 04:00:00,25.8,91.0,1006.1,AWS002,Mumbai,19.076,72.8777,False,4,0,8
2026-08-24 05:00:00,26.0,93.0,1006.0,AWS002,Mumbai,19.076,72.8777,False,5,0,8
2026-08-24 06:00:00,26.4,91.0,1006.3,AWS002,Mumbai,19.076,72.8777,False,6,0,8
2026-08-24 07:00:00,27.2,88.0,1007.2,AWS002,Mumbai,19.076,72.8777,False,7,0,8
2026-08-24 08:00:00,28.0,81.0,1007.5,AWS002,Mumbai,19.076,72.8777,False,8,0,8
2026-08-24 09:00:00,28.0,80.0,1008.1,AWS002,Mumbai,19.076,72.8777,False,9,0,8
2026-08-24 10:00:00,28.5,77.0,1008.4,AWS002,Mumbai,19.076,72.8777,False,10,0,8
2026-08-24 11:00:00,28.7,77.0,1007.9,AWS002,Mumbai,19.076,72.8777,False,11,0,8
2026-08-24 12:00:00,28.9,79.0,1007.6,AWS002,Mumbai,19.076,72.8777,False,12,0,8
2026-08-24 13:00:00,28.9,80.0,1007.2,AWS002,Mumbai,19.076,72.8777,False,13,0,8
2026-08-24 14:00:00,28.9,79.0,1006.6,AWS002,Mumbai,19.076,72.8777,False,14,0,8
2026-08-24 15:00:00,28.9,76.0,1006.3,AWS002,Mumbai,19.076,72.8777,False,15,0,8
2026-08-24 16:00:00,28.9,74.0,1005.8,AWS002,Mumbai,19.076,72.8777,False,16,0,8
2026-08-24 17:00:00,27.9,81.0,1005.8,AWS002,Mumbai,19.076,72.8777,False,17,0,8
2026-08-24 18:00:00,27.5,82.0,1006.3,AWS002,Mumbai,19.076,72.8777,False,18,0,8
2026-08-24 19:00:00,27.0,86.0,1006.8,AWS002,Mumbai,19.076,72.8777,False,19,0,8
2026-08-24 20:00:00,27.1,86.0,1007.5,AWS002,Mumbai,19.076,72.8777,False,20,0,8
2026-08-24 21:00:00,27.0,86.0,1008.0,AWS002,Mumbai,19.076,72.8777,False,21,0,8
2026-08-24 22:00:00,26.9,86.0,1008.4,AWS002,Mumbai,19.076,72.8777,False,22,0,8
2026-08-24 23:00:00,26.6,86.0,1008.2,AWS002,Mumbai,19.076,72.8777,False,23,0,8
2026-08-25 00:00:00,26.4,88.0,1007.6,AWS002,Mumbai,19.076,72.8777,False,0,1,8
2026-08-25 01:00:00,26.0,90.0,1007.3,AWS002,Mumbai,19.076,72.8777,False,1,1,8
2026-08-25 02:00:00,26.3,87.0,1006.5,AWS002,Mumbai,19.076,72.8777,False,2,1,8
2026-08-25 03:00:00,26.3,85.0,1006.1,AWS002,Mumbai,19.076,72.8777,False,3,1,8
2026-08-25 04:00:00,25.7,88.0,1006.2,AWS002,Mumbai,19.076,72.8777,False,4,1,8
2026-08-25 05:00:00,26.3,89.0,1006.0,AWS002,Mumbai,19.076,72.8777,False,5,1,8
2026-08-25 06:00:00,25.9,90.0,1006.7,AWS002,Mumbai,19.076,72.8777,False,6,1,8
2026-08-25 07:00:00,26.5,88.0,1007.1,AWS002,Mumbai,19.076,72.8777,False,7,1,8
2026-08-25 08:00:00,27.5,81.0,1007.7,AWS002,Mumbai,19.076,72.8777,False,8,1,8
2026-08-25 09:00:00,28.8,70.0,1008.1,AWS002,Mumbai,19.076,72.8777,False,9,1,8
2026-08-25 10:00:00,29.4,69.0,1008.5,AWS002,Mumbai,19.076,72.8777,False,10,1,8
2026-08-25 11:00:00,28.6,75.0,1008.7,AWS002,Mumbai,19.076,72.8777,False,11,1,8
2026-08-25 12:00:00,29.3,74.0,1008.3,AWS002,Mumbai,19.076,72.8777,False,12,1,8
2026-08-25 13:00:00,29.3,74.0,1007.5,AWS002,Mumbai,19.076,72.8777,False,13,1,8
2026-08-25 14:00:00,29.1,74.0,1006.7,AWS002,Mumbai,19.076,72.8777,False,14,1,8
2026-08-25 15:00:00,28.8,74.0,1006.6,AWS002,Mumbai,19.076,72.8777,False,15,1,8
2026-08-25 16:00:00,28.9,75.0,1006.3,AWS002,Mumbai,19.076,72.8777,False,16,1,8
2026-08-25 17:00:00,28.9,75.0,1006.4,AWS002,Mumbai,19.076,72.8777,False,17,1,8
2026-08-25 18:00:00,28.1,80.0,1006.8,AWS002,Mumbai,19.076,72.8777,False,18,1,8
2026-08-25 19:00:00,27.7,81.0,1007.5,AWS002,Mumbai,19.076,72.8777,False,19,1,8
2026-08-25 20:00:00,27.5,82.0,1008.1,AWS002,Mumbai,19.076,72.8777,False,20,1,8
2026-08-25 21:00:00,27.4,83.0,1008.8,AWS002,Mumbai,19.076,72.8777,False,21,1,8
2026-08-25 22:00:00,26.5,85.0,1009.2,AWS002,Mumbai,19.076,72.8777,False,22,1,8
2026-08-25 23:00:00,26.9,85.0,1009.2,AWS002,Mumbai,19.076,72.8777,False,23,1,8
2026-08-26 00:00:00,26.8,85.0,1008.8,AWS002,Mumbai,19.076,72.8777,False,0,2,8
2026-08-26 01:00:00,26.9,83.0,1008.3,AWS002,Mumbai,19.076,72.8777,False,1,2,8
2026-08-26 02:00:00,26.6,85.0,1008.0,AWS002,Mumbai,19.076,72.8777,False,2,2,8
2026-08-26 03:00:00,26.6,85.0,1007.6,AWS002,Mumbai,19.076,72.8777,False,3,2,8
2026-08-26 04:00:00,26.5,85.0,1007.6,AWS002,Mumbai,19.076,72.8777,False,4,2,8
2026-08-26 05:00:00,26.1,88.0,1007.8,AWS002,Mumbai,19.076,72.8777,False,5,2,8
2026-08-26 06:00:00,26.2,88.0,1008.1,AWS002,Mumbai,19.076,72.8777,False,6,2,8
2026-08-26 07:00:00,26.7,86.0,1008.6,AWS002,Mumbai,19.076,72.8777,False,7,2,8
2026-08-26 08:00:00,27.2,82.0,1009.2,AWS002,Mumbai,19.076,72.8777,False,8,2,8
2026-08-26 09:00:00,27.8,79.0,1009.6,AWS002,Mumbai,19.076,72.8777,False,9,2,8
2026-08-26 10:00:00,28.3,79.0,1009.5,AWS002,Mumbai,19.076,72.8777,False,10,2,8
2026-08-26 11:00:00,29.4,73.0,1009.0,AWS002,Mumbai,19.076,72.8777,False,11,2,8
2026-08-26 12:00:00,29.1,75.0,1008.7,AWS002,Mumbai,19.076,72.8777,False,12,2,8
2026-08-26 13:00:00,29.4,76.0,1008.3,AWS002,Mumbai,19.076,72.8777,False,13,2,8
2026-08-26 14:00:00,29.4,76.0,1007.7,AWS002,Mumbai,19.076,72.8777,False,14,2,8
2026-08-26 15:00:00,28.8,78.0,1007.3,AWS002,Mumbai,19.076,72.8777,False,15,2,8
2026-08-26 16:00:00,28.4,80.0,1006.8,AWS002,Mumbai,19.076,72.8777,False,16,2,8
2026-08-26 17:00:00,28.4,79.0,1007.0,AWS002,Mumbai,19.076,72.8777,False,17,2,8
2026-08-26 18:00:00,27.9,82.0,1007.3,AWS002,Mumbai,19.076,72.8777,False,18,2,8
2026-08-26 19:00:00,27.5,83.0,1007.8,AWS002,Mumbai,19.076,72.8777,False,19,2,8
2026-08-26 20:00:00,27.3,84.0,1008.4,AWS002,Mumbai,19.076,72.8777,False,20,2,8
2026-08-26 21:00:00,27.2,84.0,1009.0,AWS002,Mumbai,19.076,72.8777,False,21,2,8
2026-08-26 22:00:00,26.9,85.0,1009.6,AWS002,Mumbai,19.076,72.8777,False,22,2,8
2026-08-26 23:00:00,26.8,84.0,1009.1,AWS002,Mumbai,19.076,72.8777,False,23,2,8
2026-08-27 00:00:00,26.4,87.0,1008.8,AWS002,Mumbai,19.076,72.8777,False,0,3,8
2026-08-27 01:00:00,26.4,87.0,1008.3,AWS002,Mumbai,19.076,72.8777,False,1,3,8
2026-08-27 02:00:00,26.1,89.0,1008.1,AWS002,Mumbai,19.076,72.8777,False,2,3,8
2026-08-27 03:00:00,26.2,84.0,1007.4,AWS002,Mumbai,19.076,72.8777,False,3,3,8
2026-08-27 04:00:00,26.1,90.0,1007.5,AWS002,Mumbai,19.076,72.8777,False,4,3,8
2026-08-27 05:00:00,26.5,86.0,1007.7,AWS002,Mumbai,19.076,72.8777,False,5,3,8
2026-08-27 06:00:00,26.3,86.0,1007.8,AWS002,Mumbai,19.076,72.8777,False,6,3,8
2026-08-27 07:00:00,26.9,84.0,1008.4,AWS002,Mumbai,19.076,72.8777,False,7,3,8
2026-08-27 08:00:00,27.7,78.0,1009.0,AWS002,Mumbai,19.076,72.8777,False,8,3,8
2026-08-27 09:00:00,28.4,74.0,1009.2,AWS002,Mumbai,19.076,72.8777,False,9,3,8
2026-08-27 10:00:00,28.6,73.0,1009.5,AWS002,Mumbai,19.076,72.8777,False,10,3,8
2026-08-27 11:00:00,29.1,72.0,1009.3,AWS002,Mumbai,19.076,72.8777,False,11,3,8
2026-08-27 12:00:00,29.6,69.0,1008.8,AWS002,Mumbai,19.076,72.8777,False,12,3,8
2026-08-27 13:00:00,29.4,70.0,1008.2,AWS002,Mumbai,19.076,72.8777,False,13,3,8
2026-08-27 14:00:00,29.2,72.0,1007.3,AWS002,Mumbai,19.076,72.8777,False,14,3,8
2026-08-27 15:00:00,28.7,74.0,1007.1,AWS002,Mumbai,19.076,72.8777,False,15,3,8
2026-08-27 16:00:00,28.5,75.0,1006.8,AWS002,Mumbai,19.076,72.8777,False,16,3,8
2026-08-27 17:00:00,28.9,71.0,1006.9,AWS002,Mumbai,19.076,72.8777,False,17,3,8
2026-08-27 18:00:00,27.8,78.0,1007.2,AWS002,Mumbai,19.076,72.8777,False,18,3,8
2026-08-27 19:00:00,27.4,78.0,1007.7,AWS002,Mumbai,19.076,72.8777,False,19,3,8
2026-08-27 20:00:00,27.3,82.0,1008.3,AWS002,Mumbai,19.076,72.8777,False,20,3,8
2026-08-27 21:00:00,26.8,84.0,1008.8,AWS002,Mumbai,19.076,72.8777,False,21,3,8
2026-08-27 22:00:00,26.9,84.0,1009.0,AWS002,Mumbai,19.076,72.8777,False,22,3,8
2026-08-27 23:00:00,27.1,84.0,1008.5,AWS002,Mumbai,19.076,72.8777,False,23,3,8
2026-08-28 00:00:00,27.0,83.0,1008.1,AWS002,Mumbai,19.076,72.8777,False,0,4,8
2026-08-28 01:00:00,27.0,83.0,1007.9,AWS002,Mumbai,19.076,72.8777,False,1,4,8
2026-08-28 02:00:00,26.7,84.0,1007.2,AWS002,Mumbai,19.076,72.8777,False,2,4,8
2026-08-28 03:00:00,26.6,84.0,1007.0,AWS002,Mumbai,19.076,72.8777,False,3,4,8
2026-08-28 04:00:00,26.9,83.0,1007.1,AWS002,Mumbai,19.076,72.8777,False,4,4,8
2026-08-28 05:00:00,27.1,80.0,1007.3,AWS002,Mumbai,19.076,72.8777,False,5,4,8
2026-08-28 06:00:00,26.8,85.0,1007.6,AWS002,Mumbai,19.076,72.8777,False,6,4,8
2026-08-28 07:00:00,27.2,86.0,1008.4,AWS002,Mumbai,19.076,72.8777,False,7,4,8
2026-08-28 08:00:00,28.1,73.0,1008.8,AWS002,Mumbai,19.076,72.8777,False,8,4,8
2026-08-28 09:00:00,28.1,75.0,1008.9,AWS002,Mumbai,19.076,72.8777,False,9,4,8
2026-08-28 10:00:00,28.2,75.0,1009.1,AWS002,Mumbai,19.076,72.8777,False,10,4,8
2026-08-28 11:00:00,28.2,74.0,1008.9,AWS002,Mumbai,19.076,72.8777,False,11,4,8
2026-08-28 12:00:00,28.2,74.0,1008.7,AWS002,Mumbai,19.076,72.8777,False,12,4,8
2026-08-28 13:00:00,29.0,76.0,1008.1,AWS002,Mumbai,19.076,72.8777,False,13,4,8
2026-08-28 14:00:00,29.1,75.0,1007.5,AWS002,Mumbai,19.076,72.8777,False,14,4,8
2026-08-28 15:00:00,29.0,75.0,1007.2,AWS002,Mumbai,19.076,72.8777,False,15,4,8
2026-08-28 16:00:00,28.6,76.0,1006.8,AWS002,Mumbai,19.076,72.8777,False,16,4,8
2026-08-28 17:00:00,27.5,79.0,1006.9,AWS002,Mumbai,19.076,72.8777,False,17,4,8
2026-08-28 18:00:00,28.1,77.0,1007.4,AWS002,Mumbai,19.076,72.8777,False,18,4,8
2026-08-28 19:00:00,27.4,79.0,1007.8,AWS002,Mumbai,19.076,72.8777,False,19,4,8
2026-08-28 20:00:00,27.0,84.0,1008.3,AWS002,Mumbai,19.076,72.8777,False,20,4,8
2026-08-28 21:00:00,27.2,82.0,1009.1,AWS002,Mumbai,19.076,72.8777,False,21,4,8
2026-08-28 22:00:00,27.0,83.0,1009.4,AWS002,Mumbai,19.076,72.8777,False,22,4,8
2026-08-28 23:00:00,26.9,84.0,1008.9,AWS002,Mumbai,19.076,72.8777,False,23,4,8
2026-08-29 00:00:00,27.0,83.0,1008.5,AWS002,Mumbai,19.076,72.8777,False,0,5,8
2026-08-29 01:00:00,26.9,83.0,1008.2,AWS002,Mumbai,19.076,72.8777,False,1,5,8
2026-08-29 02:00:00,26.8,84.0,1007.7,AWS002,Mumbai,19.076,72.8777,False,2,5,8
2026-08-29 03:00:00,26.2,85.0,1007.7,AWS002,Mumbai,19.076,72.8777,False,3,5,8
2026-08-29 04:00:00,26.3,85.0,1007.6,AWS002,Mumbai,19.076,72.8777,False,4,5,8
2026-08-29 05:00:00,26.9,84.0,1007.3,AWS002,Mumbai,19.076,72.8777,False,5,5,8
2026-08-29 06:00:00,27.1,83.0,1007.7,AWS002,Mumbai,19.076,72.8777,False,6,5,8
2026-08-29 07:00:00,27.4,78.0,1008.3,AWS002,Mumbai,19.076,72.8777,False,7,5,8
2026-08-29 08:00:00,27.4,82.0,1008.9,AWS002,Mumbai,19.076,72.8777,False,8,5,8
2026-08-29 09:00:00,28.2,75.0,1009.4,AWS002,Mumbai,19.076,72.8777,False,9,5,8
2026-08-29 10:00:00,28.2,78.0,1009.6,AWS002,Mumbai,19.076,72.8777,False,10,5,8
2026-08-29 11:00:00,28.2,73.0,1009.7,AWS002,Mumbai,19.076,72.8777,False,11,5,8
2026-08-29 12:00:00,28.9,71.0,1009.4,AWS002,Mumbai,19.076,72.8777,False,12,5,8
2026-08-29 13:00:00,28.5,76.0,1008.9,AWS002,Mumbai,19.076,72.8777,False,13,5,8
2026-08-29 14:00:00,28.2,75.0,1008.3,AWS002,Mumbai,19.076,72.8777,False,14,5,8
2026-08-29 15:00:00,28.2,79.0,1007.8,AWS002,Mumbai,19.076,72.8777,False,15,5,8
2026-08-29 16:00:00,28.3,76.0,1007.5,AWS002,Mumbai,19.076,72.8777,False,16,5,8
2026-08-29 17:00:00,27.9,80.0,1007.6,AWS002,Mumbai,19.076,72.8777,False,17,5,8
2026-08-29 18:00:00,27.7,79.0,1007.8,AWS002,Mumbai,19.076,72.8777,False,18,5,8
2026-08-29 19:00:00,26.8,81.0,1008.5,AWS002,Mumbai,19.076,72.8777,False,19,5,8
2026-08-29 20:00:00,27.0,81.0,1009.0,AWS002,Mumbai,19.076,72.8777,False,20,5,8
2026-08-29 21:00:00,26.9,83.0,1009.5,AWS002,Mumbai,19.076,72.8777,False,21,5,8
2026-08-29 22:00:00,27.1,81.0,1009.4,AWS002,Mumbai,19.076,72.8777,False,22,5,8
2026-08-29 23:00:00,27.2,79.0,1009.0,AWS002,Mumbai,19.076,72.8777,False,23,5,8
2026-08-30 00:00:00,26.9,80.0,1008.7,AWS002,Mumbai,19.076,72.8777,False,0,6,8
2026-08-30 01:00:00,26.9,80.0,1008.2,AWS002,Mumbai,19.076,72.8777,False,1,6,8
2026-08-30 02:00:00,26.8,81.0,1007.6,AWS002,Mumbai,19.076,72.8777,False,2,6,8
2026-08-30 03:00:00,26.6,84.0,1007.4,AWS002,Mumbai,19.076,72.8777,False,3,6,8
2026-08-30 04:00:00,26.6,84.0,1007.3,AWS002,Mumbai,19.076,72.8777,False,4,6,8
2026-08-30 05:00:00,26.6,84.0,1007.4,AWS002,Mumbai,19.076,72.8777,False,5,6,8
2026-08-30 06:00:00,26.8,83.0,1007.6,AWS002,Mumbai,19.076,72.8777,False,6,6,8
2026-08-30 07:00:00,27.2,82.0,1008.4,AWS002,Mumbai,19.076,72.8777,False,7,6,8
2026-08-30 08:00:00,27.8,79.0,1009.1,AWS002,Mumbai,19.076,72.8777,False,8,6,8
2026-08-30 09:00:00,28.4,77.0,1009.4,AWS002,Mumbai,19.076,72.8777,False,9,6,8
2026-08-30 10:00:00,28.9,74.0,1010.0,AWS002,Mumbai,19.076,72.8777,False,10,6,8
2026-08-30 11:00:00,29.1,73.0,1010.2,AWS002,Mumbai,19.076,72.8777,False,11,6,8
2026-08-30 12:00:00,29.4,70.0,1009.8,AWS002,Mumbai,19.076,72.8777,False,12,6,8
2026-08-30 13:00:00,29.5,70.0,1009.2,AWS002,Mumbai,19.076,72.8777,False,13,6,8
2026-08-30 14:00:00,29.3,71.0,1008.6,AWS002,Mumbai,19.076,72.8777,False,14,6,8
2026-08-30 15:00:00,29.1,72.0,1008.5,AWS002,Mumbai,19.076,72.8777,False,15,6,8
2026-08-30 16:00:00,28.7,74.0,1008.2,AWS002,Mumbai,19.076,72.8777,False,16,6,8
2026-08-30 17:00:00,28.5,75.0,1008.3,AWS002,Mumbai,19.076,72.8777,False,17,6,8
2026-08-30 18:00:00,27.7,80.0,1008.3,AWS002,Mumbai,19.076,72.8777,False,18,6,8
2026-08-30 19:00:00,27.4,81.0,1008.9,AWS002,Mumbai,19.076,72.8777,False,19,6,8
2026-08-30 20:00:00,27.4,81.0,1009.2,AWS002,Mumbai,19.076,72.8777,False,20,6,8
2026-08-30 21:00:00,27.2,82.0,1009.8,AWS002,Mumbai,19.076,72.8777,False,21,6,8
2026-08-30 22:00:00,27.1,83.0,1009.8,AWS002,Mumbai,19.076,72.8777,False,22,6,8
2026-08-30 23:00:00,26.4,87.0,1009.6,AWS002,Mumbai,19.076,72.8777,False,23,6,8
2026-08-31 00:00:00,26.3,85.0,1009.2,AWS002,Mumbai,19.076,72.8777,False,0,0,8
2026-08-31 01:00:00,26.3,84.0,1009.0,AWS002,Mumbai,19.076,72.8777,False,1,0,8
2026-08-31 02:00:00,26.6,82.0,1008.5,AWS002,Mumbai,19.076,72.8777,False,2,0,8
2026-08-31 03:00:00,26.6,81.0,1008.1,AWS002,Mumbai,19.076,72.8777,False,3,0,8
2026-08-31 04:00:00,26.4,83.0,1008.4,AWS002,Mumbai,19.076,72.8777,False,4,0,8
2026-08-31 05:00:00,26.3,87.0,1008.5,AWS002,Mumbai,19.076,72.8777,False,5,0,8
2026-08-31 06:00:00,26.6,82.0,1009.0,AWS002,Mumbai,19.076,72.8777,False,6,0,8
2026-08-31 07:00:00,27.2,80.0,1009.2,AWS002,Mumbai,19.076,72.8777,False,7,0,8
2026-08-31 08:00:00,27.9,77.0,1009.7,AWS002,Mumbai,19.076,72.8777,False,8,0,8
2026-08-31 09:00:00,28.3,75.0,1009.9,AWS002,Mumbai,19.076,72.8777,False,9,0,8
2026-08-31 10:00:00,28.6,75.0,1010.0,AWS002,Mumbai,19.076,72.8777,False,10,0,8
2026-08-31 11:00:00,28.8,75.0,1010.2,AWS002,Mumbai,19.076,72.8777,False,11,0,8
2026-08-31 12:00:00,28.9,68.0,1009.6,AWS002,Mumbai,19.076,72.8777,False,12,0,8
2026-08-31 13:00:00,28.9,72.0,1008.8,AWS002,Mumbai,19.076,72.8777,False,13,0,8
2026-08-31 14:00:00,29.1,71.0,1008.3,AWS002,Mumbai,19.076,72.8777,False,14,0,8
2026-08-31 15:00:00,28.9,72.0,1007.7,AWS002,Mumbai,19.076,72.8777,False,15,0,8
2026-08-31 16:00:00,28.9,71.0,1007.1,AWS002,Mumbai,19.076,72.8777,False,16,0,8
2026-08-31 17:00:00,28.5,75.0,1007.3,AWS002,Mumbai,19.076,72.8777,False,17,0,8
2026-08-31 18:00:00,27.9,77.0,1007.4,AWS002,Mumbai,19.076,72.8777,False,18,0,8
2026-08-31 19:00:00,27.5,80.0,1008.1,AWS002,Mumbai,19.076,72.8777,False,19,0,8
2026-08-31 20:00:00,27.3,81.0,1008.7,AWS002,Mumbai,19.076,72.8777,False,20,0,8
2026-08-31 21:00:00,27.5,81.0,1009.2,AWS002,Mumbai,19.076,72.8777,False,21,0,8
2026-08-31 22:00:00,27.5,81.0,1009.4,AWS002,Mumbai,19.076,72.8777,False,22,0,8
2026-08-31 23:00:00,26.9,83.0,1009.0,AWS002,Mumbai,19.076,72.8777,False,23,0,8
2026-09-01 00:00:00,26.2,87.0,1008.6,AWS002,Mumbai,19.076,72.8777,False,0,1,9
2026-09-01 01:00:00,26.4,84.0,1008.1,AWS002,Mumbai,19.076,72.8777,False,1,1,9
2026-09-01 02:00:00,26.1,85.0,1007.4,AWS002,Mumbai,19.076,72.8777,False,2,1,9
2026-09-01 03:00:00,26.1,86.0,1007.1,AWS002,Mumbai,19.076,72.8777,False,3,1,9
2026-09-01 04:00:00,26.4,84.0,1007.0,AWS002,Mumbai,19.076,72.8777,False,4,1,9
2026-09-01 05:00:00,26.8,81.0,1007.0,AWS002,Mumbai,19.076,72.8777,False,5,1,9
2026-09-01 06:00:00,26.9,81.0,1007.7,AWS002,Mumbai,19.076,72.8777,False,6,1,9
2026-09-01 07:00:00,27.4,79.0,1008.3,AWS002,Mumbai,19.076,72.8777,False,7,1,9
2026-09-01 08:00:00,27.9,77.0,1008.9,AWS002,Mumbai,19.076,72.8777,False,8,1,9
2026-09-01 09:00:00,28.7,75.0,1009.3,AWS002,Mumbai,19.076,72.8777,False,9,1,9
2026-09-01 10:00:00,28.1,75.0,1009.7,AWS002,Mumbai,19.076,72.8777,False,10,1,9
2026-09-01 11:00:00,29.6,71.0,1009.6,AWS002,Mumbai,19.076,72.8777,False,11,1,9
2026-09-01 12:00:00,29.1,74.0,1009.4,AWS002,Mumbai,19.076,72.8777,False,12,1,9
2026-09-01 13:00:00,28.0,77.0,1008.9,AWS002,Mumbai,19.076,72.8777,False,13,1,9
2026-09-01 14:00:00,28.7,76.0,1008.4,AWS002,Mumbai,19.076,72.8777,False,14,1,9
2026-09-01 15:00:00,28.0,76.0,1008.0,AWS002,Mumbai,19.076,72.8777,False,15,1,9
2026-09-01 16:00:00,27.9,80.0,1007.7,AWS002,Mumbai,19.076,72.8777,False,16,1,9
2026-09-01 17:00:00,28.1,80.0,1008.0,AWS002,Mumbai,19.076,72.8777,False,17,1,9
2026-09-01 18:00:00,28.1,79.0,1008.3,AWS002,Mumbai,19.076,72.8777,False,18,1,9
2026-09-01 19:00:00,27.7,81.0,1009.0,AWS002,Mumbai,19.076,72.8777,False,19,1,9
2026-09-01 20:00:00,27.7,81.0,1009.6,AWS002,Mumbai,19.076,72.8777,False,20,1,9
2026-09-01 21:00:00,27.4,82.0,1010.1,AWS002,Mumbai,19.076,72.8777,False,21,1,9
2026-09-01 22:00:00,27.2,82.0,1010.2,AWS002,Mumbai,19.076,72.8777,False,22,1,9
2026-09-01 23:00:00,26.7,85.0,1009.5,AWS002,Mumbai,19.076,72.8777,False,23,1,9
2026-09-02 00:00:00,26.5,84.0,1008.9,AWS002,Mumbai,19.076,72.8777,False,0,2,9
2026-09-02 01:00:00,26.1,86.0,1008.8,AWS002,Mumbai,19.076,72.8777,False,1,2,9
2026-09-02 02:00:00,26.3,84.0,1008.2,AWS002,Mumbai,19.076,72.8777,False,2,2,9
2026-09-02 03:00:00,26.0,86.0,1008.2,AWS002,Mumbai,19.076,72.8777,False,3,2,9
2026-09-02 04:00:00,25.7,86.0,1008.2,AWS002,Mumbai,19.076,72.8777,False,4,2,9
2026-09-02 05:00:00,25.0,89.0,1008.3,AWS002,Mumbai,19.076,72.8777,False,5,2,9
2026-09-02 06:00:00,25.3,91.0,1008.5,AWS002,Mumbai,19.076,72.8777,False,6,2,9
2026-09-02 07:00:00,25.7,92.0,1009.2,AWS002,Mumbai,19.076,72.8777,False,7,2,9
2026-09-02 08:00:00,26.7,84.0,1009.8,AWS002,Mumbai,19.076,72.8777,False,8,2,9
2026-09-02 09:00:00,27.7,79.0,1010.2,AWS002,Mumbai,19.076,72.8777,False,9,2,9
2026-09-02 10:00:00,26.0,84.0,1010.7,AWS002,Mumbai,19.076,72.8777,False,10,2,9
2026-09-02 11:00:00,28.0,77.0,1009.8,AWS002,Mumbai,19.076,72.8777,False,11,2,9
2026-09-02 12:00:00,27.8,80.0,1009.7,AWS002,Mumbai,19.076,72.8777,False,12,2,9
2026-09-02 13:00:00,28.2,78.0,1009.5,AWS002,Mumbai,19.076,72.8777,False,13,2,9
2026-09-02 14:00:00,26.6,83.0,1008.9,AWS002,Mumbai,19.076,72.8777,False,14,2,9
2026-09-02 15:00:00,28.1,77.0,1008.0,AWS002,Mumbai,19.076,72.8777,False,15,2,9
2026-09-02 16:00:00,28.0,78.0,1007.7,AWS002,Mumbai,19.076,72.8777,False,16,2,9
2026-09-02 17:00:00,26.8,88.0,1008.0,AWS002,Mumbai,19.076,72.8777,False,17,2,9
2026-09-02 18:00:00,27.2,83.0,1008.2,AWS002,Mumbai,19.076,72.8777,False,18,2,9
2026-09-02 19:00:00,27.1,82.0,1009.0,AWS002,Mumbai,19.076,72.8777,False,19,2,9
2026-09-02 20:00:00,26.8,84.0,1009.4,AWS002,Mumbai,19.076,72.8777,False,20,2,9
2026-09-02 21:00:00,26.3,89.0,1009.8,AWS002,Mumbai,19.076,72.8777,False,21,2,9
2026-09-02 22:00:00,26.0,92.0,1010.0,AWS002,Mumbai,19.076,72.8777,False,22,2,9
2026-09-02 23:00:00,26.1,91.0,1009.2,AWS002,Mumbai,19.076,72.8777,False,23,2,9
2026-09-03 00:00:00,25.8,91.0,1008.7,AWS002,Mumbai,19.076,72.8777,False,0,3,9
2026-09-03 01:00:00,25.8,90.0,1008.4,AWS002,Mumbai,19.076,72.8777,False,1,3,9
2026-09-03 02:00:00,25.9,88.0,1008.1,AWS002,Mumbai,19.076,72.8777,False,2,3,9
2026-09-03 03:00:00,25.2,91.0,1008.0,AWS002,Mumbai,19.076,72.8777,False,3,3,9
2026-09-03 04:00:00,25.4,92.0,1007.7,AWS002,Mumbai,19.076,72.8777,False,4,3,9
2026-09-03 05:00:00,25.7,87.0,1007.6,AWS002,Mumbai,19.076,72.8777,False,5,3,9
2026-09-03 06:00:00,25.3,91.0,1008.0,AWS002,Mumbai,19.076,72.8777,False,6,3,9
2026-09-03 07:00:00,26.2,90.0,1008.5,AWS002,Mumbai,19.076,72.8777,False,7,3,9
2026-09-03 08:00:00,26.4,87.0,1009.1,AWS002,Mumbai,19.076,72.8777,False,8,3,9
2026-09-03 09:00:00,27.5,81.0,1009.7,AWS002,Mumbai,19.076,72.8777,False,9,3,9
2026-09-03 10:00:00,28.3,77.0,1009.7,AWS002,Mumbai,19.076,72.8777,False,10,3,9
2026-09-03 11:00:00,27.1,78.0,1009.5,AWS002,Mumbai,19.076,72.8777,False,11,3,9
2026-09-03 12:00:00,28.8,74.0,1009.1,AWS002,Mumbai,19.076,72.8777,False,12,3,9
2026-09-03 13:00:00,29.4,71.0,1008.5,AWS002,Mumbai,19.076,72.8777,False,13,3,9
2026-09-03 14:00:00,29.2,73.0,1007.6,AWS002,Mumbai,19.076,72.8777,False,14,3,9
2026-09-03 15:00:00,29.2,71.0,1007.0,AWS002,Mumbai,19.076,72.8777,False,15,3,9
2026-09-03 16:00:00,28.7,74.0,1006.7,AWS002,Mumbai,19.076,72.8777,False,16,3,9
2026-09-03 17:00:00,28.4,76.0,1006.9,AWS002,Mumbai,19.076,72.8777,False,17,3,9
2026-09-03 18:00:00,27.8,79.0,1007.2,AWS002,Mumbai,19.076,72.8777,False,18,3,9
2026-09-03 19:00:00,27.3,82.0,1007.9,AWS002,Mumbai,19.076,72.8777,False,19,3,9
2026-09-03 20:00:00,27.2,82.0,1008.3,AWS002,Mumbai,19.076,72.8777,False,20,3,9
2026-09-03 21:00:00,27.1,83.0,1008.5,AWS002,Mumbai,19.076,72.8777,False,21,3,9
2026-09-03 22:00:00,27.0,84.0,1008.8,AWS002,Mumbai,19.076,72.8777,False,22,3,9
2026-09-03 23:00:00,26.6,86.0,1008.6,AWS002,Mumbai,19.076,72.8777,False,23,3,9
2026-09-04 00:00:00,25.9,88.0,1008.1,AWS002,Mumbai,19.076,72.8777,False,0,4,9
2026-09-04 01:00:00,25.8,88.0,1007.8,AWS002,Mumbai,19.076,72.8777,False,1,4,9
2026-09-04 02:00:00,25.9,88.0,1007.5,AWS002,Mumbai,19.076,72.8777,False,2,4,9
2026-09-04 03:00:00,25.6,90.0,1007.1,AWS002,Mumbai,19.076,72.8777,False,3,4,9
2026-09-04 04:00:00,25.5,91.0,1007.0,AWS002,Mumbai,19.076,72.8777,False,4,4,9
2026-09-04 05:00:00,25.4,93.0,1007.1,AWS002,Mumbai,19.076,72.8777,False,5,4,9
2026-09-04 06:00:00,24.8,94.0,1007.6,AWS002,Mumbai,19.076,72.8777,False,6,4,9
2026-09-04 07:00:00,25.4,94.0,1008.2,AWS002,Mumbai,19.076,72.8777,False,7,4,9
2026-09-04 08:00:00,26.0,93.0,1009.0,AWS002,Mumbai,19.076,72.8777,False,8,4,9
2026-09-04 09:00:00,26.6,87.0,1009.8,AWS002,Mumbai,19.076,72.8777,False,9,4,9
2026-09-04 10:00:00,28.0,80.0,1009.9,AWS002,Mumbai,19.076,72.8777,False,10,4,9
2026-09-04 11:00:00,28.0,78.0,1010.1,AWS002,Mumbai,19.076,72.8777,False,11,4,9
2026-09-04 12:00:00,28.7,74.0,1009.5,AWS002,Mumbai,19.076,72.8777,False,12,4,9
2026-09-04 13:00:00,29.3,73.0,1009.2,AWS002,Mumbai,19.076,72.8777,False,13,4,9
2026-09-04 14:00:00,29.6,65.0,1008.5,AWS002,Mumbai,19.076,72.8777,False,14,4,9
2026-09-04 15:00:00,29.2,70.0,1008.1,AWS002,Mumbai,19.076,72.8777,False,15,4,9
2026-09-04 16:00:00,28.8,72.0,1007.8,AWS002,Mumbai,19.076,72.8777,False,16,4,9
2026-09-04 17:00:00,27.3,80.0,1008.1,AWS002,Mumbai,19.076,72.8777,False,17,4,9
2026-09-04 18:00:00,27.4,81.0,1008.7,AWS002,Mumbai,19.076,72.8777,False,18,4,9
2026-09-04 19:00:00,26.6,85.0,1009.5,AWS002,Mumbai,19.076,72.8777,False,19,4,9
2026-09-04 20:00:00,26.3,88.0,1009.8,AWS002,Mumbai,19.076,72.8777,False,20,4,9
2026-09-04 21:00:00,26.3,89.0,1010.3,AWS002,Mumbai,19.076,72.8777,False,21,4,9
2026-09-04 22:00:00,26.3,90.0,1010.5,AWS002,Mumbai,19.076,72.8777,False,22,4,9
2026-09-04 23:00:00,26.6,88.0,1010.0,AWS002,Mumbai,19.076,72.8777,False,23,4,9
2026-09-05 00:00:00,26.4,87.0,1009.7,AWS002,Mumbai,19.076,72.8777,False,0,5,9
2026-09-05 01:00:00,25.7,91.0,1009.7,AWS002,Mumbai,19.076,72.8777,False,1,5,9
2026-09-05 02:00:00,25.6,91.0,1009.3,AWS002,Mumbai,19.076,72.8777,False,2,5,9
2026-09-05 03:00:00,25.2,92.0,1009.2,AWS002,Mumbai,19.076,72.8777,False,3,5,9
2026-09-05 04:00:00,25.1,94.0,1009.3,AWS002,Mumbai,19.076,72.8777,False,4,5,9
2026-09-05 05:00:00,25.6,93.0,1009.2,AWS002,Mumbai,19.076,72.8777,False,5,5,9
2026-09-05 06:00:00,25.0,94.0,1010.1,AWS002,Mumbai,19.076,72.8777,False,6,5,9
2026-09-05 07:00:00,25.8,90.0,1010.7,AWS002,Mumbai,19.076,72.8777,False,7,5,9
2026-09-05 08:00:00,25.9,85.0,1011.5,AWS002,Mumbai,19.076,72.8777,False,8,5,9
2026-09-05 09:00:00,26.3,84.0,1012.1,AWS002,Mumbai,19.076,72.8777,False,9,5,9
2026-09-05 10:00:00,26.6,83.0,1012.4,AWS002,Mumbai,19.076,72.8777,False,10,5,9
2026-09-05 11:00:00,28.4,75.0,1012.0,AWS002,Mumbai,19.076,72.8777,False,11,5,9
2026-09-05 12:00:00,27.8,76.0,1011.7,AWS002,Mumbai,19.076,72.8777,False,12,5,9
2026-09-05 13:00:00,28.5,77.0,1011.1,AWS002,Mumbai,19.076,72.8777,False,13,5,9
2026-09-05 14:00:00,27.9,77.0,1010.2,AWS002,Mumbai,19.076,72.8777,False,14,5,9
2026-09-05 15:00:00,28.1,78.0,1009.7,AWS002,Mumbai,19.076,72.8777,False,15,5,9
2026-09-05 16:00:00,27.7,78.0,1009.4,AWS002,Mumbai,19.076,72.8777,False,16,5,9
2026-09-05 17:00:00,26.4,89.0,1009.3,AWS002,Mumbai,19.076,72.8777,False,17,5,9
2026-09-05 18:00:00,26.8,88.0,1009.7,AWS002,Mumbai,19.076,72.8777,False,18,5,9
2026-09-05 19:00:00,26.0,92.0,1010.6,AWS002,Mumbai,19.076,72.8777,False,19,5,9
2026-09-05 20:00:00,25.9,94.0,1010.7,AWS002,Mumbai,19.076,72.8777,False,20,5,9
2026-09-05 21:00:00,25.7,96.0,1011.2,AWS002,Mumbai,19.076,72.8777,False,21,5,9
2026-09-05 22:00:00,25.2,93.0,1011.5,AWS002,Mumbai,19.076,72.8777,False,22,5,9
2026-09-05 23:00:00,25.5,93.0,1011.4,AWS002,Mumbai,19.076,72.8777,False,23,5,9
2026-09-06 00:00:00,25.3,97.0,1010.8,AWS002,Mumbai,19.076,72.8777,False,0,6,9
2026-09-06 01:00:00,25.2,98.0,1010.6,AWS002,Mumbai,19.076,72.8777,False,1,6,9
2026-09-06 02:00:00,25.3,90.0,1010.1,AWS002,Mumbai,19.076,72.8777,False,2,6,9
2026-09-06 03:00:00,25.0,93.0,1009.7,AWS002,Mumbai,19.076,72.8777,False,3,6,9
2026-09-06 04:00:00,25.6,90.0,1009.5,AWS002,Mumbai,19.076,72.8777,False,4,6,9
2026-09-06 05:00:00,24.7,98.0,1009.8,AWS002,Mumbai,19.076,72.8777,False,5,6,9
2026-09-06 06:00:00,24.7,97.0,1010.4,AWS002,Mumbai,19.076,72.8777,False,6,6,9
2026-09-06 07:00:00,25.3,95.0,1011.2,AWS002,Mumbai,19.076,72.8777,False,7,6,9
2026-09-06 08:00:00,25.9,87.0,1012.0,AWS002,Mumbai,19.076,72.8777,False,8,6,9
2026-09-06 09:00:00,27.0,81.0,1012.2,AWS002,Mumbai,19.076,72.8777,False,9,6,9
2026-09-06 10:00:00,27.7,81.0,1012.3,AWS002,Mumbai,19.076,72.8777,False,10,6,9
2026-09-06 11:00:00,28.1,80.0,1011.9,AWS002,Mumbai,19.076,72.8777,False,11,6,9
2026-09-06 12:00:00,28.0,79.0,1011.7,AWS002,Mumbai,19.076,72.8777,False,12,6,9
2026-09-06 13:00:00,28.5,78.0,1011.2,AWS002,Mumbai,19.076,72.8777,False,13,6,9
2026-09-06 14:00:00,28.8,77.0,1010.4,AWS002,Mumbai,19.076,72.8777,False,14,6,9
2026-09-06 15:00:00,28.9,76.0,1009.9,AWS002,Mumbai,19.076,72.8777,False,15,6,9
2026-09-06 16:00:00,28.2,77.0,1009.8,AWS002,Mumbai,19.076,72.8777,False,16,6,9
2026-09-06 17:00:00,28.5,74.0,1009.8,AWS002,Mumbai,19.076,72.8777,False,17,6,9
2026-09-06 18:00:00,27.7,78.0,1010.4,AWS002,Mumbai,19.076,72.8777,False,18,6,9
2026-09-06 19:00:00,27.2,81.0,1011.0,AWS002,Mumbai,19.076,72.8777,False,19,6,9
2026-09-06 20:00:00,26.9,82.0,1011.5,AWS002,Mumbai,19.076,72.8777,False,20,6,9
2026-09-06 21:00:00,26.7,84.0,1012.1,AWS002,Mumbai,19.076,72.8777,False,21,6,9
2026-09-06 22:00:00,26.4,86.0,1012.6,AWS002,Mumbai,19.076,72.8777,False,22,6,9
2026-09-06 23:00:00,26.2,87.0,1012.3,AWS002,Mumbai,19.076,72.8777,False,23,6,9
2026-07-09 00:00:00,22.2,89.0,910.6,AWS003,Bengaluru,12.9716,77.5946,False,0,3,7
2026-07-09 01:00:00,22.0,90.0,910.1,AWS003,Bengaluru,12.9716,77.5946,False,1,3,7
2026-07-09 02:00:00,21.8,90.0,910.1,AWS003,Bengaluru,12.9716,77.5946,False,2,3,7
2026-07-09 03:00:00,21.5,90.0,909.8,AWS003,Bengaluru,12.9716,77.5946,False,3,3,7
2026-07-09 04:00:00,21.2,91.0,910.2,AWS003,Bengaluru,12.9716,77.5946,False,4,3,7
2026-07-09 05:00:00,21.9,90.0,910.3,AWS003,Bengaluru,12.9716,77.5946,False,5,3,7
2026-07-09 06:00:00,21.9,90.0,910.8,AWS003,Bengaluru,12.9716,77.5946,False,6,3,7
2026-07-09 07:00:00,22.7,86.0,911.8,AWS003,Bengaluru,12.9716,77.5946,False,7,3,7
2026-07-09 08:00:00,24.4,74.0,912.5,AWS003,Bengaluru,12.9716,77.5946,False,8,3,7
2026-07-09 09:00:00,25.9,66.0,912.7,AWS003,Bengaluru,12.9716,77.5946,False,9,3,7
2026-07-09 10:00:00,26.1,65.0,913.1,AWS003,Bengaluru,12.9716,77.5946,False,10,3,7
2026-07-09 11:00:00,25.7,67.0,912.7,AWS003,Bengaluru,12.9716,77.5946,False,11,3,7
2026-07-09 12:00:00,26.2,62.0,912.3,AWS003,Bengaluru,12.9716,77.5946,False,12,3,7
2026-07-09 13:00:00,28.1,54.0,911.8,AWS003,Bengaluru,12.9716,77.5946,False,13,3,7
2026-07-09 14:00:00,27.8,58.0,911.1,AWS003,Bengaluru,12.9716,77.5946,False,14,3,7
2026-07-09 15:00:00,28.8,54.0,910.5,AWS003,Bengaluru,12.9716,77.5946,False,15,3,7
2026-07-09 16:00:00,29.6,51.0,910.2,AWS003,Bengaluru,12.9716,77.5946,False,16,3,7
2026-07-09 17:00:00,27.3,57.0,910.5,AWS003,Bengaluru,12.9716,77.5946,False,17,3,7
2026-07-09 18:00:00,26.1,64.0,910.9,AWS003,Bengaluru,12.9716,77.5946,False,18,3,7
2026-07-09 19:00:00,24.9,70.0,911.5,AWS003,Bengaluru,12.9716,77.5946,False,19,3,7
2026-07-09 20:00:00,24.4,73.0,912.2,AWS003,Bengaluru,12.9716,77.5946,False,20,3,7
2026-07-09 21:00:00,23.9,76.0,912.9,AWS003,Bengaluru,12.9716,77.5946,False,21,3,7
2026-07-09 22:00:00,23.0,80.0,912.9,AWS003,Bengaluru,12.9716,77.5946,False,22,3,7
2026-07-09 23:00:00,23.1,81.0,912.6,AWS003,Bengaluru,12.9716,77.5946,False,23,3,7
2026-07-10 00:00:00,22.5,83.0,912.0,AWS003,Bengaluru,12.9716,77.5946,False,0,4,7
2026-07-10 01:00:00,22.1,86.0,911.3,AWS003,Bengaluru,12.9716,77.5946,False,1,4,7
2026-07-10 02:00:00,21.9,88.0,910.7,AWS003,Bengaluru,12.9716,77.5946,False,2,4,7
2026-07-10 03:00:00,21.7,89.0,910.7,AWS003,Bengaluru,12.9716,77.5946,False,3,4,7
2026-07-10 04:00:00,21.4,89.0,911.0,AWS003,Bengaluru,12.9716,77.5946,False,4,4,7
2026-07-10 05:00:00,21.4,91.0,911.3,AWS003,Bengaluru,12.9716,77.5946,False,5,4,7
2026-07-10 06:00:00,21.5,90.0,911.8,AWS003,Bengaluru,12.9716,77.5946,False,6,4,7
2026-07-10 07:00:00,22.4,85.0,913.0,AWS003,Bengaluru,12.9716,77.5946,False,7,4,7
2026-07-10 08:00:00,24.1,74.0,913.8,AWS003,Bengaluru,12.9716,77.5946,False,8,4,7
2026-07-10 09:00:00,26.2,63.0,914.1,AWS003,Bengaluru,12.9716,77.5946,False,9,4,7
2026-07-10 10:00:00,27.7,55.0,913.9,AWS003,Bengaluru,12.9716,77.5946,False,10,4,7
2026-07-10 11:00:00,28.0,53.0,914.0,AWS003,Bengaluru,12.9716,77.5946,False,11,4,7
2026-07-10 12:00:00,28.3,52.0,913.4,AWS003,Bengaluru,12.9716,77.5946,False,12,4,7
2026-07-10 13:00:00,28.9,50.0,912.6,AWS003,Bengaluru,12.9716,77.5946,False,13,4,7
2026-07-10 14:00:00,29.9,47.0,912.1,AWS003,Bengaluru,12.9716,77.5946,False,14,4,7
2026-07-10 15:00:00,26.9,60.0,911.4,AWS003,Bengaluru,12.9716,77.5946,False,15,4,7
2026-07-10 16:00:00,24.8,75.0,911.8,AWS003,Bengaluru,12.9716,77.5946,False,16,4,7
2026-07-10 17:00:00,26.3,65.0,912.0,AWS003,Bengaluru,12.9716,77.5946,False,17,4,7
2026-07-10 18:00:00,24.7,69.0,912.7,AWS003,Bengaluru,12.9716,77.5946,False,18,4,7
2026-07-10 19:00:00,23.6,78.0,913.1,AWS003,Bengaluru,12.9716,77.5946,False,19,4,7
2026-07-10 20:00:00,22.7,83.0,913.6,AWS003,Bengaluru,12.9716,77.5946,False,20,4,7
2026-07-10 21:00:00,22.1,86.0,913.7,AWS003,Bengaluru,12.9716,77.5946,False,21,4,7
2026-07-10 22:00:00,21.9,88.0,913.6,AWS003,Bengaluru,12.9716,77.5946,False,22,4,7
2026-07-10 23:00:00,22.2,90.0,913.5,AWS003,Bengaluru,12.9716,77.5946,False,23,4,7
2026-07-11 00:00:00,21.8,90.0,912.7,AWS003,Bengaluru,12.9716,77.5946,False,0,5,7
2026-07-11 01:00:00,21.4,90.0,911.7,AWS003,Bengaluru,12.9716,77.5946,False,1,5,7
2026-07-11 02:00:00,21.0,91.0,910.8,AWS003,Bengaluru,12.9716,77.5946,False,2,5,7
2026-07-11 03:00:00,20.7,92.0,910.6,AWS003,Bengaluru,12.9716,77.5946,False,3,5,7
2026-07-11 04:00:00,20.4,94.0,910.7,AWS003,Bengaluru,12.9716,77.5946,False,4,5,7
2026-07-11 05:00:00,20.5,94.0,910.8,AWS003,Bengaluru,12.9716,77.5946,False,5,5,7
2026-07-11 06:00:00,20.4,93.0,911.5,AWS003,Bengaluru,12.9716,77.5946,False,6,5,7
2026-07-11 07:00:00,21.7,85.0,912.4,AWS003,Bengaluru,12.9716,77.5946,False,7,5,7
2026-07-11 08:00:00,23.5,74.0,913.0,AWS003,Bengaluru,12.9716,77.5946,False,8,5,7
2026-07-11 09:00:00,25.6,62.0,913.5,AWS003,Bengaluru,12.9716,77.5946,False,9,5,7
2026-07-11 10:00:00,27.0,56.0,913.7,AWS003,Bengaluru,12.9716,77.5946,False,10,5,7
2026-07-11 11:00:00,28.5,47.0,913.7,AWS003,Bengaluru,12.9716,77.5946,False,11,5,7
2026-07-11 12:00:00,28.9,45.0,913.4,AWS003,Bengaluru,12.9716,77.5946,False,12,5,7
2026-07-11 13:00:00,30.5,39.0,912.5,AWS003,Bengaluru,12.9716,77.5946,False,13,5,7
2026-07-11 14:00:00,30.4,39.0,911.5,AWS003,Bengaluru,12.9716,77.5946,False,14,5,7
2026-07-11 15:00:00,30.7,38.0,910.8,AWS003,Bengaluru,12.9716,77.5946,False,15,5,7
2026-07-11 16:00:00,30.8,37.0,910.3,AWS003,Bengaluru,12.9716,77.5946,False,16,5,7
2026-07-11 17:00:00,29.9,43.0,910.4,AWS003,Bengaluru,12.9716,77.5946,False,17,5,7
2026-07-11 18:00:00,28.4,49.0,910.7,AWS003,Bengaluru,12.9716,77.5946,False,18,5,7
2026-07-11 19:00:00,27.2,56.0,911.3,AWS003,Bengaluru,12.9716,77.5946,False,19,5,7
2026-07-11 20:00:00,26.0,63.0,911.9,AWS003,Bengaluru,12.9716,77.5946,False,20,5,7
2026-07-11 21:00:00,24.8,70.0,912.4,AWS003,Bengaluru,12.9716,77.5946,False,21,5,7
2026-07-11 22:00:00,23.9,76.0,912.6,AWS003,Bengaluru,12.9716,77.5946,False,22,5,7
2026-07-11 23:00:00,23.4,83.0,912.4,AWS003,Bengaluru,12.9716,77.5946,False,23,5,7
2026-07-12 00:00:00,22.7,87.0,911.7,AWS003,Bengaluru,12.9716,77.5946,False,0,6,7
2026-07-12 01:00:00,22.0,90.0,910.7,AWS003,Bengaluru,12.9716,77.5946,False,1,6,7
2026-07-12 02:00:00,21.7,91.0,910.0,AWS003,Bengaluru,12.9716,77.5946,False,2,6,7
2026-07-12 03:00:00,21.1,94.0,909.7,AWS003,Bengaluru,12.9716,77.5946,False,3,6,7
2026-07-12 04:00:00,20.6,95.0,909.4,AWS003,Bengaluru,12.9716,77.5946,False,4,6,7
2026-07-12 05:00:00,20.9,93.0,909.4,AWS003,Bengaluru,12.9716,77.5946,False,5,6,7
2026-07-12 06:00:00,20.7,95.0,909.7,AWS003,Bengaluru,12.9716,77.5946,False,6,6,7
2026-07-12 07:00:00,22.0,85.0,910.5,AWS003,Bengaluru,12.9716,77.5946,False,7,6,7
2026-07-12 08:00:00,23.3,75.0,911.0,AWS003,Bengaluru,12.9716,77.5946,False,8,6,7
2026-07-12 09:00:00,26.0,61.0,911.7,AWS003,Bengaluru,12.9716,77.5946,False,9,6,7
2026-07-12 10:00:00,27.5,56.0,911.8,AWS003,Bengaluru,12.9716,77.5946,False,10,6,7
2026-07-12 11:00:00,29.2,48.0,911.7,AWS003,Bengaluru,12.9716,77.5946,False,11,6,7
2026-07-12 12:00:00,30.3,45.0,911.1,AWS003,Bengaluru,12.9716,77.5946,False,12,6,7
2026-07-12 13:00:00,31.5,42.0,910.5,AWS003,Bengaluru,12.9716,77.5946,False,13,6,7
2026-07-12 14:00:00,31.8,41.0,909.5,AWS003,Bengaluru,12.9716,77.5946,False,14,6,7
2026-07-12 15:00:00,31.7,41.0,909.4,AWS003,Bengaluru,12.9716,77.5946,False,15,6,7
2026-07-12 16:00:00,31.5,41.0,909.1,AWS003,Bengaluru,12.9716,77.5946,False,16,6,7
2026-07-12 17:00:00,30.3,43.0,909.4,AWS003,Bengaluru,12.9716,77.5946,False,17,6,7
2026-07-12 18:00:00,28.0,52.0,909.3,AWS003,Bengaluru,12.9716,77.5946,False,18,6,7
2026-07-12 19:00:00,26.3,60.0,909.9,AWS003,Bengaluru,12.9716,77.5946,False,19,6,7
2026-07-12 20:00:00,25.3,65.0,910.9,AWS003,Bengaluru,12.9716,77.5946,False,20,6,7
2026-07-12 21:00:00,24.2,70.0,911.3,AWS003,Bengaluru,12.9716,77.5946,False,21,6,7
2026-07-12 22:00:00,23.2,76.0,911.3,AWS003,Bengaluru,12.9716,77.5946,False,22,6,7
2026-07-12 23:00:00,22.9,79.0,911.1,AWS003,Bengaluru,12.9716,77.5946,False,23,6,7
2026-07-13 00:00:00,22.1,84.0,910.7,AWS003,Bengaluru,12.9716,77.5946,False,0,0,7
2026-07-13 01:00:00,21.5,88.0,910.2,AWS003,Bengaluru,12.9716,77.5946,False,1,0,7
2026-07-13 02:00:00,21.0,90.0,909.4,AWS003,Bengaluru,12.9716,77.5946,False,2,0,7
2026-07-13 03:00:00,20.5,92.0,909.4,AWS003,Bengaluru,12.9716,77.5946,False,3,0,7
2026-07-13 04:00:00,20.2,93.0,909.3,AWS003,Bengaluru,12.9716,77.5946,False,4,0,7
2026-07-13 05:00:00,20.4,93.0,909.7,AWS003,Bengaluru,12.9716,77.5946,False,5,0,7
2026-07-13 06:00:00,20.7,90.0,910.6,AWS003,Bengaluru,12.9716,77.5946,False,6,0,7
2026-07-13 07:00:00,21.8,83.0,911.3,AWS003,Bengaluru,12.9716,77.5946,False,7,0,7
2026-07-13 08:00:00,23.7,71.0,911.9,AWS003,Bengaluru,12.9716,77.5946,False,8,0,7
2026-07-13 09:00:00,25.8,60.0,912.3,AWS003,Bengaluru,12.9716,77.5946,False,9,0,7
2026-07-13 10:00:00,27.5,54.0,912.5,AWS003,Bengaluru,12.9716,77.5946,False,10,0,7
2026-07-13 11:00:00,28.8,48.0,912.8,AWS003,Bengaluru,12.9716,77.5946,False,11,0,7
2026-07-13 12:00:00,30.2,42.0,912.4,AWS003,Bengaluru,12.9716,77.5946,False,12,0,7
2026-07-13 13:00:00,31.3,38.0,911.9,AWS003,Bengaluru,12.9716,77.5946,False,13,0,7
2026-07-13 14:00:00,31.6,38.0,911.0,AWS003,Bengaluru,12.9716,77.5946,False,14,0,7
2026-07-13 15:00:00,31.8,38.0,910.5,AWS003,Bengaluru,12.9716,77.5946,False,15,0,7
2026-07-13 16:00:00,31.5,38.0,910.1,AWS003,Bengaluru,12.9716,77.5946,False,16,0,7
2026-07-13 17:00:00,30.9,39.0,910.1,AWS003,Bengaluru,12.9716,77.5946,False,17,0,7
2026-07-13 18:00:00,29.4,44.0,910.4,AWS003,Bengaluru,12.9716,77.5946,False,18,0,7
2026-07-13 19:00:00,28.0,49.0,910.9,AWS003,Bengaluru,12.9716,77.5946,False,19,0,7
2026-07-13 20:00:00,26.9,53.0,911.7,AWS003,Bengaluru,12.9716,77.5946,False,20,0,7
2026-07-13 21:00:00,25.4,60.0,911.9,AWS003,Bengaluru,12.9716,77.5946,False,21,0,7
2026-07-13 22:00:00,24.4,66.0,912.3,AWS003,Bengaluru,12.9716,77.5946,False,22,0,7
2026-07-13 23:00:00,23.9,70.0,911.7,AWS003,Bengaluru,12.9716,77.5946,False,23,0,7
2026-07-14 00:00:00,22.8,76.0,911.1,AWS003,Bengaluru,12.9716,77.5946,False,0,1,7
2026-07-14 01:00:00,21.9,82.0,910.5,AWS003,Bengaluru,12.9716,77.5946,False,1,1,7
2026-07-14 02:00:00,21.2,89.0,909.8,AWS003,Bengaluru,12.9716,77.5946,False,2,1,7
2026-07-14 03:00:00,20.5,94.0,909.3,AWS003,Bengaluru,12.9716,77.5946,False,3,1,7
2026-07-14 04:00:00,19.9,96.0,909.2,AWS003,Bengaluru,12.9716,77.5946,False,4,1,7
2026-07-14 05:00:00,20.1,93.0,909.9,AWS003,Bengaluru,12.9716,77.5946,False,5,1,7
2026-07-14 06:00:00,20.1,91.0,910.4,AWS003,Bengaluru,12.9716,77.5946,False,6,1,7
2026-07-14 07:00:00,21.0,84.0,911.1,AWS003,Bengaluru,12.9716,77.5946,False,7,1,7
2026-07-14 08:00:00,22.9,73.0,911.8,AWS003,Bengaluru,12.9716,77.5946,False,8,1,7
2026-07-14 09:00:00,25.3,60.0,912.3,AWS003,Bengaluru,12.9716,77.5946,False,9,1,7
2026-07-14 10:00:00,27.4,50.0,912.7,AWS003,Bengaluru,12.9716,77.5946,False,10,1,7
2026-07-14 11:00:00,28.9,47.0,912.7,AWS003,Bengaluru,12.9716,77.5946,False,11,1,7
2026-07-14 12:00:00,30.3,41.0,912.3,AWS003,Bengaluru,12.9716,77.5946,False,12,1,7
2026-07-14 13:00:00,31.4,37.0,911.9,AWS003,Bengaluru,12.9716,77.5946,False,13,1,7
2026-07-14 14:00:00,32.1,34.0,910.8,AWS003,Bengaluru,12.9716,77.5946,False,14,1,7
2026-07-14 15:00:00,32.0,34.0,910.2,AWS003,Bengaluru,12.9716,77.5946,False,15,1,7
2026-07-14 16:00:00,31.7,35.0,910.2,AWS003,Bengaluru,12.9716,77.5946,False,16,1,7
2026-07-14 17:00:00,31.0,33.0,910.4,AWS003,Bengaluru,12.9716,77.5946,False,17,1,7
2026-07-14 18:00:00,29.4,37.0,910.7,AWS003,Bengaluru,12.9716,77.5946,False,18,1,7
2026-07-14 19:00:00,28.2,40.0,911.1,AWS003,Bengaluru,12.9716,77.5946,False,19,1,7
2026-07-14 20:00:00,27.4,42.0,911.6,AWS003,Bengaluru,12.9716,77.5946,False,20,1,7
2026-07-14 21:00:00,25.8,48.0,912.3,AWS003,Bengaluru,12.9716,77.5946,False,21,1,7
2026-07-14 22:00:00,24.5,55.0,912.7,AWS003,Bengaluru,12.9716,77.5946,False,22,1,7
2026-07-14 23:00:00,24.0,61.0,911.6,AWS003,Bengaluru,12.9716,77.5946,False,23,1,7
2026-07-15 00:00:00,22.9,72.0,911.4,AWS003,Bengaluru,12.9716,77.5946,False,0,2,7
2026-07-15 01:00:00,22.0,78.0,910.9,AWS003,Bengaluru,12.9716,77.5946,False,1,2,7
2026-07-15 02:00:00,21.2,81.0,910.2,AWS003,Bengaluru,12.9716,77.5946,False,2,2,7
2026-07-15 03:00:00,20.6,86.0,910.2,AWS003,Bengaluru,12.9716,77.5946,False,3,2,7
2026-07-15 04:00:00,20.2,93.0,910.2,AWS003,Bengaluru,12.9716,77.5946,False,4,2,7
2026-07-15 05:00:00,19.9,96.0,910.6,AWS003,Bengaluru,12.9716,77.5946,False,5,2,7
2026-07-15 06:00:00,19.8,94.0,911.3,AWS003,Bengaluru,12.9716,77.5946,False,6,2,7
2026-07-15 07:00:00,20.6,87.0,912.0,AWS003,Bengaluru,12.9716,77.5946,False,7,2,7
2026-07-15 08:00:00,22.6,72.0,912.7,AWS003,Bengaluru,12.9716,77.5946,False,8,2,7
2026-07-15 09:00:00,24.6,63.0,913.2,AWS003,Bengaluru,12.9716,77.5946,False,9,2,7
2026-07-15 10:00:00,26.8,53.0,913.6,AWS003,Bengaluru,12.9716,77.5946,False,10,2,7
2026-07-15 11:00:00,28.1,44.0,913.6,AWS003,Bengaluru,12.9716,77.5946,False,11,2,7
2026-07-15 12:00:00,29.5,39.0,913.2,AWS003,Bengaluru,12.9716,77.5946,False,12,2,7
2026-07-15 13:00:00,30.7,35.0,912.7,AWS003,Bengaluru,12.9716,77.5946,False,13,2,7
2026-07-15 14:00:00,31.1,33.0,911.7,AWS003,Bengaluru,12.9716,77.5946,False,14,2,7
2026-07-15 15:00:00,31.3,32.0,911.1,AWS003,Bengaluru,12.9716,77.5946,False,15,2,7
2026-07-15 16:00:00,31.0,33.0,911.0,AWS003,Bengaluru,12.9716,77.5946,False,16,2,7
2026-07-15 17:00:00,30.8,34.0,910.9,AWS003,Bengaluru,12.9716,77.5946,False,17,2,7
2026-07-15 18:00:00,29.5,37.0,911.2,AWS003,Bengaluru,12.9716,77.5946,False,18,2,7
2026-07-15 19:00:00,27.9,43.0,911.5,AWS003,Bengaluru,12.9716,77.5946,False,19,2,7
2026-07-15 20:00:00,26.5,51.0,912.1,AWS003,Bengaluru,12.9716,77.5946,False,20,2,7
2026-07-15 21:00:00,25.1,62.0,912.2,AWS003,Bengaluru,12.9716,77.5946,False,21,2,7
2026-07-15 22:00:00,23.8,71.0,912.5,AWS003,Bengaluru,12.9716,77.5946,False,22,2,7
2026-07-15 23:00:00,23.2,73.0,912.0,AWS003,Bengaluru,12.9716,77.5946,False,23,2,7
2026-07-16 00:00:00,22.4,77.0,911.5,AWS003,Bengaluru,12.9716,77.5946,False,0,3,7
2026-07-16 01:00:00,21.7,81.0,911.1,AWS003,Bengaluru,12.9716,77.5946,False,1,3,7
2026-07-16 02:00:00,21.2,84.0,911.2,AWS003,Bengaluru,12.9716,77.5946,False,2,3,7
2026-07-16 03:00:00,20.5,89.0,911.2,AWS003,Bengaluru,12.9716,77.5946,False,3,3,7
2026-07-16 04:00:00,20.0,91.0,911.2,AWS003,Bengaluru,12.9716,77.5946,False,4,3,7
2026-07-16 05:00:00,20.1,88.0,911.2,AWS003,Bengaluru,12.9716,77.5946,False,5,3,7
2026-07-16 06:00:00,19.9,86.0,911.9,AWS003,Bengaluru,12.9716,77.5946,False,6,3,7
2026-07-16 07:00:00,21.1,80.0,912.7,AWS003,Bengaluru,12.9716,77.5946,False,7,3,7
2026-07-16 08:00:00,23.0,71.0,913.3,AWS003,Bengaluru,12.9716,77.5946,False,8,3,7
2026-07-16 09:00:00,25.3,59.0,913.8,AWS003,Bengaluru,12.9716,77.5946,False,9,3,7
2026-07-16 10:00:00,26.9,51.0,913.8,AWS003,Bengaluru,12.9716,77.5946,False,10,3,7
2026-07-16 11:00:00,28.5,44.0,913.4,AWS003,Bengaluru,12.9716,77.5946,False,11,3,7
2026-07-16 12:00:00,29.8,38.0,912.9,AWS003,Bengaluru,12.9716,77.5946,False,12,3,7
2026-07-16 13:00:00,30.8,34.0,912.2,AWS003,Bengaluru,12.9716,77.5946,False,13,3,7
2026-07-16 14:00:00,30.8,32.0,911.5,AWS003,Bengaluru,12.9716,77.5946,False,14,3,7
2026-07-16 15:00:00,29.5,38.0,911.2,AWS003,Bengaluru,12.9716,77.5946,False,15,3,7
2026-07-16 16:00:00,29.4,38.0,911.0,AWS003,Bengaluru,12.9716,77.5946,False,16,3,7
2026-07-16 17:00:00,28.8,41.0,911.1,AWS003,Bengaluru,12.9716,77.5946,False,17,3,7
2026-07-16 18:00:00,27.4,46.0,911.3,AWS003,Bengaluru,12.9716,77.5946,False,18,3,7
2026-07-16 19:00:00,26.2,51.0,911.7,AWS003,Bengaluru,12.9716,77.5946,False,19,3,7
2026-07-16 20:00:00,25.5,55.0,912.5,AWS003,Bengaluru,12.9716,77.5946,False,20,3,7
2026-07-16 21:00:00,24.9,61.0,912.9,AWS003,Bengaluru,12.9716,77.5946,False,21,3,7
2026-07-16 22:00:00,23.8,70.0,913.0,AWS003,Bengaluru,12.9716,77.5946,False,22,3,7
2026-07-16 23:00:00,23.4,71.0,912.5,AWS003,Bengaluru,12.9716,77.5946,False,23,3,7
2026-07-17 00:00:00,22.6,75.0,912.1,AWS003,Bengaluru,12.9716,77.5946,False,0,4,7
2026-07-17 01:00:00,22.1,79.0,911.4,AWS003,Bengaluru,12.9716,77.5946,False,1,4,7
2026-07-17 02:00:00,21.9,82.0,911.1,AWS003,Bengaluru,12.9716,77.5946,False,2,4,7
2026-07-17 03:00:00,21.9,83.0,911.0,AWS003,Bengaluru,12.9716,77.5946,False,3,4,7
2026-07-17 04:00:00,21.7,84.0,910.9,AWS003,Bengaluru,12.9716,77.5946,False,4,4,7
2026-07-17 05:00:00,21.6,83.0,910.9,AWS003,Bengaluru,12.9716,77.5946,False,5,4,7
2026-07-17 06:00:00,21.5,85.0,911.4,AWS003,Bengaluru,12.9716,77.5946,False,6,4,7
2026-07-17 07:00:00,22.1,82.0,912.3,AWS003,Bengaluru,12.9716,77.5946,False,7,4,7
2026-07-17 08:00:00,22.3,82.0,912.6,AWS003,Bengaluru,12.9716,77.5946,False,8,4,7
2026-07-17 09:00:00,24.0,74.0,913.5,AWS003,Bengaluru,12.9716,77.5946,False,9,4,7
2026-07-17 10:00:00,26.1,64.0,913.7,AWS003,Bengaluru,12.9716,77.5946,False,10,4,7
2026-07-17 11:00:00,25.7,62.0,912.9,AWS003,Bengaluru,12.9716,77.5946,False,11,4,7
2026-07-17 12:00:00,26.1,60.0,912.8,AWS003,Bengaluru,12.9716,77.5946,False,12,4,7
2026-07-17 13:00:00,27.5,57.0,912.4,AWS003,Bengaluru,12.9716,77.5946,False,13,4,7
2026-07-17 14:00:00,23.2,76.0,910.8,AWS003,Bengaluru,12.9716,77.5946,False,14,4,7
2026-07-17 15:00:00,23.7,83.0,910.9,AWS003,Bengaluru,12.9716,77.5946,False,15,4,7
2026-07-17 16:00:00,23.5,78.0,910.7,AWS003,Bengaluru,12.9716,77.5946,False,16,4,7
2026-07-17 17:00:00,22.0,94.0,910.8,AWS003,Bengaluru,12.9716,77.5946,False,17,4,7
2026-07-17 18:00:00,21.5,89.0,911.2,AWS003,Bengaluru,12.9716,77.5946,False,18,4,7
2026-07-17 19:00:00,20.9,96.0,911.2,AWS003,Bengaluru,12.9716,77.5946,False,19,4,7
2026-07-17 20:00:00,21.3,95.0,912.1,AWS003,Bengaluru,12.9716,77.5946,False,20,4,7
2026-07-17 21:00:00,21.5,95.0,912.5,AWS003,Bengaluru,12.9716,77.5946,False,21,4,7
2026-07-17 22:00:00,21.4,93.0,912.6,AWS003,Bengaluru,12.9716,77.5946,False,22,4,7
2026-07-17 23:00:00,21.2,89.0,912.2,AWS003,Bengaluru,12.9716,77.5946,False,23,4,7
2026-07-18 00:00:00,21.1,87.0,911.7,AWS003,Bengaluru,12.9716,77.5946,False,0,5,7
2026-07-18 01:00:00,21.0,87.0,911.2,AWS003,Bengaluru,12.9716,77.5946,False,1,5,7
2026-07-18 02:00:00,20.7,88.0,910.8,AWS003,Bengaluru,12.9716,77.5946,False,2,5,7
2026-07-18 03:00:00,20.4,89.0,910.3,AWS003,Bengaluru,12.9716,77.5946,False,3,5,7
2026-07-18 04:00:00,20.3,90.0,910.7,AWS003,Bengaluru,12.9716,77.5946,False,4,5,7
2026-07-18 05:00:00,20.8,90.0,910.6,AWS003,Bengaluru,12.9716,77.5946,False,5,5,7
2026-07-18 06:00:00,20.9,89.0,911.0,AWS003,Bengaluru,12.9716,77.5946,False,6,5,7
2026-07-18 07:00:00,21.5,86.0,911.8,AWS003,Bengaluru,12.9716,77.5946,False,7,5,7
2026-07-18 08:00:00,23.0,77.0,912.6,AWS003,Bengaluru,12.9716,77.5946,False,8,5,7
2026-07-18 09:00:00,23.4,72.0,912.7,AWS003,Bengaluru,12.9716,77.5946,False,9,5,7
2026-07-18 10:00:00,24.9,65.0,912.9,AWS003,Bengaluru,12.9716,77.5946,False,10,5,7
2026-07-18 11:00:00,26.4,59.0,912.6,AWS003,Bengaluru,12.9716,77.5946,False,11,5,7
2026-07-18 12:00:00,26.6,58.0,912.0,AWS003,Bengaluru,12.9716,77.5946,False,12,5,7
2026-07-18 13:00:00,26.2,60.0,911.2,AWS003,Bengaluru,12.9716,77.5946,False,13,5,7
2026-07-18 14:00:00,26.2,62.0,910.8,AWS003,Bengaluru,12.9716,77.5946,False,14,5,7
2026-07-18 15:00:00,23.9,77.0,910.2,AWS003,Bengaluru,12.9716,77.5946,False,15,5,7
2026-07-18 16:00:00,24.9,72.0,910.1,AWS003,Bengaluru,12.9716,77.5946,False,16,5,7
2026-07-18 17:00:00,24.3,79.0,910.4,AWS003,Bengaluru,12.9716,77.5946,False,17,5,7
2026-07-18 18:00:00,23.9,80.0,910.8,AWS003,Bengaluru,12.9716,77.5946,False,18,5,7
2026-07-18 19:00:00,23.4,81.0,911.1,AWS003,Bengaluru,12.9716,77.5946,False,19,5,7
2026-07-18 20:00:00,21.0,92.0,912.0,AWS003,Bengaluru,12.9716,77.5946,False,20,5,7
2026-07-18 21:00:00,20.6,98.0,911.9,AWS003,Bengaluru,12.9716,77.5946,False,21,5,7
2026-07-18 22:00:00,21.0,95.0,912.3,AWS003,Bengaluru,12.9716,77.5946,False,22,5,7
2026-07-18 23:00:00,21.5,89.0,912.0,AWS003,Bengaluru,12.9716,77.5946,False,23,5,7
2026-07-19 00:00:00,21.5,88.0,911.6,AWS003,Bengaluru,12.9716,77.5946,False,0,6,7
2026-07-19 01:00:00,21.4,88.0,911.2,AWS003,Bengaluru,12.9716,77.5946,False,1,6,7
2026-07-19 02:00:00,21.2,88.0,910.9,AWS003,Bengaluru,12.9716,77.5946,False,2,6,7
2026-07-19 03:00:00,21.0,91.0,910.7,AWS003,Bengaluru,12.9716,77.5946,False,3,6,7
2026-07-19 04:00:00,20.9,92.0,910.6,AWS003,Bengaluru,12.9716,77.5946,False,4,6,7
2026-07-19 05:00:00,21.0,90.0,910.6,AWS003,Bengaluru,12.9716,77.5946,False,5,6,7
2026-07-19 06:00:00,20.7,91.0,911.2,AWS003,Bengaluru,12.9716,77.5946,False,6,6,7
2026-07-19 07:00:00,21.2,89.0,911.6,AWS003,Bengaluru,12.9716,77.5946,False,7,6,7
2026-07-19 08:00:00,21.8,85.0,912.0,AWS003,Bengaluru,12.9716,77.5946,False,8,6,7
2026-07-19 09:00:00,23.7,74.0,912.3,AWS003,Bengaluru,12.9716,77.5946,False,9,6,7
2026-07-19 10:00:00,24.1,71.0,912.4,AWS003,Bengaluru,12.9716,77.5946,False,10,6,7
2026-07-19 11:00:00,25.9,62.0,912.1,AWS003,Bengaluru,12.9716,77.5946,False,11,6,7
2026-07-19 12:00:00,27.6,54.0,911.7,AWS003,Bengaluru,12.9716,77.5946,False,12,6,7
2026-07-19 13:00:00,28.0,54.0,911.2,AWS003,Bengaluru,12.9716,77.5946,False,13,6,7
2026-07-19 14:00:00,28.4,54.0,910.8,AWS003,Bengaluru,12.9716,77.5946,False,14,6,7
2026-07-19 15:00:00,28.1,55.0,910.3,AWS003,Bengaluru,12.9716,77.5946,False,15,6,7
2026-07-19 16:00:00,26.6,59.0,909.6,AWS003,Bengaluru,12.9716,77.5946,False,16,6,7
2026-07-19 17:00:00,27.0,56.0,910.4,AWS003,Bengaluru,12.9716,77.5946,False,17,6,7
2026-07-19 18:00:00,25.4,68.0,910.9,AWS003,Bengaluru,12.9716,77.5946,False,18,6,7
2026-07-19 19:00:00,24.0,77.0,911.1,AWS003,Bengaluru,12.9716,77.5946,False,19,6,7
2026-07-19 20:00:00,23.1,80.0,912.0,AWS003,Bengaluru,12.9716,77.5946,False,20,6,7
2026-07-19 21:00:00,22.7,81.0,912.6,AWS003,Bengaluru,12.9716,77.5946,False,21,6,7
2026-07-19 22:00:00,22.4,85.0,912.8,AWS003,Bengaluru,12.9716,77.5946,False,22,6,7
2026-07-19 23:00:00,22.5,82.0,912.6,AWS003,Bengaluru,12.9716,77.5946,False,23,6,7
2026-07-20 00:00:00,22.0,83.0,912.0,AWS003,Bengaluru,12.9716,77.5946,False,0,0,7
2026-07-20 01:00:00,21.6,85.0,911.4,AWS003,Bengaluru,12.9716,77.5946,False,1,0,7
2026-07-20 02:00:00,21.4,88.0,911.0,AWS003,Bengaluru,12.9716,77.5946,False,2,0,7
2026-07-20 03:00:00,21.1,90.0,910.8,AWS003,Bengaluru,12.9716,77.5946,False,3,0,7
2026-07-20 04:00:00,20.9,91.0,911.1,AWS003,Bengaluru,12.9716,77.5946,False,4,0,7
2026-07-20 05:00:00,20.6,96.0,910.6,AWS003,Bengaluru,12.9716,77.5946,False,5,0,7
2026-07-20 06:00:00,20.6,96.0,911.1,AWS003,Bengaluru,12.9716,77.5946,False,6,0,7
2026-07-20 07:00:00,21.3,92.0,911.6,AWS003,Bengaluru,12.9716,77.5946,False,7,0,7
2026-07-20 08:00:00,22.9,82.0,912.3,AWS003,Bengaluru,12.9716,77.5946,False,8,0,7
2026-07-20 09:00:00,24.3,76.0,913.1,AWS003,Bengaluru,12.9716,77.5946,False,9,0,7
2026-07-20 10:00:00,26.0,67.0,913.4,AWS003,Bengaluru,12.9716,77.5946,False,10,0,7
2026-07-20 11:00:00,26.9,61.0,912.8,AWS003,Bengaluru,12.9716,77.5946,False,11,0,7
2026-07-20 12:00:00,27.9,57.0,912.8,AWS003,Bengaluru,12.9716,77.5946,False,12,0,7
2026-07-20 13:00:00,28.5,53.0,911.9,AWS003,Bengaluru,12.9716,77.5946,False,13,0,7
2026-07-20 14:00:00,24.3,72.0,911.0,AWS003,Bengaluru,12.9716,77.5946,False,14,0,7
2026-07-20 15:00:00,22.9,87.0,910.9,AWS003,Bengaluru,12.9716,77.5946,False,15,0,7
2026-07-20 16:00:00,22.6,88.0,910.2,AWS003,Bengaluru,12.9716,77.5946,False,16,0,7
2026-07-20 17:00:00,22.4,91.0,910.9,AWS003,Bengaluru,12.9716,77.5946,False,17,0,7
2026-07-20 18:00:00,22.6,91.0,911.1,AWS003,Bengaluru,12.9716,77.5946,False,18,0,7
2026-07-20 19:00:00,22.6,91.0,911.2,AWS003,Bengaluru,12.9716,77.5946,False,19,0,7
2026-07-20 20:00:00,22.3,89.0,912.1,AWS003,Bengaluru,12.9716,77.5946,False,20,0,7
2026-07-20 21:00:00,21.8,85.0,912.7,AWS003,Bengaluru,12.9716,77.5946,False,21,0,7
2026-07-20 22:00:00,21.5,85.0,913.1,AWS003,Bengaluru,12.9716,77.5946,False,22,0,7
2026-07-20 23:00:00,21.8,84.0,912.3,AWS003,Bengaluru,12.9716,77.5946,False,23,0,7
2026-07-21 00:00:00,21.2,88.0,911.9,AWS003,Bengaluru,12.9716,77.5946,False,0,1,7
2026-07-21 01:00:00,21.0,90.0,911.6,AWS003,Bengaluru,12.9716,77.5946,False,1,1,7
2026-07-21 02:00:00,20.8,92.0,911.3,AWS003,Bengaluru,12.9716,77.5946,False,2,1,7
2026-07-21 03:00:00,20.6,91.0,911.0,AWS003,Bengaluru,12.9716,77.5946,False,3,1,7
2026-07-21 04:00:00,20.3,92.0,911.1,AWS003,Bengaluru,12.9716,77.5946,False,4,1,7
2026-07-21 05:00:00,20.5,92.0,911.0,AWS003,Bengaluru,12.9716,77.5946,False,5,1,7
2026-07-21 06:00:00,20.4,93.0,911.2,AWS003,Bengaluru,12.9716,77.5946,False,6,1,7
2026-07-21 07:00:00,21.4,88.0,912.0,AWS003,Bengaluru,12.9716,77.5946,False,7,1,7
2026-07-21 08:00:00,23.0,79.0,912.5,AWS003,Bengaluru,12.9716,77.5946,False,8,1,7
2026-07-21 09:00:00,24.2,73.0,912.7,AWS003,Bengaluru,12.9716,77.5946,False,9,1,7
2026-07-21 10:00:00,25.4,67.0,912.9,AWS003,Bengaluru,12.9716,77.5946,False,10,1,7
2026-07-21 11:00:00,26.6,59.0,912.8,AWS003,Bengaluru,12.9716,77.5946,False,11,1,7
2026-07-21 12:00:00,27.6,56.0,912.7,AWS003,Bengaluru,12.9716,77.5946,False,12,1,7
2026-07-21 13:00:00,28.4,53.0,912.2,AWS003,Bengaluru,12.9716,77.5946,False,13,1,7
2026-07-21 14:00:00,28.9,52.0,911.3,AWS003,Bengaluru,12.9716,77.5946,False,14,1,7
2026-07-21 15:00:00,27.8,54.0,910.5,AWS003,Bengaluru,12.9716,77.5946,False,15,1,7
2026-07-21 16:00:00,27.7,56.0,910.6,AWS003,Bengaluru,12.9716,77.5946,False,16,1,7
2026-07-21 17:00:00,27.8,53.0,910.9,AWS003,Bengaluru,12.9716,77.5946,False,17,1,7
2026-07-21 18:00:00,26.2,58.0,911.1,AWS003,Bengaluru,12.9716,77.5946,False,18,1,7
2026-07-21 19:00:00,25.0,66.0,911.6,AWS003,Bengaluru,12.9716,77.5946,False,19,1,7
2026-07-21 20:00:00,24.1,71.0,912.4,AWS003,Bengaluru,12.9716,77.5946,False,20,1,7
2026-07-21 21:00:00,23.1,75.0,912.8,AWS003,Bengaluru,12.9716,77.5946,False,21,1,7
2026-07-21 22:00:00,22.3,79.0,912.8,AWS003,Bengaluru,12.9716,77.5946,False,22,1,7
2026-07-21 23:00:00,22.2,82.0,912.9,AWS003,Bengaluru,12.9716,77.5946,False,23,1,7
2026-07-22 00:00:00,21.6,85.0,912.3,AWS003,Bengaluru,12.9716,77.5946,False,0,2,7
2026-07-22 01:00:00,20.9,89.0,911.5,AWS003,Bengaluru,12.9716,77.5946,False,1,2,7
2026-07-22 02:00:00,20.5,92.0,911.0,AWS003,Bengaluru,12.9716,77.5946,False,2,2,7
2026-07-22 03:00:00,20.3,94.0,910.8,AWS003,Bengaluru,12.9716,77.5946,False,3,2,7
2026-07-22 04:00:00,20.1,96.0,910.7,AWS003,Bengaluru,12.9716,77.5946,False,4,2,7
2026-07-22 05:00:00,20.2,95.0,910.6,AWS003,Bengaluru,12.9716,77.5946,False,5,2,7
2026-07-22 06:00:00,20.1,96.0,911.0,AWS003,Bengaluru,12.9716,77.5946,False,6,2,7
2026-07-22 07:00:00,21.1,91.0,911.7,AWS003,Bengaluru,12.9716,77.5946,False,7,2,7
2026-07-22 08:00:00,22.6,83.0,912.3,AWS003,Bengaluru,12.9716,77.5946,False,8,2,7
2026-07-22 09:00:00,23.9,75.0,912.6,AWS003,Bengaluru,12.9716,77.5946,False,9,2,7
2026-07-22 10:00:00,24.8,71.0,912.8,AWS003,Bengaluru,12.9716,77.5946,False,10,2,7
2026-07-22 11:00:00,25.5,67.0,913.0,AWS003,Bengaluru,12.9716,77.5946,False,11,2,7
2026-07-22 12:00:00,26.1,64.0,912.5,AWS003,Bengaluru,12.9716,77.5946,False,12,2,7
2026-07-22 13:00:00,25.7,68.0,912.0,AWS003,Bengaluru,12.9716,77.5946,False,13,2,7
2026-07-22 14:00:00,26.6,64.0,911.0,AWS003,Bengaluru,12.9716,77.5946,False,14,2,7
2026-07-22 15:00:00,22.1,90.0,910.7,AWS003,Bengaluru,12.9716,77.5946,False,15,2,7
2026-07-22 16:00:00,22.1,91.0,911.1,AWS003,Bengaluru,12.9716,77.5946,False,16,2,7
2026-07-22 17:00:00,22.7,85.0,911.3,AWS003,Bengaluru,12.9716,77.5946,False,17,2,7
2026-07-22 18:00:00,22.8,89.0,911.3,AWS003,Bengaluru,12.9716,77.5946,False,18,2,7
2026-07-22 19:00:00,22.4,87.0,911.9,AWS003,Bengaluru,12.9716,77.5946,False,19,2,7
2026-07-22 20:00:00,22.2,84.0,912.4,AWS003,Bengaluru,12.9716,77.5946,False,20,2,7
2026-07-22 21:00:00,22.2,84.0,912.7,AWS003,Bengaluru,12.9716,77.5946,False,21,2,7
2026-07-22 22:00:00,21.8,86.0,912.8,AWS003,Bengaluru,12.9716,77.5946,False,22,2,7
2026-07-22 23:00:00,21.6,84.0,912.6,AWS003,Bengaluru,12.9716,77.5946,False,23,2,7
2026-07-23 00:00:00,21.0,86.0,912.1,AWS003,Bengaluru,12.9716,77.5946,False,0,3,7
2026-07-23 01:00:00,20.5,90.0,910.9,AWS003,Bengaluru,12.9716,77.5946,False,1,3,7
2026-07-23 02:00:00,20.1,92.0,910.3,AWS003,Bengaluru,12.9716,77.5946,False,2,3,7
2026-07-23 03:00:00,19.8,94.0,910.0,AWS003,Bengaluru,12.9716,77.5946,False,3,3,7
2026-07-23 04:00:00,19.6,96.0,910.1,AWS003,Bengaluru,12.9716,77.5946,False,4,3,7
2026-07-23 05:00:00,20.1,96.0,910.0,AWS003,Bengaluru,12.9716,77.5946,False,5,3,7
2026-07-23 06:00:00,20.2,95.0,910.5,AWS003,Bengaluru,12.9716,77.5946,False,6,3,7
2026-07-23 07:00:00,21.4,90.0,911.3,AWS003,Bengaluru,12.9716,77.5946,False,7,3,7
2026-07-23 08:00:00,23.3,78.0,911.6,AWS003,Bengaluru,12.9716,77.5946,False,8,3,7
2026-07-23 09:00:00,24.3,73.0,911.9,AWS003,Bengaluru,12.9716,77.5946,False,9,3,7
2026-07-23 10:00:00,25.8,65.0,912.2,AWS003,Bengaluru,12.9716,77.5946,False,10,3,7
2026-07-23 11:00:00,26.7,61.0,912.1,AWS003,Bengaluru,12.9716,77.5946,False,11,3,7
2026-07-23 12:00:00,27.8,55.0,911.9,AWS003,Bengaluru,12.9716,77.5946,False,12,3,7
2026-07-23 13:00:00,28.1,54.0,911.1,AWS003,Bengaluru,12.9716,77.5946,False,13,3,7
2026-07-23 14:00:00,28.9,51.0,910.4,AWS003,Bengaluru,12.9716,77.5946,False,14,3,7
2026-07-23 15:00:00,29.2,49.0,910.1,AWS003,Bengaluru,12.9716,77.5946,False,15,3,7
2026-07-23 16:00:00,28.7,49.0,909.7,AWS003,Bengaluru,12.9716,77.5946,False,16,3,7
2026-07-23 17:00:00,27.7,52.0,910.2,AWS003,Bengaluru,12.9716,77.5946,False,17,3,7
2026-07-23 18:00:00,26.4,59.0,910.2,AWS003,Bengaluru,12.9716,77.5946,False,18,3,7
2026-07-23 19:00:00,25.3,64.0,910.7,AWS003,Bengaluru,12.9716,77.5946,False,19,3,7
2026-07-23 20:00:00,24.2,69.0,911.8,AWS003,Bengaluru,12.9716,77.5946,False,20,3,7
2026-07-23 21:00:00,23.3,76.0,912.1,AWS003,Bengaluru,12.9716,77.5946,False,21,3,7
2026-07-23 22:00:00,21.5,85.0,913.0,AWS003,Bengaluru,12.9716,77.5946,False,22,3,7
2026-07-23 23:00:00,21.5,87.0,912.1,AWS003,Bengaluru,12.9716,77.5946,False,23,3,7
2026-07-24 00:00:00,21.2,88.0,911.4,AWS003,Bengaluru,12.9716,77.5946,False,0,4,7
2026-07-24 01:00:00,20.8,89.0,910.7,AWS003,Bengaluru,12.9716,77.5946,False,1,4,7
2026-07-24 02:00:00,19.9,95.0,910.6,AWS003,Bengaluru,12.9716,77.5946,False,2,4,7
2026-07-24 03:00:00,19.8,99.0,910.3,AWS003,Bengaluru,12.9716,77.5946,False,3,4,7
2026-07-24 04:00:00,20.0,98.0,910.2,AWS003,Bengaluru,12.9716,77.5946,False,4,4,7
2026-07-24 05:00:00,20.5,98.0,910.3,AWS003,Bengaluru,12.9716,77.5946,False,5,4,7
2026-07-24 06:00:00,20.4,96.0,910.5,AWS003,Bengaluru,12.9716,77.5946,False,6,4,7
2026-07-24 07:00:00,21.4,89.0,911.3,AWS003,Bengaluru,12.9716,77.5946,False,7,4,7
2026-07-24 08:00:00,23.3,77.0,911.9,AWS003,Bengaluru,12.9716,77.5946,False,8,4,7
2026-07-24 09:00:00,24.7,71.0,912.2,AWS003,Bengaluru,12.9716,77.5946,False,9,4,7
2026-07-24 10:00:00,26.1,64.0,912.2,AWS003,Bengaluru,12.9716,77.5946,False,10,4,7
2026-07-24 11:00:00,27.5,57.0,912.2,AWS003,Bengaluru,12.9716,77.5946,False,11,4,7
2026-07-24 12:00:00,28.4,51.0,911.8,AWS003,Bengaluru,12.9716,77.5946,False,12,4,7
2026-07-24 13:00:00,29.5,48.0,911.4,AWS003,Bengaluru,12.9716,77.5946,False,13,4,7
2026-07-24 14:00:00,29.3,50.0,910.3,AWS003,Bengaluru,12.9716,77.5946,False,14,4,7
2026-07-24 15:00:00,28.0,52.0,909.8,AWS003,Bengaluru,12.9716,77.5946,False,15,4,7
2026-07-24 16:00:00,26.5,61.0,909.9,AWS003,Bengaluru,12.9716,77.5946,False,16,4,7
2026-07-24 17:00:00,26.4,58.0,910.1,AWS003,Bengaluru,12.9716,77.5946,False,17,4,7
2026-07-24 18:00:00,25.3,64.0,910.0,AWS003,Bengaluru,12.9716,77.5946,False,18,4,7
2026-07-24 19:00:00,24.3,70.0,910.3,AWS003,Bengaluru,12.9716,77.5946,False,19,4,7
2026-07-24 20:00:00,23.9,71.0,911.3,AWS003,Bengaluru,12.9716,77.5946,False,20,4,7
2026-07-24 21:00:00,23.4,72.0,911.3,AWS003,Bengaluru,12.9716,77.5946,False,21,4,7
2026-07-24 22:00:00,22.5,77.0,911.8,AWS003,Bengaluru,12.9716,77.5946,False,22,4,7
2026-07-24 23:00:00,22.4,78.0,911.4,AWS003,Bengaluru,12.9716,77.5946,False,23,4,7
2026-07-25 00:00:00,21.5,85.0,910.8,AWS003,Bengaluru,12.9716,77.5946,False,0,5,7
2026-07-25 01:00:00,20.9,86.0,910.3,AWS003,Bengaluru,12.9716,77.5946,False,1,5,7
2026-07-25 02:00:00,20.6,86.0,910.0,AWS003,Bengaluru,12.9716,77.5946,False,2,5,7
2026-07-25 03:00:00,20.3,88.0,909.7,AWS003,Bengaluru,12.9716,77.5946,False,3,5,7
2026-07-25 04:00:00,20.0,90.0,909.5,AWS003,Bengaluru,12.9716,77.5946,False,4,5,7
2026-07-25 05:00:00,20.2,93.0,909.8,AWS003,Bengaluru,12.9716,77.5946,False,5,5,7
2026-07-25 06:00:00,20.0,94.0,910.2,AWS003,Bengaluru,12.9716,77.5946,False,6,5,7
2026-07-25 07:00:00,21.1,88.0,911.0,AWS003,Bengaluru,12.9716,77.5946,False,7,5,7
2026-07-25 08:00:00,23.0,76.0,911.6,AWS003,Bengaluru,12.9716,77.5946,False,8,5,7
2026-07-25 09:00:00,24.9,65.0,912.0,AWS003,Bengaluru,12.9716,77.5946,False,9,5,7
2026-07-25 10:00:00,25.7,63.0,912.1,AWS003,Bengaluru,12.9716,77.5946,False,10,5,7
2026-07-25 11:00:00,27.3,54.0,911.8,AWS003,Bengaluru,12.9716,77.5946,False,11,5,7
2026-07-25 12:00:00,27.8,52.0,911.4,AWS003,Bengaluru,12.9716,77.5946,False,12,5,7
2026-07-25 13:00:00,28.9,52.0,910.9,AWS003,Bengaluru,12.9716,77.5946,False,13,5,7
2026-07-25 14:00:00,27.9,55.0,909.8,AWS003,Bengaluru,12.9716,77.5946,False,14,5,7
2026-07-25 15:00:00,26.5,65.0,909.5,AWS003,Bengaluru,12.9716,77.5946,False,15,5,7
2026-07-25 16:00:00,23.9,80.0,909.6,AWS003,Bengaluru,12.9716,77.5946,False,16,5,7
2026-07-25 17:00:00,24.8,75.0,909.9,AWS003,Bengaluru,12.9716,77.5946,False,17,5,7
2026-07-25 18:00:00,24.0,79.0,910.1,AWS003,Bengaluru,12.9716,77.5946,False,18,5,7
2026-07-25 19:00:00,23.2,83.0,910.6,AWS003,Bengaluru,12.9716,77.5946,False,19,5,7
2026-07-25 20:00:00,22.9,83.0,911.2,AWS003,Bengaluru,12.9716,77.5946,False,20,5,7
2026-07-25 21:00:00,22.2,82.0,911.6,AWS003,Bengaluru,12.9716,77.5946,False,21,5,7
2026-07-25 22:00:00,21.6,84.0,911.9,AWS003,Bengaluru,12.9716,77.5946,False,22,5,7
2026-07-25 23:00:00,22.0,81.0,911.0,AWS003,Bengaluru,12.9716,77.5946,False,23,5,7
2026-07-26 00:00:00,21.4,85.0,910.3,AWS003,Bengaluru,12.9716,77.5946,False,0,6,7
2026-07-26 01:00:00,21.2,86.0,909.9,AWS003,Bengaluru,12.9716,77.5946,False,1,6,7
2026-07-26 02:00:00,20.8,89.0,909.6,AWS003,Bengaluru,12.9716,77.5946,False,2,6,7
2026-07-26 03:00:00,20.6,91.0,909.3,AWS003,Bengaluru,12.9716,77.5946,False,3,6,7
2026-07-26 04:00:00,20.3,93.0,909.4,AWS003,Bengaluru,12.9716,77.5946,False,4,6,7
2026-07-26 05:00:00,20.7,91.0,909.6,AWS003,Bengaluru,12.9716,77.5946,False,5,6,7
2026-07-26 06:00:00,20.6,92.0,910.0,AWS003,Bengaluru,12.9716,77.5946,False,6,6,7
2026-07-26 07:00:00,21.8,87.0,910.9,AWS003,Bengaluru,12.9716,77.5946,False,7,6,7
2026-07-26 08:00:00,23.4,78.0,911.2,AWS003,Bengaluru,12.9716,77.5946,False,8,6,7
2026-07-26 09:00:00,25.1,69.0,911.8,AWS003,Bengaluru,12.9716,77.5946,False,9,6,7
2026-07-26 10:00:00,26.3,63.0,912.0,AWS003,Bengaluru,12.9716,77.5946,False,10,6,7
2026-07-26 11:00:00,26.5,65.0,911.8,AWS003,Bengaluru,12.9716,77.5946,False,11,6,7
2026-07-26 12:00:00,23.0,82.0,911.4,AWS003,Bengaluru,12.9716,77.5946,False,12,6,7
2026-07-26 13:00:00,24.8,78.0,910.8,AWS003,Bengaluru,12.9716,77.5946,False,13,6,7
2026-07-26 14:00:00,26.2,67.0,910.3,AWS003,Bengaluru,12.9716,77.5946,False,14,6,7
2026-07-26 15:00:00,26.7,67.0,909.6,AWS003,Bengaluru,12.9716,77.5946,False,15,6,7
2026-07-26 16:00:00,27.0,65.0,909.1,AWS003,Bengaluru,12.9716,77.5946,False,16,6,7
2026-07-26 17:00:00,27.3,56.0,909.2,AWS003,Bengaluru,12.9716,77.5946,False,17,6,7
2026-07-26 18:00:00,26.2,60.0,909.2,AWS003,Bengaluru,12.9716,77.5946,False,18,6,7
2026-07-26 19:00:00,25.1,64.0,909.9,AWS003,Bengaluru,12.9716,77.5946,False,19,6,7
2026-07-26 20:00:00,24.0,72.0,910.7,AWS003,Bengaluru,12.9716,77.5946,False,20,6,7
2026-07-26 21:00:00,23.0,78.0,911.1,AWS003,Bengaluru,12.9716,77.5946,False,21,6,7
2026-07-26 22:00:00,22.3,83.0,911.3,AWS003,Bengaluru,12.9716,77.5946,False,22,6,7
2026-07-26 23:00:00,22.2,84.0,910.5,AWS003,Bengaluru,12.9716,77.5946,False,23,6,7
2026-07-27 00:00:00,21.8,86.0,910.3,AWS003,Bengaluru,12.9716,77.5946,False,0,0,7
2026-07-27 01:00:00,21.4,88.0,909.7,AWS003,Bengaluru,12.9716,77.5946,False,1,0,7
2026-07-27 02:00:00,21.2,88.0,909.3,AWS003,Bengaluru,12.9716,77.5946,False,2,0,7
2026-07-27 03:00:00,20.8,90.0,908.9,AWS003,Bengaluru,12.9716,77.5946,False,3,0,7
2026-07-27 04:00:00,20.7,91.0,908.9,AWS003,Bengaluru,12.9716,77.5946,False,4,0,7
2026-07-27 05:00:00,21.4,89.0,908.9,AWS003,Bengaluru,12.9716,77.5946,False,5,0,7
2026-07-27 06:00:00,21.5,89.0,909.3,AWS003,Bengaluru,12.9716,77.5946,False,6,0,7
2026-07-27 07:00:00,22.5,84.0,909.8,AWS003,Bengaluru,12.9716,77.5946,False,7,0,7
2026-07-27 08:00:00,23.8,75.0,910.3,AWS003,Bengaluru,12.9716,77.5946,False,8,0,7
2026-07-27 09:00:00,25.4,65.0,910.9,AWS003,Bengaluru,12.9716,77.5946,False,9,0,7
2026-07-27 10:00:00,26.2,63.0,910.9,AWS003,Bengaluru,12.9716,77.5946,False,10,0,7
2026-07-27 11:00:00,27.7,54.0,910.8,AWS003,Bengaluru,12.9716,77.5946,False,11,0,7
2026-07-27 12:00:00,28.4,54.0,911.0,AWS003,Bengaluru,12.9716,77.5946,False,12,0,7
2026-07-27 13:00:00,28.3,54.0,910.2,AWS003,Bengaluru,12.9716,77.5946,False,13,0,7
2026-07-27 14:00:00,28.2,56.0,909.3,AWS003,Bengaluru,12.9716,77.5946,False,14,0,7
2026-07-27 15:00:00,28.2,56.0,908.5,AWS003,Bengaluru,12.9716,77.5946,False,15,0,7
2026-07-27 16:00:00,26.4,63.0,908.0,AWS003,Bengaluru,12.9716,77.5946,False,16,0,7
2026-07-27 17:00:00,27.4,56.0,908.4,AWS003,Bengaluru,12.9716,77.5946,False,17,0,7
2026-07-27 18:00:00,26.3,60.0,908.8,AWS003,Bengaluru,12.9716,77.5946,False,18,0,7
2026-07-27 19:00:00,24.9,68.0,908.9,AWS003,Bengaluru,12.9716,77.5946,False,19,0,7
2026-07-27 20:00:00,24.1,74.0,909.8,AWS003,Bengaluru,12.9716,77.5946,False,20,0,7
2026-07-27 21:00:00,23.8,76.0,910.4,AWS003,Bengaluru,12.9716,77.5946,False,21,0,7
2026-07-27 22:00:00,23.1,80.0,910.9,AWS003,Bengaluru,12.9716,77.5946,False,22,0,7
2026-07-27 23:00:00,23.0,80.0,910.3,AWS003,Bengaluru,12.9716,77.5946,False,23,0,7
2026-07-28 00:00:00,22.4,83.0,909.8,AWS003,Bengaluru,12.9716,77.5946,False,0,1,7
2026-07-28 01:00:00,22.0,87.0,909.1,AWS003,Bengaluru,12.9716,77.5946,False,1,1,7
2026-07-28 02:00:00,21.8,89.0,908.7,AWS003,Bengaluru,12.9716,77.5946,False,2,1,7
2026-07-28 03:00:00,21.5,90.0,908.4,AWS003,Bengaluru,12.9716,77.5946,False,3,1,7
2026-07-28 04:00:00,21.3,90.0,908.2,AWS003,Bengaluru,12.9716,77.5946,False,4,1,7
2026-07-28 05:00:00,21.4,89.0,908.1,AWS003,Bengaluru,12.9716,77.5946,False,5,1,7
2026-07-28 06:00:00,21.2,90.0,908.5,AWS003,Bengaluru,12.9716,77.5946,False,6,1,7
2026-07-28 07:00:00,22.2,84.0,909.3,AWS003,Bengaluru,12.9716,77.5946,False,7,1,7
2026-07-28 08:00:00,23.7,75.0,910.1,AWS003,Bengaluru,12.9716,77.5946,False,8,1,7
2026-07-28 09:00:00,25.0,68.0,910.6,AWS003,Bengaluru,12.9716,77.5946,False,9,1,7
2026-07-28 10:00:00,26.7,61.0,911.0,AWS003,Bengaluru,12.9716,77.5946,False,10,1,7
2026-07-28 11:00:00,27.1,58.0,910.7,AWS003,Bengaluru,12.9716,77.5946,False,11,1,7
2026-07-28 12:00:00,28.9,51.0,910.2,AWS003,Bengaluru,12.9716,77.5946,False,12,1,7
2026-07-28 13:00:00,29.7,50.0,909.7,AWS003,Bengaluru,12.9716,77.5946,False,13,1,7
2026-07-28 14:00:00,29.6,50.0,908.7,AWS003,Bengaluru,12.9716,77.5946,False,14,1,7
2026-07-28 15:00:00,26.9,61.0,908.2,AWS003,Bengaluru,12.9716,77.5946,False,15,1,7
2026-07-28 16:00:00,26.8,64.0,907.9,AWS003,Bengaluru,12.9716,77.5946,False,16,1,7
2026-07-28 17:00:00,27.4,56.0,907.9,AWS003,Bengaluru,12.9716,77.5946,False,17,1,7
2026-07-28 18:00:00,25.9,63.0,908.0,AWS003,Bengaluru,12.9716,77.5946,False,18,1,7
2026-07-28 19:00:00,24.7,69.0,908.5,AWS003,Bengaluru,12.9716,77.5946,False,19,1,7
2026-07-28 20:00:00,23.9,73.0,909.0,AWS003,Bengaluru,12.9716,77.5946,False,20,1,7
2026-07-28 21:00:00,22.9,78.0,909.5,AWS003,Bengaluru,12.9716,77.5946,False,21,1,7
2026-07-28 22:00:00,22.2,82.0,910.0,AWS003,Bengaluru,12.9716,77.5946,False,22,1,7
2026-07-28 23:00:00,22.4,83.0,909.7,AWS003,Bengaluru,12.9716,77.5946,False,23,1,7
2026-07-29 00:00:00,21.9,87.0,909.2,AWS003,Bengaluru,12.9716,77.5946,False,0,2,7
2026-07-29 01:00:00,21.7,88.0,908.8,AWS003,Bengaluru,12.9716,77.5946,False,1,2,7
2026-07-29 02:00:00,21.7,88.0,908.2,AWS003,Bengaluru,12.9716,77.5946,False,2,2,7
2026-07-29 03:00:00,21.6,88.0,908.1,AWS003,Bengaluru,12.9716,77.5946,False,3,2,7
2026-07-29 04:00:00,21.7,87.0,908.0,AWS003,Bengaluru,12.9716,77.5946,False,4,2,7
2026-07-29 05:00:00,21.7,88.0,907.8,AWS003,Bengaluru,12.9716,77.5946,False,5,2,7
2026-07-29 06:00:00,21.7,89.0,908.0,AWS003,Bengaluru,12.9716,77.5946,False,6,2,7
2026-07-29 07:00:00,22.4,86.0,908.7,AWS003,Bengaluru,12.9716,77.5946,False,7,2,7
2026-07-29 08:00:00,23.8,76.0,909.3,AWS003,Bengaluru,12.9716,77.5946,False,8,2,7
2026-07-29 09:00:00,25.6,65.0,910.0,AWS003,Bengaluru,12.9716,77.5946,False,9,2,7
2026-07-29 10:00:00,25.9,63.0,909.9,AWS003,Bengaluru,12.9716,77.5946,False,10,2,7
2026-07-29 11:00:00,27.4,55.0,909.7,AWS003,Bengaluru,12.9716,77.5946,False,11,2,7
2026-07-29 12:00:00,28.1,54.0,909.2,AWS003,Bengaluru,12.9716,77.5946,False,12,2,7
2026-07-29 13:00:00,28.6,54.0,908.6,AWS003,Bengaluru,12.9716,77.5946,False,13,2,7
2026-07-29 14:00:00,29.3,53.0,907.6,AWS003,Bengaluru,12.9716,77.5946,False,14,2,7
2026-07-29 15:00:00,27.9,56.0,907.4,AWS003,Bengaluru,12.9716,77.5946,False,15,2,7
2026-07-29 16:00:00,24.7,77.0,906.8,AWS003,Bengaluru,12.9716,77.5946,False,16,2,7
2026-07-29 17:00:00,26.8,60.0,907.1,AWS003,Bengaluru,12.9716,77.5946,False,17,2,7
2026-07-29 18:00:00,25.3,68.0,907.2,AWS003,Bengaluru,12.9716,77.5946,False,18,2,7
2026-07-29 19:00:00,23.9,74.0,907.8,AWS003,Bengaluru,12.9716,77.5946,False,19,2,7
2026-07-29 20:00:00,23.1,78.0,908.3,AWS003,Bengaluru,12.9716,77.5946,False,20,2,7
2026-07-29 21:00:00,22.5,81.0,909.0,AWS003,Bengaluru,12.9716,77.5946,False,21,2,7
2026-07-29 22:00:00,21.9,83.0,909.0,AWS003,Bengaluru,12.9716,77.5946,False,22,2,7
2026-07-29 23:00:00,22.3,84.0,908.6,AWS003,Bengaluru,12.9716,77.5946,False,23,2,7
2026-07-30 00:00:00,22.1,88.0,907.9,AWS003,Bengaluru,12.9716,77.5946,False,0,3,7
2026-07-30 01:00:00,21.9,90.0,907.0,AWS003,Bengaluru,12.9716,77.5946,False,1,3,7
2026-07-30 02:00:00,21.5,88.0,906.7,AWS003,Bengaluru,12.9716,77.5946,False,2,3,7
2026-07-30 03:00:00,21.2,90.0,906.4,AWS003,Bengaluru,12.9716,77.5946,False,3,3,7
2026-07-30 04:00:00,21.0,90.0,906.2,AWS003,Bengaluru,12.9716,77.5946,False,4,3,7
2026-07-30 05:00:00,21.8,88.0,906.2,AWS003,Bengaluru,12.9716,77.5946,False,5,3,7
2026-07-30 06:00:00,21.8,88.0,906.5,AWS003,Bengaluru,12.9716,77.5946,False,6,3,7
2026-07-30 07:00:00,22.4,82.0,906.9,AWS003,Bengaluru,12.9716,77.5946,False,7,3,7
2026-07-30 08:00:00,23.5,76.0,907.5,AWS003,Bengaluru,12.9716,77.5946,False,8,3,7
2026-07-30 09:00:00,24.7,71.0,907.7,AWS003,Bengaluru,12.9716,77.5946,False,9,3,7
2026-07-30 10:00:00,25.9,65.0,908.2,AWS003,Bengaluru,12.9716,77.5946,False,10,3,7
2026-07-30 11:00:00,27.2,57.0,908.2,AWS003,Bengaluru,12.9716,77.5946,False,11,3,7
2026-07-30 12:00:00,27.6,56.0,907.6,AWS003,Bengaluru,12.9716,77.5946,False,12,3,7
2026-07-30 13:00:00,28.1,58.0,907.0,AWS003,Bengaluru,12.9716,77.5946,False,13,3,7
2026-07-30 14:00:00,28.3,59.0,906.2,AWS003,Bengaluru,12.9716,77.5946,False,14,3,7
2026-07-30 15:00:00,25.3,72.0,905.6,AWS003,Bengaluru,12.9716,77.5946,False,15,3,7
2026-07-30 16:00:00,25.8,67.0,905.0,AWS003,Bengaluru,12.9716,77.5946,False,16,3,7
2026-07-30 17:00:00,25.7,68.0,905.5,AWS003,Bengaluru,12.9716,77.5946,False,17,3,7
2026-07-30 18:00:00,24.8,73.0,906.0,AWS003,Bengaluru,12.9716,77.5946,False,18,3,7
2026-07-30 19:00:00,24.2,73.0,906.4,AWS003,Bengaluru,12.9716,77.5946,False,19,3,7
2026-07-30 20:00:00,23.4,77.0,907.2,AWS003,Bengaluru,12.9716,77.5946,False,20,3,7
2026-07-30 21:00:00,22.9,80.0,907.7,AWS003,Bengaluru,12.9716,77.5946,False,21,3,7
2026-07-30 22:00:00,22.3,84.0,908.1,AWS003,Bengaluru,12.9716,77.5946,False,22,3,7
2026-07-30 23:00:00,22.4,85.0,907.6,AWS003,Bengaluru,12.9716,77.5946,False,23,3,7
2026-07-31 00:00:00,22.1,87.0,906.9,AWS003,Bengaluru,12.9716,77.5946,False,0,4,7
2026-07-31 01:00:00,21.9,88.0,906.2,AWS003,Bengaluru,12.9716,77.5946,False,1,4,7
2026-07-31 02:00:00,21.8,89.0,905.9,AWS003,Bengaluru,12.9716,77.5946,False,2,4,7
2026-07-31 03:00:00,21.7,88.0,906.0,AWS003,Bengaluru,12.9716,77.5946,False,3,4,7
2026-07-31 04:00:00,21.5,88.0,905.8,AWS003,Bengaluru,12.9716,77.5946,False,4,4,7
2026-07-31 05:00:00,21.6,89.0,905.8,AWS003,Bengaluru,12.9716,77.5946,False,5,4,7
2026-07-31 06:00:00,21.8,88.0,906.2,AWS003,Bengaluru,12.9716,77.5946,False,6,4,7
2026-07-31 07:00:00,23.1,83.0,906.9,AWS003,Bengaluru,12.9716,77.5946,False,7,4,7
2026-07-31 08:00:00,24.4,75.0,907.6,AWS003,Bengaluru,12.9716,77.5946,False,8,4,7
2026-07-31 09:00:00,25.6,69.0,908.2,AWS003,Bengaluru,12.9716,77.5946,False,9,4,7
2026-07-31 10:00:00,27.0,62.0,908.5,AWS003,Bengaluru,12.9716,77.5946,False,10,4,7
2026-07-31 11:00:00,28.1,58.0,908.4,AWS003,Bengaluru,12.9716,77.5946,False,11,4,7
2026-07-31 12:00:00,28.8,53.0,908.1,AWS003,Bengaluru,12.9716,77.5946,False,12,4,7
2026-07-31 13:00:00,28.9,53.0,907.2,AWS003,Bengaluru,12.9716,77.5946,False,13,4,7
2026-07-31 14:00:00,28.7,57.0,906.4,AWS003,Bengaluru,12.9716,77.5946,False,14,4,7
2026-07-31 15:00:00,27.4,62.0,905.8,AWS003,Bengaluru,12.9716,77.5946,False,15,4,7
2026-07-31 16:00:00,26.7,61.0,905.9,AWS003,Bengaluru,12.9716,77.5946,False,16,4,7
2026-07-31 17:00:00,27.4,56.0,906.5,AWS003,Bengaluru,12.9716,77.5946,False,17,4,7
2026-07-31 18:00:00,24.6,73.0,906.8,AWS003,Bengaluru,12.9716,77.5946,False,18,4,7
2026-07-31 19:00:00,23.6,77.0,907.6,AWS003,Bengaluru,12.9716,77.5946,False,19,4,7
2026-07-31 20:00:00,23.2,79.0,908.4,AWS003,Bengaluru,12.9716,77.5946,False,20,4,7
2026-07-31 21:00:00,22.3,85.0,908.9,AWS003,Bengaluru,12.9716,77.5946,False,21,4,7
2026-07-31 22:00:00,22.0,91.0,908.8,AWS003,Bengaluru,12.9716,77.5946,False,22,4,7
2026-07-31 23:00:00,22.5,88.0,908.7,AWS003,Bengaluru,12.9716,77.5946,False,23,4,7
2026-08-01 00:00:00,22.3,87.0,908.1,AWS003,Bengaluru,12.9716,77.5946,False,0,5,8
2026-08-01 01:00:00,21.9,89.0,907.6,AWS003,Bengaluru,12.9716,77.5946,False,1,5,8
2026-08-01 02:00:00,21.7,89.0,907.1,AWS003,Bengaluru,12.9716,77.5946,False,2,5,8
2026-08-01 03:00:00,21.3,90.0,906.9,AWS003,Bengaluru,12.9716,77.5946,False,3,5,8
2026-08-01 04:00:00,21.2,91.0,907.1,AWS003,Bengaluru,12.9716,77.5946,False,4,5,8
2026-08-01 05:00:00,21.6,94.0,907.5,AWS003,Bengaluru,12.9716,77.5946,False,5,5,8
2026-08-01 06:00:00,21.7,93.0,908.0,AWS003,Bengaluru,12.9716,77.5946,False,6,5,8
2026-08-01 07:00:00,22.1,91.0,908.6,AWS003,Bengaluru,12.9716,77.5946,False,7,5,8
2026-08-01 08:00:00,22.8,86.0,909.1,AWS003,Bengaluru,12.9716,77.5946,False,8,5,8
2026-08-01 09:00:00,24.4,74.0,909.7,AWS003,Bengaluru,12.9716,77.5946,False,9,5,8
2026-08-01 10:00:00,25.6,68.0,909.9,AWS003,Bengaluru,12.9716,77.5946,False,10,5,8
2026-08-01 11:00:00,25.3,71.0,909.5,AWS003,Bengaluru,12.9716,77.5946,False,11,5,8
2026-08-01 12:00:00,25.8,67.0,909.5,AWS003,Bengaluru,12.9716,77.5946,False,12,5,8
2026-08-01 13:00:00,25.9,66.0,909.0,AWS003,Bengaluru,12.9716,77.5946,False,13,5,8
2026-08-01 14:00:00,27.3,62.0,908.2,AWS003,Bengaluru,12.9716,77.5946,False,14,5,8
2026-08-01 15:00:00,24.2,76.0,907.8,AWS003,Bengaluru,12.9716,77.5946,False,15,5,8
2026-08-01 16:00:00,23.9,82.0,907.8,AWS003,Bengaluru,12.9716,77.5946,False,16,5,8
2026-08-01 17:00:00,25.9,67.0,908.1,AWS003,Bengaluru,12.9716,77.5946,False,17,5,8
2026-08-01 18:00:00,22.2,91.0,908.2,AWS003,Bengaluru,12.9716,77.5946,False,18,5,8
2026-08-01 19:00:00,21.9,91.0,909.0,AWS003,Bengaluru,12.9716,77.5946,False,19,5,8
2026-08-01 20:00:00,22.1,90.0,909.5,AWS003,Bengaluru,12.9716,77.5946,False,20,5,8
2026-08-01 21:00:00,21.9,89.0,910.2,AWS003,Bengaluru,12.9716,77.5946,False,21,5,8
2026-08-01 22:00:00,21.7,89.0,910.7,AWS003,Bengaluru,12.9716,77.5946,False,22,5,8
2026-08-01 23:00:00,22.5,85.0,910.4,AWS003,Bengaluru,12.9716,77.5946,False,23,5,8
2026-08-02 00:00:00,22.1,87.0,910.2,AWS003,Bengaluru,12.9716,77.5946,False,0,6,8
2026-08-02 01:00:00,21.7,87.0,909.5,AWS003,Bengaluru,12.9716,77.5946,False,1,6,8
2026-08-02 02:00:00,21.6,87.0,909.1,AWS003,Bengaluru,12.9716,77.5946,False,2,6,8
2026-08-02 03:00:00,21.3,89.0,909.2,AWS003,Bengaluru,12.9716,77.5946,False,3,6,8
2026-08-02 04:00:00,21.2,90.0,909.7,AWS003,Bengaluru,12.9716,77.5946,False,4,6,8
2026-08-02 05:00:00,21.7,89.0,909.4,AWS003,Bengaluru,12.9716,77.5946,False,5,6,8
2026-08-02 06:00:00,21.4,91.0,909.8,AWS003,Bengaluru,12.9716,77.5946,False,6,6,8
2026-08-02 07:00:00,22.0,88.0,910.8,AWS003,Bengaluru,12.9716,77.5946,False,7,6,8
2026-08-02 08:00:00,22.8,83.0,911.4,AWS003,Bengaluru,12.9716,77.5946,False,8,6,8
2026-08-02 09:00:00,23.6,79.0,911.5,AWS003,Bengaluru,12.9716,77.5946,False,9,6,8
2026-08-02 10:00:00,24.7,72.0,911.3,AWS003,Bengaluru,12.9716,77.5946,False,10,6,8
2026-08-02 11:00:00,27.0,64.0,911.1,AWS003,Bengaluru,12.9716,77.5946,False,11,6,8
2026-08-02 12:00:00,28.9,56.0,911.0,AWS003,Bengaluru,12.9716,77.5946,False,12,6,8
2026-08-02 13:00:00,28.9,53.0,910.5,AWS003,Bengaluru,12.9716,77.5946,False,13,6,8
2026-08-02 14:00:00,28.6,52.0,909.6,AWS003,Bengaluru,12.9716,77.5946,False,14,6,8
2026-08-02 15:00:00,28.4,53.0,909.1,AWS003,Bengaluru,12.9716,77.5946,False,15,6,8
2026-08-02 16:00:00,28.3,53.0,908.7,AWS003,Bengaluru,12.9716,77.5946,False,16,6,8
2026-08-02 17:00:00,27.4,56.0,908.9,AWS003,Bengaluru,12.9716,77.5946,False,17,6,8
2026-08-02 18:00:00,25.7,64.0,909.2,AWS003,Bengaluru,12.9716,77.5946,False,18,6,8
2026-08-02 19:00:00,25.0,69.0,909.9,AWS003,Bengaluru,12.9716,77.5946,False,19,6,8
2026-08-02 20:00:00,23.8,77.0,910.6,AWS003,Bengaluru,12.9716,77.5946,False,20,6,8
2026-08-02 21:00:00,22.9,81.0,911.5,AWS003,Bengaluru,12.9716,77.5946,False,21,6,8
2026-08-02 22:00:00,22.2,87.0,911.5,AWS003,Bengaluru,12.9716,77.5946,False,22,6,8
2026-08-02 23:00:00,22.2,91.0,911.3,AWS003,Bengaluru,12.9716,77.5946,False,23,6,8
2026-08-03 00:00:00,21.9,91.0,911.0,AWS003,Bengaluru,12.9716,77.5946,False,0,0,8
2026-08-03 01:00:00,21.4,91.0,910.3,AWS003,Bengaluru,12.9716,77.5946,False,1,0,8
2026-08-03 02:00:00,21.3,93.0,909.9,AWS003,Bengaluru,12.9716,77.5946,False,2,0,8
2026-08-03 03:00:00,21.1,95.0,909.8,AWS003,Bengaluru,12.9716,77.5946,False,3,0,8
2026-08-03 04:00:00,21.1,95.0,909.9,AWS003,Bengaluru,12.9716,77.5946,False,4,0,8
2026-08-03 05:00:00,21.3,95.0,909.7,AWS003,Bengaluru,12.9716,77.5946,False,5,0,8
2026-08-03 06:00:00,21.2,95.0,910.1,AWS003,Bengaluru,12.9716,77.5946,False,6,0,8
2026-08-03 07:00:00,22.1,88.0,911.0,AWS003,Bengaluru,12.9716,77.5946,False,7,0,8
2026-08-03 08:00:00,23.5,79.0,912.0,AWS003,Bengaluru,12.9716,77.5946,False,8,0,8
2026-08-03 09:00:00,24.9,71.0,912.3,AWS003,Bengaluru,12.9716,77.5946,False,9,0,8
2026-08-03 10:00:00,26.1,65.0,912.4,AWS003,Bengaluru,12.9716,77.5946,False,10,0,8
2026-08-03 11:00:00,26.1,64.0,912.2,AWS003,Bengaluru,12.9716,77.5946,False,11,0,8
2026-08-03 12:00:00,25.6,64.0,911.9,AWS003,Bengaluru,12.9716,77.5946,False,12,0,8
2026-08-03 13:00:00,24.6,76.0,911.4,AWS003,Bengaluru,12.9716,77.5946,False,13,0,8
2026-08-03 14:00:00,25.8,69.0,910.4,AWS003,Bengaluru,12.9716,77.5946,False,14,0,8
2026-08-03 15:00:00,22.6,87.0,910.0,AWS003,Bengaluru,12.9716,77.5946,False,15,0,8
2026-08-03 16:00:00,23.3,88.0,909.1,AWS003,Bengaluru,12.9716,77.5946,False,16,0,8
2026-08-03 17:00:00,25.6,66.0,909.7,AWS003,Bengaluru,12.9716,77.5946,False,17,0,8
2026-08-03 18:00:00,24.6,74.0,909.6,AWS003,Bengaluru,12.9716,77.5946,False,18,0,8
2026-08-03 19:00:00,24.4,73.0,910.4,AWS003,Bengaluru,12.9716,77.5946,False,19,0,8
2026-08-03 20:00:00,23.6,75.0,911.4,AWS003,Bengaluru,12.9716,77.5946,False,20,0,8
2026-08-03 21:00:00,22.7,83.0,911.9,AWS003,Bengaluru,12.9716,77.5946,False,21,0,8
2026-08-03 22:00:00,22.2,85.0,912.6,AWS003,Bengaluru,12.9716,77.5946,False,22,0,8
2026-08-03 23:00:00,22.0,91.0,911.9,AWS003,Bengaluru,12.9716,77.5946,False,23,0,8
2026-08-04 00:00:00,21.5,93.0,911.5,AWS003,Bengaluru,12.9716,77.5946,False,0,1,8
2026-08-04 01:00:00,21.3,93.0,911.2,AWS003,Bengaluru,12.9716,77.5946,False,1,1,8
2026-08-04 02:00:00,21.0,95.0,910.6,AWS003,Bengaluru,12.9716,77.5946,False,2,1,8
2026-08-04 03:00:00,20.7,97.0,910.5,AWS003,Bengaluru,12.9716,77.5946,False,3,1,8
2026-08-04 04:00:00,20.6,95.0,910.7,AWS003,Bengaluru,12.9716,77.5946,False,4,1,8
2026-08-04 05:00:00,20.7,95.0,910.4,AWS003,Bengaluru,12.9716,77.5946,False,5,1,8
2026-08-04 06:00:00,20.5,95.0,910.5,AWS003,Bengaluru,12.9716,77.5946,False,6,1,8
2026-08-04 07:00:00,21.5,89.0,911.3,AWS003,Bengaluru,12.9716,77.5946,False,7,1,8
2026-08-04 08:00:00,23.3,77.0,911.9,AWS003,Bengaluru,12.9716,77.5946,False,8,1,8
2026-08-04 09:00:00,24.6,70.0,912.3,AWS003,Bengaluru,12.9716,77.5946,False,9,1,8
2026-08-04 10:00:00,25.2,69.0,912.8,AWS003,Bengaluru,12.9716,77.5946,False,10,1,8
2026-08-04 11:00:00,26.0,64.0,912.8,AWS003,Bengaluru,12.9716,77.5946,False,11,1,8
2026-08-04 12:00:00,24.4,72.0,912.0,AWS003,Bengaluru,12.9716,77.5946,False,12,1,8
2026-08-04 13:00:00,27.1,62.0,911.7,AWS003,Bengaluru,12.9716,77.5946,False,13,1,8
2026-08-04 14:00:00,27.9,60.0,910.7,AWS003,Bengaluru,12.9716,77.5946,False,14,1,8
2026-08-04 15:00:00,28.0,58.0,909.8,AWS003,Bengaluru,12.9716,77.5946,False,15,1,8
2026-08-04 16:00:00,22.7,87.0,909.2,AWS003,Bengaluru,12.9716,77.5946,False,16,1,8
2026-08-04 17:00:00,23.6,85.0,909.8,AWS003,Bengaluru,12.9716,77.5946,False,17,1,8
2026-08-04 18:00:00,21.7,96.0,910.1,AWS003,Bengaluru,12.9716,77.5946,False,18,1,8
2026-08-04 19:00:00,21.0,96.0,911.0,AWS003,Bengaluru,12.9716,77.5946,False,19,1,8
2026-08-04 20:00:00,20.9,97.0,911.6,AWS003,Bengaluru,12.9716,77.5946,False,20,1,8
2026-08-04 21:00:00,20.9,97.0,912.1,AWS003,Bengaluru,12.9716,77.5946,False,21,1,8
2026-08-04 22:00:00,20.8,95.0,912.4,AWS003,Bengaluru,12.9716,77.5946,False,22,1,8
2026-08-04 23:00:00,20.7,96.0,911.8,AWS003,Bengaluru,12.9716,77.5946,False,23,1,8
2026-08-05 00:00:00,20.4,96.0,911.5,AWS003,Bengaluru,12.9716,77.5946,False,0,2,8
2026-08-05 01:00:00,20.4,97.0,910.7,AWS003,Bengaluru,12.9716,77.5946,False,1,2,8
2026-08-05 02:00:00,20.3,98.0,910.1,AWS003,Bengaluru,12.9716,77.5946,False,2,2,8
2026-08-05 03:00:00,20.3,97.0,909.8,AWS003,Bengaluru,12.9716,77.5946,False,3,2,8
2026-08-05 04:00:00,20.3,97.0,909.9,AWS003,Bengaluru,12.9716,77.5946,False,4,2,8
2026-08-05 05:00:00,20.4,97.0,909.9,AWS003,Bengaluru,12.9716,77.5946,False,5,2,8
2026-08-05 06:00:00,20.4,97.0,910.4,AWS003,Bengaluru,12.9716,77.5946,False,6,2,8
2026-08-05 07:00:00,21.2,92.0,910.9,AWS003,Bengaluru,12.9716,77.5946,False,7,2,8
2026-08-05 08:00:00,22.5,84.0,911.6,AWS003,Bengaluru,12.9716,77.5946,False,8,2,8
2026-08-05 09:00:00,24.0,80.0,911.8,AWS003,Bengaluru,12.9716,77.5946,False,9,2,8
2026-08-05 10:00:00,25.7,70.0,911.8,AWS003,Bengaluru,12.9716,77.5946,False,10,2,8
2026-08-05 11:00:00,26.5,65.0,911.6,AWS003,Bengaluru,12.9716,77.5946,False,11,2,8
2026-08-05 12:00:00,27.2,63.0,910.9,AWS003,Bengaluru,12.9716,77.5946,False,12,2,8
2026-08-05 13:00:00,26.3,62.0,910.0,AWS003,Bengaluru,12.9716,77.5946,False,13,2,8
2026-08-05 14:00:00,26.0,70.0,909.4,AWS003,Bengaluru,12.9716,77.5946,False,14,2,8
2026-08-05 15:00:00,23.8,79.0,908.3,AWS003,Bengaluru,12.9716,77.5946,False,15,2,8
2026-08-05 16:00:00,23.9,85.0,908.4,AWS003,Bengaluru,12.9716,77.5946,False,16,2,8
2026-08-05 17:00:00,25.3,73.0,908.9,AWS003,Bengaluru,12.9716,77.5946,False,17,2,8
2026-08-05 18:00:00,24.5,71.0,909.3,AWS003,Bengaluru,12.9716,77.5946,False,18,2,8
2026-08-05 19:00:00,22.6,83.0,910.2,AWS003,Bengaluru,12.9716,77.5946,False,19,2,8
2026-08-05 20:00:00,21.9,90.0,910.8,AWS003,Bengaluru,12.9716,77.5946,False,20,2,8
2026-08-05 21:00:00,21.6,94.0,911.3,AWS003,Bengaluru,12.9716,77.5946,False,21,2,8
2026-08-05 22:00:00,21.4,96.0,911.4,AWS003,Bengaluru,12.9716,77.5946,False,22,2,8
2026-08-05 23:00:00,21.7,93.0,910.7,AWS003,Bengaluru,12.9716,77.5946,False,23,2,8
2026-08-06 00:00:00,21.1,94.0,910.2,AWS003,Bengaluru,12.9716,77.5946,False,0,3,8
2026-08-06 01:00:00,20.5,96.0,909.8,AWS003,Bengaluru,12.9716,77.5946,False,1,3,8
2026-08-06 02:00:00,20.3,98.0,909.1,AWS003,Bengaluru,12.9716,77.5946,False,2,3,8
2026-08-06 03:00:00,20.2,98.0,908.9,AWS003,Bengaluru,12.9716,77.5946,False,3,3,8
2026-08-06 04:00:00,20.2,97.0,909.0,AWS003,Bengaluru,12.9716,77.5946,False,4,3,8
2026-08-06 05:00:00,20.4,96.0,909.1,AWS003,Bengaluru,12.9716,77.5946,False,5,3,8
2026-08-06 06:00:00,20.3,96.0,909.3,AWS003,Bengaluru,12.9716,77.5946,False,6,3,8
2026-08-06 07:00:00,21.4,91.0,910.3,AWS003,Bengaluru,12.9716,77.5946,False,7,3,8
2026-08-06 08:00:00,23.0,81.0,910.6,AWS003,Bengaluru,12.9716,77.5946,False,8,3,8
2026-08-06 09:00:00,24.0,74.0,911.0,AWS003,Bengaluru,12.9716,77.5946,False,9,3,8
2026-08-06 10:00:00,25.1,69.0,911.0,AWS003,Bengaluru,12.9716,77.5946,False,10,3,8
2026-08-06 11:00:00,26.3,62.0,911.2,AWS003,Bengaluru,12.9716,77.5946,False,11,3,8
2026-08-06 12:00:00,26.2,64.0,910.3,AWS003,Bengaluru,12.9716,77.5946,False,12,3,8
2026-08-06 13:00:00,27.3,60.0,909.9,AWS003,Bengaluru,12.9716,77.5946,False,13,3,8
2026-08-06 14:00:00,24.1,74.0,908.8,AWS003,Bengaluru,12.9716,77.5946,False,14,3,8
2026-08-06 15:00:00,24.1,82.0,908.6,AWS003,Bengaluru,12.9716,77.5946,False,15,3,8
2026-08-06 16:00:00,22.4,90.0,908.6,AWS003,Bengaluru,12.9716,77.5946,False,16,3,8
2026-08-06 17:00:00,22.9,87.0,908.7,AWS003,Bengaluru,12.9716,77.5946,False,17,3,8
2026-08-06 18:00:00,22.6,91.0,909.0,AWS003,Bengaluru,12.9716,77.5946,False,18,3,8
2026-08-06 19:00:00,22.4,89.0,909.8,AWS003,Bengaluru,12.9716,77.5946,False,19,3,8
2026-08-06 20:00:00,21.9,87.0,910.3,AWS003,Bengaluru,12.9716,77.5946,False,20,3,8
2026-08-06 21:00:00,21.6,88.0,910.8,AWS003,Bengaluru,12.9716,77.5946,False,21,3,8
2026-08-06 22:00:00,21.2,89.0,911.2,AWS003,Bengaluru,12.9716,77.5946,False,22,3,8
2026-08-06 23:00:00,21.4,88.0,910.5,AWS003,Bengaluru,12.9716,77.5946,False,23,3,8
2026-08-07 00:00:00,21.1,89.0,910.0,AWS003,Bengaluru,12.9716,77.5946,False,0,4,8
2026-08-07 01:00:00,21.0,89.0,909.5,AWS003,Bengaluru,12.9716,77.5946,False,1,4,8
2026-08-07 02:00:00,20.8,91.0,908.9,AWS003,Bengaluru,12.9716,77.5946,False,2,4,8
2026-08-07 03:00:00,20.8,91.0,908.6,AWS003,Bengaluru,12.9716,77.5946,False,3,4,8
2026-08-07 04:00:00,20.6,93.0,908.8,AWS003,Bengaluru,12.9716,77.5946,False,4,4,8
2026-08-07 05:00:00,20.7,95.0,908.5,AWS003,Bengaluru,12.9716,77.5946,False,5,4,8
2026-08-07 06:00:00,20.6,95.0,908.7,AWS003,Bengaluru,12.9716,77.5946,False,6,4,8
2026-08-07 07:00:00,21.3,92.0,909.9,AWS003,Bengaluru,12.9716,77.5946,False,7,4,8
2026-08-07 08:00:00,22.2,84.0,910.1,AWS003,Bengaluru,12.9716,77.5946,False,8,4,8
2026-08-07 09:00:00,23.6,80.0,910.5,AWS003,Bengaluru,12.9716,77.5946,False,9,4,8
2026-08-07 10:00:00,24.9,74.0,910.8,AWS003,Bengaluru,12.9716,77.5946,False,10,4,8
2026-08-07 11:00:00,25.4,70.0,910.6,AWS003,Bengaluru,12.9716,77.5946,False,11,4,8
2026-08-07 12:00:00,25.5,69.0,909.5,AWS003,Bengaluru,12.9716,77.5946,False,12,4,8
2026-08-07 13:00:00,27.5,62.0,909.5,AWS003,Bengaluru,12.9716,77.5946,False,13,4,8
2026-08-07 14:00:00,22.5,87.0,908.4,AWS003,Bengaluru,12.9716,77.5946,False,14,4,8
2026-08-07 15:00:00,22.5,94.0,908.1,AWS003,Bengaluru,12.9716,77.5946,False,15,4,8
2026-08-07 16:00:00,21.4,88.0,908.0,AWS003,Bengaluru,12.9716,77.5946,False,16,4,8
2026-08-07 17:00:00,22.0,93.0,908.3,AWS003,Bengaluru,12.9716,77.5946,False,17,4,8
2026-08-07 18:00:00,21.5,94.0,909.0,AWS003,Bengaluru,12.9716,77.5946,False,18,4,8
2026-08-07 19:00:00,21.2,94.0,909.4,AWS003,Bengaluru,12.9716,77.5946,False,19,4,8
2026-08-07 20:00:00,20.7,95.0,910.1,AWS003,Bengaluru,12.9716,77.5946,False,20,4,8
2026-08-07 21:00:00,20.7,96.0,910.6,AWS003,Bengaluru,12.9716,77.5946,False,21,4,8
2026-08-07 22:00:00,20.9,95.0,910.7,AWS003,Bengaluru,12.9716,77.5946,False,22,4,8
2026-08-07 23:00:00,21.3,94.0,910.4,AWS003,Bengaluru,12.9716,77.5946,False,23,4,8
2026-08-08 00:00:00,21.1,93.0,909.7,AWS003,Bengaluru,12.9716,77.5946,False,0,5,8
2026-08-08 01:00:00,21.0,93.0,909.1,AWS003,Bengaluru,12.9716,77.5946,False,1,5,8
2026-08-08 02:00:00,20.8,92.0,908.5,AWS003,Bengaluru,12.9716,77.5946,False,2,5,8
2026-08-08 03:00:00,20.5,92.0,908.4,AWS003,Bengaluru,12.9716,77.5946,False,3,5,8
2026-08-08 04:00:00,20.4,92.0,908.5,AWS003,Bengaluru,12.9716,77.5946,False,4,5,8
2026-08-08 05:00:00,21.0,91.0,908.4,AWS003,Bengaluru,12.9716,77.5946,False,5,5,8
2026-08-08 06:00:00,20.9,91.0,908.8,AWS003,Bengaluru,12.9716,77.5946,False,6,5,8
2026-08-08 07:00:00,22.0,87.0,909.8,AWS003,Bengaluru,12.9716,77.5946,False,7,5,8
2026-08-08 08:00:00,22.7,81.0,910.2,AWS003,Bengaluru,12.9716,77.5946,False,8,5,8
2026-08-08 09:00:00,24.0,74.0,910.7,AWS003,Bengaluru,12.9716,77.5946,False,9,5,8
2026-08-08 10:00:00,25.0,72.0,911.0,AWS003,Bengaluru,12.9716,77.5946,False,10,5,8
2026-08-08 11:00:00,26.6,63.0,911.0,AWS003,Bengaluru,12.9716,77.5946,False,11,5,8
2026-08-08 12:00:00,24.8,70.0,910.6,AWS003,Bengaluru,12.9716,77.5946,False,12,5,8
2026-08-08 13:00:00,25.0,72.0,909.9,AWS003,Bengaluru,12.9716,77.5946,False,13,5,8
2026-08-08 14:00:00,25.8,70.0,909.2,AWS003,Bengaluru,12.9716,77.5946,False,14,5,8
2026-08-08 15:00:00,25.9,69.0,908.4,AWS003,Bengaluru,12.9716,77.5946,False,15,5,8
2026-08-08 16:00:00,24.2,74.0,908.2,AWS003,Bengaluru,12.9716,77.5946,False,16,5,8
2026-08-08 17:00:00,24.4,78.0,908.8,AWS003,Bengaluru,12.9716,77.5946,False,17,5,8
2026-08-08 18:00:00,24.1,76.0,909.4,AWS003,Bengaluru,12.9716,77.5946,False,18,5,8
2026-08-08 19:00:00,22.5,84.0,910.0,AWS003,Bengaluru,12.9716,77.5946,False,19,5,8
2026-08-08 20:00:00,21.6,89.0,910.8,AWS003,Bengaluru,12.9716,77.5946,False,20,5,8
2026-08-08 21:00:00,22.0,90.0,911.2,AWS003,Bengaluru,12.9716,77.5946,False,21,5,8
2026-08-08 22:00:00,21.8,90.0,911.7,AWS003,Bengaluru,12.9716,77.5946,False,22,5,8
2026-08-08 23:00:00,21.6,90.0,911.2,AWS003,Bengaluru,12.9716,77.5946,False,23,5,8
2026-08-09 00:00:00,20.9,92.0,910.4,AWS003,Bengaluru,12.9716,77.5946,False,0,6,8
2026-08-09 01:00:00,20.8,92.0,910.0,AWS003,Bengaluru,12.9716,77.5946,False,1,6,8
2026-08-09 02:00:00,20.7,94.0,909.8,AWS003,Bengaluru,12.9716,77.5946,False,2,6,8
2026-08-09 03:00:00,20.6,94.0,909.3,AWS003,Bengaluru,12.9716,77.5946,False,3,6,8
2026-08-09 04:00:00,20.5,93.0,909.4,AWS003,Bengaluru,12.9716,77.5946,False,4,6,8
2026-08-09 05:00:00,20.5,94.0,909.5,AWS003,Bengaluru,12.9716,77.5946,False,5,6,8
2026-08-09 06:00:00,20.6,94.0,909.7,AWS003,Bengaluru,12.9716,77.5946,False,6,6,8
2026-08-09 07:00:00,21.7,88.0,910.7,AWS003,Bengaluru,12.9716,77.5946,False,7,6,8
2026-08-09 08:00:00,23.2,79.0,911.3,AWS003,Bengaluru,12.9716,77.5946,False,8,6,8
2026-08-09 09:00:00,24.4,74.0,911.9,AWS003,Bengaluru,12.9716,77.5946,False,9,6,8
2026-08-09 10:00:00,25.2,71.0,911.8,AWS003,Bengaluru,12.9716,77.5946,False,10,6,8
2026-08-09 11:00:00,25.8,67.0,912.1,AWS003,Bengaluru,12.9716,77.5946,False,11,6,8
2026-08-09 12:00:00,26.9,63.0,911.7,AWS003,Bengaluru,12.9716,77.5946,False,12,6,8
2026-08-09 13:00:00,28.1,60.0,911.1,AWS003,Bengaluru,12.9716,77.5946,False,13,6,8
2026-08-09 14:00:00,28.1,59.0,909.9,AWS003,Bengaluru,12.9716,77.5946,False,14,6,8
2026-08-09 15:00:00,28.3,57.0,909.1,AWS003,Bengaluru,12.9716,77.5946,False,15,6,8
2026-08-09 16:00:00,28.0,58.0,908.9,AWS003,Bengaluru,12.9716,77.5946,False,16,6,8
2026-08-09 17:00:00,26.6,61.0,909.4,AWS003,Bengaluru,12.9716,77.5946,False,17,6,8
2026-08-09 18:00:00,25.4,68.0,909.8,AWS003,Bengaluru,12.9716,77.5946,False,18,6,8
2026-08-09 19:00:00,24.1,74.0,910.6,AWS003,Bengaluru,12.9716,77.5946,False,19,6,8
2026-08-09 20:00:00,23.4,78.0,911.2,AWS003,Bengaluru,12.9716,77.5946,False,20,6,8
2026-08-09 21:00:00,23.1,80.0,911.9,AWS003,Bengaluru,12.9716,77.5946,False,21,6,8
2026-08-09 22:00:00,22.7,83.0,912.0,AWS003,Bengaluru,12.9716,77.5946,False,22,6,8
2026-08-09 23:00:00,21.8,87.0,911.4,AWS003,Bengaluru,12.9716,77.5946,False,23,6,8
2026-08-10 00:00:00,21.2,89.0,911.2,AWS003,Bengaluru,12.9716,77.5946,False,0,0,8
2026-08-10 01:00:00,20.7,92.0,910.6,AWS003,Bengaluru,12.9716,77.5946,False,1,0,8
2026-08-10 02:00:00,20.4,94.0,910.1,AWS003,Bengaluru,12.9716,77.5946,False,2,0,8
2026-08-10 03:00:00,20.1,95.0,909.7,AWS003,Bengaluru,12.9716,77.5946,False,3,0,8
2026-08-10 04:00:00,20.0,96.0,909.4,AWS003,Bengaluru,12.9716,77.5946,False,4,0,8
2026-08-10 05:00:00,20.5,94.0,909.9,AWS003,Bengaluru,12.9716,77.5946,False,5,0,8
2026-08-10 06:00:00,20.5,94.0,910.2,AWS003,Bengaluru,12.9716,77.5946,False,6,0,8
2026-08-10 07:00:00,21.3,90.0,910.7,AWS003,Bengaluru,12.9716,77.5946,False,7,0,8
2026-08-10 08:00:00,23.1,79.0,911.5,AWS003,Bengaluru,12.9716,77.5946,False,8,0,8
2026-08-10 09:00:00,24.3,73.0,911.7,AWS003,Bengaluru,12.9716,77.5946,False,9,0,8
2026-08-10 10:00:00,25.3,69.0,911.6,AWS003,Bengaluru,12.9716,77.5946,False,10,0,8
2026-08-10 11:00:00,26.8,61.0,911.6,AWS003,Bengaluru,12.9716,77.5946,False,11,0,8
2026-08-10 12:00:00,28.0,56.0,910.9,AWS003,Bengaluru,12.9716,77.5946,False,12,0,8
2026-08-10 13:00:00,28.2,55.0,910.0,AWS003,Bengaluru,12.9716,77.5946,False,13,0,8
2026-08-10 14:00:00,28.8,54.0,909.1,AWS003,Bengaluru,12.9716,77.5946,False,14,0,8
2026-08-10 15:00:00,28.3,56.0,908.5,AWS003,Bengaluru,12.9716,77.5946,False,15,0,8
2026-08-10 16:00:00,25.1,76.0,908.4,AWS003,Bengaluru,12.9716,77.5946,False,16,0,8
2026-08-10 17:00:00,26.1,68.0,909.0,AWS003,Bengaluru,12.9716,77.5946,False,17,0,8
2026-08-10 18:00:00,24.6,77.0,909.2,AWS003,Bengaluru,12.9716,77.5946,False,18,0,8
2026-08-10 19:00:00,23.3,85.0,909.8,AWS003,Bengaluru,12.9716,77.5946,False,19,0,8
2026-08-10 20:00:00,22.9,87.0,910.5,AWS003,Bengaluru,12.9716,77.5946,False,20,0,8
2026-08-10 21:00:00,22.1,92.0,911.2,AWS003,Bengaluru,12.9716,77.5946,False,21,0,8
2026-08-10 22:00:00,22.1,93.0,911.2,AWS003,Bengaluru,12.9716,77.5946,False,22,0,8
2026-08-10 23:00:00,21.7,94.0,911.0,AWS003,Bengaluru,12.9716,77.5946,False,23,0,8
2026-08-11 00:00:00,21.5,95.0,910.5,AWS003,Bengaluru,12.9716,77.5946,False,0,1,8
2026-08-11 01:00:00,21.2,96.0,909.8,AWS003,Bengaluru,12.9716,77.5946,False,1,1,8
2026-08-11 02:00:00,20.9,96.0,909.1,AWS003,Bengaluru,12.9716,77.5946,False,2,1,8
2026-08-11 03:00:00,20.6,96.0,908.9,AWS003,Bengaluru,12.9716,77.5946,False,3,1,8
2026-08-11 04:00:00,20.4,97.0,908.9,AWS003,Bengaluru,12.9716,77.5946,False,4,1,8
2026-08-11 05:00:00,20.3,95.0,908.9,AWS003,Bengaluru,12.9716,77.5946,False,5,1,8
2026-08-11 06:00:00,20.6,94.0,909.4,AWS003,Bengaluru,12.9716,77.5946,False,6,1,8
2026-08-11 07:00:00,21.2,91.0,910.2,AWS003,Bengaluru,12.9716,77.5946,False,7,1,8
2026-08-11 08:00:00,22.9,81.0,910.8,AWS003,Bengaluru,12.9716,77.5946,False,8,1,8
2026-08-11 09:00:00,24.2,75.0,911.0,AWS003,Bengaluru,12.9716,77.5946,False,9,1,8
2026-08-11 10:00:00,25.3,70.0,911.0,AWS003,Bengaluru,12.9716,77.5946,False,10,1,8
2026-08-11 11:00:00,26.1,63.0,911.1,AWS003,Bengaluru,12.9716,77.5946,False,11,1,8
2026-08-11 12:00:00,26.9,60.0,910.5,AWS003,Bengaluru,12.9716,77.5946,False,12,1,8
2026-08-11 13:00:00,27.7,59.0,909.6,AWS003,Bengaluru,12.9716,77.5946,False,13,1,8
2026-08-11 14:00:00,28.1,60.0,909.0,AWS003,Bengaluru,12.9716,77.5946,False,14,1,8
2026-08-11 15:00:00,28.3,58.0,908.5,AWS003,Bengaluru,12.9716,77.5946,False,15,1,8
2026-08-11 16:00:00,28.1,58.0,907.9,AWS003,Bengaluru,12.9716,77.5946,False,16,1,8
2026-08-11 17:00:00,26.0,64.0,908.2,AWS003,Bengaluru,12.9716,77.5946,False,17,1,8
2026-08-11 18:00:00,25.5,69.0,908.6,AWS003,Bengaluru,12.9716,77.5946,False,18,1,8
2026-08-11 19:00:00,24.6,73.0,909.2,AWS003,Bengaluru,12.9716,77.5946,False,19,1,8
2026-08-11 20:00:00,23.8,76.0,910.5,AWS003,Bengaluru,12.9716,77.5946,False,20,1,8
2026-08-11 21:00:00,23.1,78.0,911.4,AWS003,Bengaluru,12.9716,77.5946,False,21,1,8
2026-08-11 22:00:00,22.3,81.0,912.0,AWS003,Bengaluru,12.9716,77.5946,False,22,1,8
2026-08-11 23:00:00,22.1,84.0,911.4,AWS003,Bengaluru,12.9716,77.5946,False,23,1,8
2026-08-12 00:00:00,21.5,87.0,910.7,AWS003,Bengaluru,12.9716,77.5946,False,0,2,8
2026-08-12 01:00:00,21.1,89.0,910.1,AWS003,Bengaluru,12.9716,77.5946,False,1,2,8
2026-08-12 02:00:00,20.7,91.0,909.5,AWS003,Bengaluru,12.9716,77.5946,False,2,2,8
2026-08-12 03:00:00,20.5,90.0,909.2,AWS003,Bengaluru,12.9716,77.5946,False,3,2,8
2026-08-12 04:00:00,20.2,91.0,909.3,AWS003,Bengaluru,12.9716,77.5946,False,4,2,8
2026-08-12 05:00:00,20.4,93.0,909.4,AWS003,Bengaluru,12.9716,77.5946,False,5,2,8
2026-08-12 06:00:00,20.3,93.0,909.8,AWS003,Bengaluru,12.9716,77.5946,False,6,2,8
2026-08-12 07:00:00,21.3,88.0,911.1,AWS003,Bengaluru,12.9716,77.5946,False,7,2,8
2026-08-12 08:00:00,23.0,78.0,911.7,AWS003,Bengaluru,12.9716,77.5946,False,8,2,8
2026-08-12 09:00:00,24.4,69.0,911.9,AWS003,Bengaluru,12.9716,77.5946,False,9,2,8
2026-08-12 10:00:00,25.5,64.0,912.3,AWS003,Bengaluru,12.9716,77.5946,False,10,2,8
2026-08-12 11:00:00,26.9,59.0,912.1,AWS003,Bengaluru,12.9716,77.5946,False,11,2,8
2026-08-12 12:00:00,27.7,59.0,911.7,AWS003,Bengaluru,12.9716,77.5946,False,12,2,8
2026-08-12 13:00:00,28.4,57.0,911.0,AWS003,Bengaluru,12.9716,77.5946,False,13,2,8
2026-08-12 14:00:00,28.7,55.0,910.3,AWS003,Bengaluru,12.9716,77.5946,False,14,2,8
2026-08-12 15:00:00,28.7,52.0,910.0,AWS003,Bengaluru,12.9716,77.5946,False,15,2,8
2026-08-12 16:00:00,26.8,63.0,909.8,AWS003,Bengaluru,12.9716,77.5946,False,16,2,8
2026-08-12 17:00:00,26.7,63.0,910.4,AWS003,Bengaluru,12.9716,77.5946,False,17,2,8
2026-08-12 18:00:00,25.8,67.0,910.9,AWS003,Bengaluru,12.9716,77.5946,False,18,2,8
2026-08-12 19:00:00,24.7,72.0,911.8,AWS003,Bengaluru,12.9716,77.5946,False,19,2,8
2026-08-12 20:00:00,24.3,74.0,912.6,AWS003,Bengaluru,12.9716,77.5946,False,20,2,8
2026-08-12 21:00:00,23.2,76.0,913.3,AWS003,Bengaluru,12.9716,77.5946,False,21,2,8
2026-08-12 22:00:00,22.5,81.0,913.6,AWS003,Bengaluru,12.9716,77.5946,False,22,2,8
2026-08-12 23:00:00,22.2,83.0,913.3,AWS003,Bengaluru,12.9716,77.5946,False,23,2,8
2026-08-13 00:00:00,21.8,86.0,912.5,AWS003,Bengaluru,12.9716,77.5946,False,0,3,8
2026-08-13 01:00:00,21.6,87.0,911.9,AWS003,Bengaluru,12.9716,77.5946,False,1,3,8
2026-08-13 02:00:00,21.6,88.0,911.3,AWS003,Bengaluru,12.9716,77.5946,False,2,3,8
2026-08-13 03:00:00,21.3,88.0,911.0,AWS003,Bengaluru,12.9716,77.5946,False,3,3,8
2026-08-13 04:00:00,21.0,89.0,911.3,AWS003,Bengaluru,12.9716,77.5946,False,4,3,8
2026-08-13 05:00:00,21.1,91.0,911.3,AWS003,Bengaluru,12.9716,77.5946,False,5,3,8
2026-08-13 06:00:00,20.9,92.0,912.0,AWS003,Bengaluru,12.9716,77.5946,False,6,3,8
2026-08-13 07:00:00,21.9,87.0,912.6,AWS003,Bengaluru,12.9716,77.5946,False,7,3,8
2026-08-13 08:00:00,23.5,77.0,913.1,AWS003,Bengaluru,12.9716,77.5946,False,8,3,8
2026-08-13 09:00:00,24.3,73.0,913.2,AWS003,Bengaluru,12.9716,77.5946,False,9,3,8
2026-08-13 10:00:00,25.4,68.0,913.6,AWS003,Bengaluru,12.9716,77.5946,False,10,3,8
2026-08-13 11:00:00,27.0,60.0,913.7,AWS003,Bengaluru,12.9716,77.5946,False,11,3,8
2026-08-13 12:00:00,28.0,57.0,913.1,AWS003,Bengaluru,12.9716,77.5946,False,12,3,8
2026-08-13 13:00:00,28.9,55.0,912.3,AWS003,Bengaluru,12.9716,77.5946,False,13,3,8
2026-08-13 14:00:00,28.8,56.0,911.4,AWS003,Bengaluru,12.9716,77.5946,False,14,3,8
2026-08-13 15:00:00,27.1,61.0,910.7,AWS003,Bengaluru,12.9716,77.5946,False,15,3,8
2026-08-13 16:00:00,27.4,60.0,910.5,AWS003,Bengaluru,12.9716,77.5946,False,16,3,8
2026-08-13 17:00:00,27.2,58.0,911.1,AWS003,Bengaluru,12.9716,77.5946,False,17,3,8
2026-08-13 18:00:00,25.1,68.0,911.5,AWS003,Bengaluru,12.9716,77.5946,False,18,3,8
2026-08-13 19:00:00,23.1,84.0,912.1,AWS003,Bengaluru,12.9716,77.5946,False,19,3,8
2026-08-13 20:00:00,22.3,89.0,913.0,AWS003,Bengaluru,12.9716,77.5946,False,20,3,8
2026-08-13 21:00:00,22.3,90.0,913.0,AWS003,Bengaluru,12.9716,77.5946,False,21,3,8
2026-08-13 22:00:00,22.1,86.0,913.3,AWS003,Bengaluru,12.9716,77.5946,False,22,3,8
2026-08-13 23:00:00,22.0,85.0,913.0,AWS003,Bengaluru,12.9716,77.5946,False,23,3,8
2026-08-14 00:00:00,21.5,87.0,912.4,AWS003,Bengaluru,12.9716,77.5946,False,0,4,8
2026-08-14 01:00:00,21.0,89.0,911.9,AWS003,Bengaluru,12.9716,77.5946,False,1,4,8
2026-08-14 02:00:00,20.7,92.0,911.3,AWS003,Bengaluru,12.9716,77.5946,False,2,4,8
2026-08-14 03:00:00,20.5,94.0,911.1,AWS003,Bengaluru,12.9716,77.5946,False,3,4,8
2026-08-14 04:00:00,20.3,95.0,911.3,AWS003,Bengaluru,12.9716,77.5946,False,4,4,8
2026-08-14 05:00:00,20.3,93.0,911.6,AWS003,Bengaluru,12.9716,77.5946,False,5,4,8
2026-08-14 06:00:00,20.1,94.0,911.7,AWS003,Bengaluru,12.9716,77.5946,False,6,4,8
2026-08-14 07:00:00,21.3,88.0,912.5,AWS003,Bengaluru,12.9716,77.5946,False,7,4,8
2026-08-14 08:00:00,23.5,76.0,913.1,AWS003,Bengaluru,12.9716,77.5946,False,8,4,8
2026-08-14 09:00:00,24.7,69.0,913.4,AWS003,Bengaluru,12.9716,77.5946,False,9,4,8
2026-08-14 10:00:00,25.8,65.0,913.3,AWS003,Bengaluru,12.9716,77.5946,False,10,4,8
2026-08-14 11:00:00,27.0,58.0,913.2,AWS003,Bengaluru,12.9716,77.5946,False,11,4,8
2026-08-14 12:00:00,27.5,57.0,912.7,AWS003,Bengaluru,12.9716,77.5946,False,12,4,8
2026-08-14 13:00:00,28.7,55.0,912.1,AWS003,Bengaluru,12.9716,77.5946,False,13,4,8
2026-08-14 14:00:00,29.5,53.0,911.5,AWS003,Bengaluru,12.9716,77.5946,False,14,4,8
2026-08-14 15:00:00,27.8,57.0,910.3,AWS003,Bengaluru,12.9716,77.5946,False,15,4,8
2026-08-14 16:00:00,26.7,63.0,910.0,AWS003,Bengaluru,12.9716,77.5946,False,16,4,8
2026-08-14 17:00:00,27.2,55.0,910.7,AWS003,Bengaluru,12.9716,77.5946,False,17,4,8
2026-08-14 18:00:00,26.2,60.0,911.2,AWS003,Bengaluru,12.9716,77.5946,False,18,4,8
2026-08-14 19:00:00,24.7,70.0,911.7,AWS003,Bengaluru,12.9716,77.5946,False,19,4,8
2026-08-14 20:00:00,22.4,84.0,912.5,AWS003,Bengaluru,12.9716,77.5946,False,20,4,8
2026-08-14 21:00:00,21.9,90.0,912.6,AWS003,Bengaluru,12.9716,77.5946,False,21,4,8
2026-08-14 22:00:00,22.1,88.0,912.8,AWS003,Bengaluru,12.9716,77.5946,False,22,4,8
2026-08-14 23:00:00,22.4,84.0,912.6,AWS003,Bengaluru,12.9716,77.5946,False,23,4,8
2026-08-15 00:00:00,21.7,87.0,912.1,AWS003,Bengaluru,12.9716,77.5946,False,0,5,8
2026-08-15 01:00:00,21.5,87.0,911.7,AWS003,Bengaluru,12.9716,77.5946,False,1,5,8
2026-08-15 02:00:00,21.1,89.0,911.6,AWS003,Bengaluru,12.9716,77.5946,False,2,5,8
2026-08-15 03:00:00,20.8,91.0,911.4,AWS003,Bengaluru,12.9716,77.5946,False,3,5,8
2026-08-15 04:00:00,20.5,92.0,911.5,AWS003,Bengaluru,12.9716,77.5946,False,4,5,8
2026-08-15 05:00:00,20.5,92.0,911.6,AWS003,Bengaluru,12.9716,77.5946,False,5,5,8
2026-08-15 06:00:00,20.4,92.0,911.7,AWS003,Bengaluru,12.9716,77.5946,False,6,5,8
2026-08-15 07:00:00,21.4,86.0,912.7,AWS003,Bengaluru,12.9716,77.5946,False,7,5,8
2026-08-15 08:00:00,23.3,73.0,913.1,AWS003,Bengaluru,12.9716,77.5946,False,8,5,8
2026-08-15 09:00:00,24.9,65.0,913.4,AWS003,Bengaluru,12.9716,77.5946,False,9,5,8
2026-08-15 10:00:00,25.8,60.0,913.7,AWS003,Bengaluru,12.9716,77.5946,False,10,5,8
2026-08-15 11:00:00,26.3,59.0,913.3,AWS003,Bengaluru,12.9716,77.5946,False,11,5,8
2026-08-15 12:00:00,28.0,54.0,913.2,AWS003,Bengaluru,12.9716,77.5946,False,12,5,8
2026-08-15 13:00:00,28.9,50.0,912.3,AWS003,Bengaluru,12.9716,77.5946,False,13,5,8
2026-08-15 14:00:00,29.3,49.0,911.5,AWS003,Bengaluru,12.9716,77.5946,False,14,5,8
2026-08-15 15:00:00,28.2,52.0,910.8,AWS003,Bengaluru,12.9716,77.5946,False,15,5,8
2026-08-15 16:00:00,28.3,51.0,910.5,AWS003,Bengaluru,12.9716,77.5946,False,16,5,8
2026-08-15 17:00:00,28.1,49.0,911.0,AWS003,Bengaluru,12.9716,77.5946,False,17,5,8
2026-08-15 18:00:00,26.6,55.0,911.1,AWS003,Bengaluru,12.9716,77.5946,False,18,5,8
2026-08-15 19:00:00,25.3,62.0,911.7,AWS003,Bengaluru,12.9716,77.5946,False,19,5,8
2026-08-15 20:00:00,24.3,69.0,912.5,AWS003,Bengaluru,12.9716,77.5946,False,20,5,8
2026-08-15 21:00:00,23.3,73.0,912.9,AWS003,Bengaluru,12.9716,77.5946,False,21,5,8
2026-08-15 22:00:00,22.6,78.0,913.1,AWS003,Bengaluru,12.9716,77.5946,False,22,5,8
2026-08-15 23:00:00,22.3,81.0,912.7,AWS003,Bengaluru,12.9716,77.5946,False,23,5,8
2026-08-16 00:00:00,21.7,83.0,912.3,AWS003,Bengaluru,12.9716,77.5946,False,0,6,8
2026-08-16 01:00:00,21.3,86.0,911.8,AWS003,Bengaluru,12.9716,77.5946,False,1,6,8
2026-08-16 02:00:00,20.9,88.0,911.0,AWS003,Bengaluru,12.9716,77.5946,False,2,6,8
2026-08-16 03:00:00,20.7,88.0,910.8,AWS003,Bengaluru,12.9716,77.5946,False,3,6,8
2026-08-16 04:00:00,20.4,89.0,911.1,AWS003,Bengaluru,12.9716,77.5946,False,4,6,8
2026-08-16 05:00:00,20.7,89.0,911.1,AWS003,Bengaluru,12.9716,77.5946,False,5,6,8
2026-08-16 06:00:00,20.5,91.0,911.3,AWS003,Bengaluru,12.9716,77.5946,False,6,6,8
2026-08-16 07:00:00,21.8,83.0,912.3,AWS003,Bengaluru,12.9716,77.5946,False,7,6,8
2026-08-16 08:00:00,23.7,71.0,912.8,AWS003,Bengaluru,12.9716,77.5946,False,8,6,8
2026-08-16 09:00:00,25.3,62.0,913.2,AWS003,Bengaluru,12.9716,77.5946,False,9,6,8
2026-08-16 10:00:00,27.2,54.0,913.3,AWS003,Bengaluru,12.9716,77.5946,False,10,6,8
2026-08-16 11:00:00,28.1,50.0,913.2,AWS003,Bengaluru,12.9716,77.5946,False,11,6,8
2026-08-16 12:00:00,28.8,51.0,912.7,AWS003,Bengaluru,12.9716,77.5946,False,12,6,8
2026-08-16 13:00:00,29.6,48.0,912.0,AWS003,Bengaluru,12.9716,77.5946,False,13,6,8
2026-08-16 14:00:00,30.7,43.0,911.0,AWS003,Bengaluru,12.9716,77.5946,False,14,6,8
2026-08-16 15:00:00,29.2,47.0,910.6,AWS003,Bengaluru,12.9716,77.5946,False,15,6,8
2026-08-16 16:00:00,27.9,55.0,910.5,AWS003,Bengaluru,12.9716,77.5946,False,16,6,8
2026-08-16 17:00:00,27.7,53.0,910.8,AWS003,Bengaluru,12.9716,77.5946,False,17,6,8
2026-08-16 18:00:00,26.9,57.0,911.2,AWS003,Bengaluru,12.9716,77.5946,False,18,6,8
2026-08-16 19:00:00,25.9,61.0,911.9,AWS003,Bengaluru,12.9716,77.5946,False,19,6,8
2026-08-16 20:00:00,24.8,68.0,912.6,AWS003,Bengaluru,12.9716,77.5946,False,20,6,8
2026-08-16 21:00:00,24.0,72.0,913.0,AWS003,Bengaluru,12.9716,77.5946,False,21,6,8
2026-08-16 22:00:00,23.0,75.0,913.4,AWS003,Bengaluru,12.9716,77.5946,False,22,6,8
2026-08-16 23:00:00,22.8,77.0,913.3,AWS003,Bengaluru,12.9716,77.5946,False,23,6,8
2026-08-17 00:00:00,21.9,81.0,912.6,AWS003,Bengaluru,12.9716,77.5946,False,0,0,8
2026-08-17 01:00:00,21.3,85.0,912.3,AWS003,Bengaluru,12.9716,77.5946,False,1,0,8
2026-08-17 02:00:00,20.7,88.0,911.7,AWS003,Bengaluru,12.9716,77.5946,False,2,0,8
2026-08-17 03:00:00,20.3,91.0,911.5,AWS003,Bengaluru,12.9716,77.5946,False,3,0,8
2026-08-17 04:00:00,20.1,92.0,911.6,AWS003,Bengaluru,12.9716,77.5946,False,4,0,8
2026-08-17 05:00:00,21.0,89.0,912.1,AWS003,Bengaluru,12.9716,77.5946,False,5,0,8
2026-08-17 06:00:00,20.7,91.0,912.0,AWS003,Bengaluru,12.9716,77.5946,False,6,0,8
2026-08-17 07:00:00,21.8,84.0,912.8,AWS003,Bengaluru,12.9716,77.5946,False,7,0,8
2026-08-17 08:00:00,23.4,74.0,913.5,AWS003,Bengaluru,12.9716,77.5946,False,8,0,8
2026-08-17 09:00:00,25.3,63.0,914.2,AWS003,Bengaluru,12.9716,77.5946,False,9,0,8
2026-08-17 10:00:00,26.8,56.0,914.4,AWS003,Bengaluru,12.9716,77.5946,False,10,0,8
2026-08-17 11:00:00,27.0,57.0,914.4,AWS003,Bengaluru,12.9716,77.5946,False,11,0,8
2026-08-17 12:00:00,27.8,54.0,914.0,AWS003,Bengaluru,12.9716,77.5946,False,12,0,8
2026-08-17 13:00:00,29.0,50.0,913.4,AWS003,Bengaluru,12.9716,77.5946,False,13,0,8
2026-08-17 14:00:00,29.4,47.0,912.4,AWS003,Bengaluru,12.9716,77.5946,False,14,0,8
2026-08-17 15:00:00,29.5,46.0,912.0,AWS003,Bengaluru,12.9716,77.5946,False,15,0,8
2026-08-17 16:00:00,28.4,50.0,911.6,AWS003,Bengaluru,12.9716,77.5946,False,16,0,8
2026-08-17 17:00:00,26.8,55.0,912.3,AWS003,Bengaluru,12.9716,77.5946,False,17,0,8
2026-08-17 18:00:00,25.0,65.0,912.3,AWS003,Bengaluru,12.9716,77.5946,False,18,0,8
2026-08-17 19:00:00,24.5,71.0,913.0,AWS003,Bengaluru,12.9716,77.5946,False,19,0,8
2026-08-17 20:00:00,23.5,75.0,913.7,AWS003,Bengaluru,12.9716,77.5946,False,20,0,8
2026-08-17 21:00:00,23.0,80.0,914.2,AWS003,Bengaluru,12.9716,77.5946,False,21,0,8
2026-08-17 22:00:00,22.5,81.0,914.5,AWS003,Bengaluru,12.9716,77.5946,False,22,0,8
2026-08-17 23:00:00,22.2,81.0,914.0,AWS003,Bengaluru,12.9716,77.5946,False,23,0,8
2026-08-18 00:00:00,21.4,86.0,913.6,AWS003,Bengaluru,12.9716,77.5946,False,0,1,8
2026-08-18 01:00:00,21.0,87.0,913.3,AWS003,Bengaluru,12.9716,77.5946,False,1,1,8
2026-08-18 02:00:00,20.7,89.0,912.7,AWS003,Bengaluru,12.9716,77.5946,False,2,1,8
2026-08-18 03:00:00,20.2,89.0,912.3,AWS003,Bengaluru,12.9716,77.5946,False,3,1,8
2026-08-18 04:00:00,19.9,90.0,912.3,AWS003,Bengaluru,12.9716,77.5946,False,4,1,8
2026-08-18 05:00:00,20.4,90.0,912.6,AWS003,Bengaluru,12.9716,77.5946,False,5,1,8
2026-08-18 06:00:00,20.3,92.0,912.9,AWS003,Bengaluru,12.9716,77.5946,False,6,1,8
2026-08-18 07:00:00,21.5,85.0,913.7,AWS003,Bengaluru,12.9716,77.5946,False,7,1,8
2026-08-18 08:00:00,23.4,74.0,914.5,AWS003,Bengaluru,12.9716,77.5946,False,8,1,8
2026-08-18 09:00:00,24.7,66.0,914.8,AWS003,Bengaluru,12.9716,77.5946,False,9,1,8
2026-08-18 10:00:00,26.3,59.0,915.1,AWS003,Bengaluru,12.9716,77.5946,False,10,1,8
2026-08-18 11:00:00,27.8,54.0,915.0,AWS003,Bengaluru,12.9716,77.5946,False,11,1,8
2026-08-18 12:00:00,28.5,54.0,914.5,AWS003,Bengaluru,12.9716,77.5946,False,12,1,8
2026-08-18 13:00:00,29.5,50.0,913.6,AWS003,Bengaluru,12.9716,77.5946,False,13,1,8
2026-08-18 14:00:00,29.9,49.0,912.7,AWS003,Bengaluru,12.9716,77.5946,False,14,1,8
2026-08-18 15:00:00,29.9,50.0,911.8,AWS003,Bengaluru,12.9716,77.5946,False,15,1,8
2026-08-18 16:00:00,26.0,67.0,911.3,AWS003,Bengaluru,12.9716,77.5946,False,16,1,8
2026-08-18 17:00:00,27.0,61.0,911.4,AWS003,Bengaluru,12.9716,77.5946,False,17,1,8
2026-08-18 18:00:00,25.6,65.0,912.1,AWS003,Bengaluru,12.9716,77.5946,False,18,1,8
2026-08-18 19:00:00,25.0,70.0,912.8,AWS003,Bengaluru,12.9716,77.5946,False,19,1,8
2026-08-18 20:00:00,24.4,74.0,913.3,AWS003,Bengaluru,12.9716,77.5946,False,20,1,8
2026-08-18 21:00:00,23.7,76.0,913.6,AWS003,Bengaluru,12.9716,77.5946,False,21,1,8
2026-08-18 22:00:00,23.1,78.0,913.8,AWS003,Bengaluru,12.9716,77.5946,False,22,1,8
2026-08-18 23:00:00,22.8,82.0,913.5,AWS003,Bengaluru,12.9716,77.5946,False,23,1,8
2026-08-19 00:00:00,22.4,85.0,913.2,AWS003,Bengaluru,12.9716,77.5946,False,0,2,8
2026-08-19 01:00:00,22.3,85.0,912.6,AWS003,Bengaluru,12.9716,77.5946,False,1,2,8
2026-08-19 02:00:00,21.7,89.0,912.1,AWS003,Bengaluru,12.9716,77.5946,False,2,2,8
2026-08-19 03:00:00,21.6,88.0,911.9,AWS003,Bengaluru,12.9716,77.5946,False,3,2,8
2026-08-19 04:00:00,21.4,88.0,912.0,AWS003,Bengaluru,12.9716,77.5946,False,4,2,8
2026-08-19 05:00:00,21.4,87.0,912.1,AWS003,Bengaluru,12.9716,77.5946,False,5,2,8
2026-08-19 06:00:00,21.2,88.0,912.6,AWS003,Bengaluru,12.9716,77.5946,False,6,2,8
2026-08-19 07:00:00,22.2,83.0,913.4,AWS003,Bengaluru,12.9716,77.5946,False,7,2,8
2026-08-19 08:00:00,23.9,73.0,913.7,AWS003,Bengaluru,12.9716,77.5946,False,8,2,8
2026-08-19 09:00:00,24.5,70.0,913.9,AWS003,Bengaluru,12.9716,77.5946,False,9,2,8
2026-08-19 10:00:00,26.3,61.0,914.2,AWS003,Bengaluru,12.9716,77.5946,False,10,2,8
2026-08-19 11:00:00,27.2,58.0,914.1,AWS003,Bengaluru,12.9716,77.5946,False,11,2,8
2026-08-19 12:00:00,27.0,57.0,913.7,AWS003,Bengaluru,12.9716,77.5946,False,12,2,8
2026-08-19 13:00:00,28.3,56.0,913.0,AWS003,Bengaluru,12.9716,77.5946,False,13,2,8
2026-08-19 14:00:00,26.4,63.0,911.6,AWS003,Bengaluru,12.9716,77.5946,False,14,2,8
2026-08-19 15:00:00,26.4,67.0,911.4,AWS003,Bengaluru,12.9716,77.5946,False,15,2,8
2026-08-19 16:00:00,24.0,76.0,911.1,AWS003,Bengaluru,12.9716,77.5946,False,16,2,8
2026-08-19 17:00:00,24.5,77.0,911.7,AWS003,Bengaluru,12.9716,77.5946,False,17,2,8
2026-08-19 18:00:00,23.8,84.0,912.1,AWS003,Bengaluru,12.9716,77.5946,False,18,2,8
2026-08-19 19:00:00,23.5,85.0,912.8,AWS003,Bengaluru,12.9716,77.5946,False,19,2,8
2026-08-19 20:00:00,23.5,85.0,913.1,AWS003,Bengaluru,12.9716,77.5946,False,20,2,8
2026-08-19 21:00:00,23.1,85.0,913.6,AWS003,Bengaluru,12.9716,77.5946,False,21,2,8
2026-08-19 22:00:00,22.8,86.0,913.9,AWS003,Bengaluru,12.9716,77.5946,False,22,2,8
2026-08-19 23:00:00,22.4,90.0,913.4,AWS003,Bengaluru,12.9716,77.5946,False,23,2,8
2026-08-20 00:00:00,21.5,92.0,912.8,AWS003,Bengaluru,12.9716,77.5946,False,0,3,8
2026-08-20 01:00:00,21.6,93.0,912.5,AWS003,Bengaluru,12.9716,77.5946,False,1,3,8
2026-08-20 02:00:00,21.4,93.0,911.8,AWS003,Bengaluru,12.9716,77.5946,False,2,3,8
2026-08-20 03:00:00,21.2,94.0,911.6,AWS003,Bengaluru,12.9716,77.5946,False,3,3,8
2026-08-20 04:00:00,21.0,94.0,911.8,AWS003,Bengaluru,12.9716,77.5946,False,4,3,8
2026-08-20 05:00:00,20.9,94.0,911.9,AWS003,Bengaluru,12.9716,77.5946,False,5,3,8
2026-08-20 06:00:00,20.9,93.0,912.0,AWS003,Bengaluru,12.9716,77.5946,False,6,3,8
2026-08-20 07:00:00,21.6,89.0,912.7,AWS003,Bengaluru,12.9716,77.5946,False,7,3,8
2026-08-20 08:00:00,23.2,81.0,913.9,AWS003,Bengaluru,12.9716,77.5946,False,8,3,8
2026-08-20 09:00:00,24.8,73.0,914.1,AWS003,Bengaluru,12.9716,77.5946,False,9,3,8
2026-08-20 10:00:00,25.1,72.0,913.6,AWS003,Bengaluru,12.9716,77.5946,False,10,3,8
2026-08-20 11:00:00,24.5,73.0,913.0,AWS003,Bengaluru,12.9716,77.5946,False,11,3,8
2026-08-20 12:00:00,25.6,68.0,912.9,AWS003,Bengaluru,12.9716,77.5946,False,12,3,8
2026-08-20 13:00:00,27.7,60.0,912.3,AWS003,Bengaluru,12.9716,77.5946,False,13,3,8
2026-08-20 14:00:00,27.1,63.0,911.4,AWS003,Bengaluru,12.9716,77.5946,False,14,3,8
2026-08-20 15:00:00,26.4,62.0,911.0,AWS003,Bengaluru,12.9716,77.5946,False,15,3,8
2026-08-20 16:00:00,25.5,71.0,910.4,AWS003,Bengaluru,12.9716,77.5946,False,16,3,8
2026-08-20 17:00:00,26.4,66.0,910.9,AWS003,Bengaluru,12.9716,77.5946,False,17,3,8
2026-08-20 18:00:00,24.1,76.0,911.5,AWS003,Bengaluru,12.9716,77.5946,False,18,3,8
2026-08-20 19:00:00,23.3,83.0,911.8,AWS003,Bengaluru,12.9716,77.5946,False,19,3,8
2026-08-20 20:00:00,22.8,84.0,912.3,AWS003,Bengaluru,12.9716,77.5946,False,20,3,8
2026-08-20 21:00:00,22.5,88.0,913.2,AWS003,Bengaluru,12.9716,77.5946,False,21,3,8
2026-08-20 22:00:00,21.9,87.0,913.6,AWS003,Bengaluru,12.9716,77.5946,False,22,3,8
2026-08-20 23:00:00,21.6,88.0,913.3,AWS003,Bengaluru,12.9716,77.5946,False,23,3,8
2026-08-21 00:00:00,20.9,91.0,912.9,AWS003,Bengaluru,12.9716,77.5946,False,0,4,8
2026-08-21 01:00:00,20.5,91.0,911.9,AWS003,Bengaluru,12.9716,77.5946,False,1,4,8
2026-08-21 02:00:00,20.1,93.0,911.2,AWS003,Bengaluru,12.9716,77.5946,False,2,4,8
2026-08-21 03:00:00,19.8,93.0,910.7,AWS003,Bengaluru,12.9716,77.5946,False,3,4,8
2026-08-21 04:00:00,19.5,94.0,910.7,AWS003,Bengaluru,12.9716,77.5946,False,4,4,8
2026-08-21 05:00:00,19.8,93.0,911.0,AWS003,Bengaluru,12.9716,77.5946,False,5,4,8
2026-08-21 06:00:00,19.6,94.0,911.4,AWS003,Bengaluru,12.9716,77.5946,False,6,4,8
2026-08-21 07:00:00,20.8,88.0,912.1,AWS003,Bengaluru,12.9716,77.5946,False,7,4,8
2026-08-21 08:00:00,22.7,75.0,912.9,AWS003,Bengaluru,12.9716,77.5946,False,8,4,8
2026-08-21 09:00:00,24.5,67.0,913.2,AWS003,Bengaluru,12.9716,77.5946,False,9,4,8
2026-08-21 10:00:00,25.4,62.0,912.9,AWS003,Bengaluru,12.9716,77.5946,False,10,4,8
2026-08-21 11:00:00,26.1,61.0,913.0,AWS003,Bengaluru,12.9716,77.5946,False,11,4,8
2026-08-21 12:00:00,26.1,60.0,912.5,AWS003,Bengaluru,12.9716,77.5946,False,12,4,8
2026-08-21 13:00:00,27.8,54.0,911.7,AWS003,Bengaluru,12.9716,77.5946,False,13,4,8
2026-08-21 14:00:00,28.4,51.0,911.1,AWS003,Bengaluru,12.9716,77.5946,False,14,4,8
2026-08-21 15:00:00,28.6,50.0,910.9,AWS003,Bengaluru,12.9716,77.5946,False,15,4,8
2026-08-21 16:00:00,28.4,50.0,910.6,AWS003,Bengaluru,12.9716,77.5946,False,16,4,8
2026-08-21 17:00:00,27.3,57.0,910.7,AWS003,Bengaluru,12.9716,77.5946,False,17,4,8
2026-08-21 18:00:00,24.8,68.0,911.4,AWS003,Bengaluru,12.9716,77.5946,False,18,4,8
2026-08-21 19:00:00,23.8,78.0,912.2,AWS003,Bengaluru,12.9716,77.5946,False,19,4,8
2026-08-21 20:00:00,22.3,84.0,913.0,AWS003,Bengaluru,12.9716,77.5946,False,20,4,8
2026-08-21 21:00:00,21.5,92.0,913.0,AWS003,Bengaluru,12.9716,77.5946,False,21,4,8
2026-08-21 22:00:00,21.2,90.0,913.4,AWS003,Bengaluru,12.9716,77.5946,False,22,4,8
2026-08-21 23:00:00,21.0,91.0,912.7,AWS003,Bengaluru,12.9716,77.5946,False,23,4,8
2026-08-22 00:00:00,20.4,92.0,912.3,AWS003,Bengaluru,12.9716,77.5946,False,0,5,8
2026-08-22 01:00:00,20.2,92.0,911.5,AWS003,Bengaluru,12.9716,77.5946,False,1,5,8
2026-08-22 02:00:00,19.9,93.0,910.9,AWS003,Bengaluru,12.9716,77.5946,False,2,5,8
2026-08-22 03:00:00,19.6,95.0,910.4,AWS003,Bengaluru,12.9716,77.5946,False,3,5,8
2026-08-22 04:00:00,19.5,95.0,910.7,AWS003,Bengaluru,12.9716,77.5946,False,4,5,8
2026-08-22 05:00:00,19.7,93.0,911.1,AWS003,Bengaluru,12.9716,77.5946,False,5,5,8
2026-08-22 06:00:00,19.5,94.0,911.4,AWS003,Bengaluru,12.9716,77.5946,False,6,5,8
2026-08-22 07:00:00,20.5,88.0,912.1,AWS003,Bengaluru,12.9716,77.5946,False,7,5,8
2026-08-22 08:00:00,22.3,78.0,912.7,AWS003,Bengaluru,12.9716,77.5946,False,8,5,8
2026-08-22 09:00:00,23.5,73.0,912.7,AWS003,Bengaluru,12.9716,77.5946,False,9,5,8
2026-08-22 10:00:00,24.1,73.0,912.9,AWS003,Bengaluru,12.9716,77.5946,False,10,5,8
2026-08-22 11:00:00,24.7,69.0,912.6,AWS003,Bengaluru,12.9716,77.5946,False,11,5,8
2026-08-22 12:00:00,26.8,58.0,912.3,AWS003,Bengaluru,12.9716,77.5946,False,12,5,8
2026-08-22 13:00:00,27.4,59.0,911.4,AWS003,Bengaluru,12.9716,77.5946,False,13,5,8
2026-08-22 14:00:00,27.0,57.0,910.5,AWS003,Bengaluru,12.9716,77.5946,False,14,5,8
2026-08-22 15:00:00,26.8,63.0,909.9,AWS003,Bengaluru,12.9716,77.5946,False,15,5,8
2026-08-22 16:00:00,26.0,65.0,909.6,AWS003,Bengaluru,12.9716,77.5946,False,16,5,8
2026-08-22 17:00:00,24.2,75.0,910.4,AWS003,Bengaluru,12.9716,77.5946,False,17,5,8
2026-08-22 18:00:00,23.7,85.0,910.8,AWS003,Bengaluru,12.9716,77.5946,False,18,5,8
2026-08-22 19:00:00,22.7,86.0,911.5,AWS003,Bengaluru,12.9716,77.5946,False,19,5,8
2026-08-22 20:00:00,22.2,87.0,912.0,AWS003,Bengaluru,12.9716,77.5946,False,20,5,8
2026-08-22 21:00:00,21.8,90.0,912.5,AWS003,Bengaluru,12.9716,77.5946,False,21,5,8
2026-08-22 22:00:00,21.5,90.0,912.8,AWS003,Bengaluru,12.9716,77.5946,False,22,5,8
2026-08-22 23:00:00,21.6,90.0,912.3,AWS003,Bengaluru,12.9716,77.5946,False,23,5,8
2026-08-23 00:00:00,21.0,92.0,911.4,AWS003,Bengaluru,12.9716,77.5946,False,0,6,8
2026-08-23 01:00:00,20.6,93.0,910.9,AWS003,Bengaluru,12.9716,77.5946,False,1,6,8
2026-08-23 02:00:00,20.2,96.0,910.4,AWS003,Bengaluru,12.9716,77.5946,False,2,6,8
2026-08-23 03:00:00,20.2,96.0,910.0,AWS003,Bengaluru,12.9716,77.5946,False,3,6,8
2026-08-23 04:00:00,20.0,95.0,910.2,AWS003,Bengaluru,12.9716,77.5946,False,4,6,8
2026-08-23 05:00:00,20.5,94.0,910.7,AWS003,Bengaluru,12.9716,77.5946,False,5,6,8
2026-08-23 06:00:00,20.5,94.0,910.9,AWS003,Bengaluru,12.9716,77.5946,False,6,6,8
2026-08-23 07:00:00,21.6,89.0,911.9,AWS003,Bengaluru,12.9716,77.5946,False,7,6,8
2026-08-23 08:00:00,23.6,77.0,912.5,AWS003,Bengaluru,12.9716,77.5946,False,8,6,8
2026-08-23 09:00:00,24.5,73.0,912.8,AWS003,Bengaluru,12.9716,77.5946,False,9,6,8
2026-08-23 10:00:00,25.8,66.0,913.0,AWS003,Bengaluru,12.9716,77.5946,False,10,6,8
2026-08-23 11:00:00,27.1,60.0,912.6,AWS003,Bengaluru,12.9716,77.5946,False,11,6,8
2026-08-23 12:00:00,27.4,59.0,911.9,AWS003,Bengaluru,12.9716,77.5946,False,12,6,8
2026-08-23 13:00:00,27.2,60.0,911.0,AWS003,Bengaluru,12.9716,77.5946,False,13,6,8
2026-08-23 14:00:00,26.6,63.0,910.4,AWS003,Bengaluru,12.9716,77.5946,False,14,6,8
2026-08-23 15:00:00,27.3,62.0,910.1,AWS003,Bengaluru,12.9716,77.5946,False,15,6,8
2026-08-23 16:00:00,24.4,78.0,909.9,AWS003,Bengaluru,12.9716,77.5946,False,16,6,8
2026-08-23 17:00:00,24.1,76.0,910.1,AWS003,Bengaluru,12.9716,77.5946,False,17,6,8
2026-08-23 18:00:00,20.7,98.0,911.1,AWS003,Bengaluru,12.9716,77.5946,False,18,6,8
2026-08-23 19:00:00,21.1,96.0,911.0,AWS003,Bengaluru,12.9716,77.5946,False,19,6,8
2026-08-23 20:00:00,21.8,93.0,911.9,AWS003,Bengaluru,12.9716,77.5946,False,20,6,8
2026-08-23 21:00:00,21.7,93.0,912.7,AWS003,Bengaluru,12.9716,77.5946,False,21,6,8
2026-08-23 22:00:00,21.1,92.0,912.7,AWS003,Bengaluru,12.9716,77.5946,False,22,6,8
2026-08-23 23:00:00,21.6,88.0,912.4,AWS003,Bengaluru,12.9716,77.5946,False,23,6,8
2026-08-24 00:00:00,21.2,89.0,912.0,AWS003,Bengaluru,12.9716,77.5946,False,0,0,8
2026-08-24 01:00:00,20.9,92.0,911.5,AWS003,Bengaluru,12.9716,77.5946,False,1,0,8
2026-08-24 02:00:00,20.8,93.0,910.9,AWS003,Bengaluru,12.9716,77.5946,False,2,0,8
2026-08-24 03:00:00,20.7,93.0,910.4,AWS003,Bengaluru,12.9716,77.5946,False,3,0,8
2026-08-24 04:00:00,20.4,93.0,910.4,AWS003,Bengaluru,12.9716,77.5946,False,4,0,8
2026-08-24 05:00:00,20.9,91.0,910.8,AWS003,Bengaluru,12.9716,77.5946,False,5,0,8
2026-08-24 06:00:00,20.8,91.0,911.0,AWS003,Bengaluru,12.9716,77.5946,False,6,0,8
2026-08-24 07:00:00,21.8,88.0,911.8,AWS003,Bengaluru,12.9716,77.5946,False,7,0,8
2026-08-24 08:00:00,23.2,79.0,912.3,AWS003,Bengaluru,12.9716,77.5946,False,8,0,8
2026-08-24 09:00:00,24.8,72.0,913.1,AWS003,Bengaluru,12.9716,77.5946,False,9,0,8
2026-08-24 10:00:00,25.7,69.0,913.4,AWS003,Bengaluru,12.9716,77.5946,False,10,0,8
2026-08-24 11:00:00,25.8,67.0,913.1,AWS003,Bengaluru,12.9716,77.5946,False,11,0,8
2026-08-24 12:00:00,25.0,72.0,912.1,AWS003,Bengaluru,12.9716,77.5946,False,12,0,8
2026-08-24 13:00:00,23.8,83.0,911.8,AWS003,Bengaluru,12.9716,77.5946,False,13,0,8
2026-08-24 14:00:00,23.0,88.0,910.7,AWS003,Bengaluru,12.9716,77.5946,False,14,0,8
2026-08-24 15:00:00,24.0,88.0,910.0,AWS003,Bengaluru,12.9716,77.5946,False,15,0,8
2026-08-24 16:00:00,21.6,94.0,910.6,AWS003,Bengaluru,12.9716,77.5946,False,16,0,8
2026-08-24 17:00:00,23.2,86.0,910.3,AWS003,Bengaluru,12.9716,77.5946,False,17,0,8
2026-08-24 18:00:00,20.7,97.0,911.3,AWS003,Bengaluru,12.9716,77.5946,False,18,0,8
2026-08-24 19:00:00,21.4,94.0,911.7,AWS003,Bengaluru,12.9716,77.5946,False,19,0,8
2026-08-24 20:00:00,21.2,95.0,911.6,AWS003,Bengaluru,12.9716,77.5946,False,20,0,8
2026-08-24 21:00:00,21.2,95.0,912.6,AWS003,Bengaluru,12.9716,77.5946,False,21,0,8
2026-08-24 22:00:00,21.1,94.0,912.8,AWS003,Bengaluru,12.9716,77.5946,False,22,0,8
2026-08-24 23:00:00,21.4,89.0,912.7,AWS003,Bengaluru,12.9716,77.5946,False,23,0,8
2026-08-25 00:00:00,21.2,91.0,911.8,AWS003,Bengaluru,12.9716,77.5946,False,0,1,8
2026-08-25 01:00:00,21.0,93.0,911.5,AWS003,Bengaluru,12.9716,77.5946,False,1,1,8
2026-08-25 02:00:00,20.9,93.0,911.1,AWS003,Bengaluru,12.9716,77.5946,False,2,1,8
2026-08-25 03:00:00,20.8,93.0,910.5,AWS003,Bengaluru,12.9716,77.5946,False,3,1,8
2026-08-25 04:00:00,20.6,94.0,910.5,AWS003,Bengaluru,12.9716,77.5946,False,4,1,8
2026-08-25 05:00:00,21.2,91.0,911.0,AWS003,Bengaluru,12.9716,77.5946,False,5,1,8
2026-08-25 06:00:00,21.1,91.0,911.3,AWS003,Bengaluru,12.9716,77.5946,False,6,1,8
2026-08-25 07:00:00,21.0,91.0,912.4,AWS003,Bengaluru,12.9716,77.5946,False,7,1,8
2026-08-25 08:00:00,20.6,91.0,913.3,AWS003,Bengaluru,12.9716,77.5946,False,8,1,8
2026-08-25 09:00:00,20.8,94.0,913.5,AWS003,Bengaluru,12.9716,77.5946,False,9,1,8
2026-08-25 10:00:00,22.3,89.0,913.7,AWS003,Bengaluru,12.9716,77.5946,False,10,1,8
2026-08-25 11:00:00,26.0,67.0,913.6,AWS003,Bengaluru,12.9716,77.5946,False,11,1,8
2026-08-25 12:00:00,26.3,67.0,913.0,AWS003,Bengaluru,12.9716,77.5946,False,12,1,8
2026-08-25 13:00:00,27.7,62.0,912.3,AWS003,Bengaluru,12.9716,77.5946,False,13,1,8
2026-08-25 14:00:00,26.2,66.0,911.3,AWS003,Bengaluru,12.9716,77.5946,False,14,1,8
2026-08-25 15:00:00,25.0,74.0,911.3,AWS003,Bengaluru,12.9716,77.5946,False,15,1,8
2026-08-25 16:00:00,25.4,73.0,910.8,AWS003,Bengaluru,12.9716,77.5946,False,16,1,8
2026-08-25 17:00:00,24.4,80.0,910.7,AWS003,Bengaluru,12.9716,77.5946,False,17,1,8
2026-08-25 18:00:00,24.2,80.0,911.1,AWS003,Bengaluru,12.9716,77.5946,False,18,1,8
2026-08-25 19:00:00,24.1,75.0,911.9,AWS003,Bengaluru,12.9716,77.5946,False,19,1,8
2026-08-25 20:00:00,23.3,77.0,912.5,AWS003,Bengaluru,12.9716,77.5946,False,20,1,8
2026-08-25 21:00:00,22.5,83.0,913.3,AWS003,Bengaluru,12.9716,77.5946,False,21,1,8
2026-08-25 22:00:00,22.1,85.0,913.7,AWS003,Bengaluru,12.9716,77.5946,False,22,1,8
2026-08-25 23:00:00,21.7,85.0,913.2,AWS003,Bengaluru,12.9716,77.5946,False,23,1,8
2026-08-26 00:00:00,21.4,88.0,912.9,AWS003,Bengaluru,12.9716,77.5946,False,0,2,8
2026-08-26 01:00:00,21.0,90.0,912.6,AWS003,Bengaluru,12.9716,77.5946,False,1,2,8
2026-08-26 02:00:00,20.6,92.0,912.1,AWS003,Bengaluru,12.9716,77.5946,False,2,2,8
2026-08-26 03:00:00,20.3,93.0,911.5,AWS003,Bengaluru,12.9716,77.5946,False,3,2,8
2026-08-26 04:00:00,20.1,93.0,911.7,AWS003,Bengaluru,12.9716,77.5946,False,4,2,8
2026-08-26 05:00:00,20.7,91.0,911.7,AWS003,Bengaluru,12.9716,77.5946,False,5,2,8
2026-08-26 06:00:00,20.5,92.0,911.9,AWS003,Bengaluru,12.9716,77.5946,False,6,2,8
2026-08-26 07:00:00,21.6,87.0,912.7,AWS003,Bengaluru,12.9716,77.5946,False,7,2,8
2026-08-26 08:00:00,23.5,76.0,913.8,AWS003,Bengaluru,12.9716,77.5946,False,8,2,8
2026-08-26 09:00:00,24.2,75.0,914.1,AWS003,Bengaluru,12.9716,77.5946,False,9,2,8
2026-08-26 10:00:00,25.1,70.0,914.1,AWS003,Bengaluru,12.9716,77.5946,False,10,2,8
2026-08-26 11:00:00,26.7,64.0,914.1,AWS003,Bengaluru,12.9716,77.5946,False,11,2,8
2026-08-26 12:00:00,27.2,63.0,913.4,AWS003,Bengaluru,12.9716,77.5946,False,12,2,8
2026-08-26 13:00:00,28.7,58.0,912.3,AWS003,Bengaluru,12.9716,77.5946,False,13,2,8
2026-08-26 14:00:00,26.1,66.0,911.3,AWS003,Bengaluru,12.9716,77.5946,False,14,2,8
2026-08-26 15:00:00,27.3,64.0,911.1,AWS003,Bengaluru,12.9716,77.5946,False,15,2,8
2026-08-26 16:00:00,27.4,61.0,910.6,AWS003,Bengaluru,12.9716,77.5946,False,16,2,8
2026-08-26 17:00:00,25.4,71.0,911.1,AWS003,Bengaluru,12.9716,77.5946,False,17,2,8
2026-08-26 18:00:00,25.3,73.0,911.8,AWS003,Bengaluru,12.9716,77.5946,False,18,2,8
2026-08-26 19:00:00,24.3,76.0,912.4,AWS003,Bengaluru,12.9716,77.5946,False,19,2,8
2026-08-26 20:00:00,23.4,79.0,913.2,AWS003,Bengaluru,12.9716,77.5946,False,20,2,8
2026-08-26 21:00:00,22.5,83.0,913.7,AWS003,Bengaluru,12.9716,77.5946,False,21,2,8
2026-08-26 22:00:00,21.9,85.0,914.2,AWS003,Bengaluru,12.9716,77.5946,False,22,2,8
2026-08-26 23:00:00,21.7,86.0,913.6,AWS003,Bengaluru,12.9716,77.5946,False,23,2,8
2026-08-27 00:00:00,21.1,89.0,913.0,AWS003,Bengaluru,12.9716,77.5946,False,0,3,8
2026-08-27 01:00:00,20.7,92.0,912.6,AWS003,Bengaluru,12.9716,77.5946,False,1,3,8
2026-08-27 02:00:00,20.5,92.0,911.7,AWS003,Bengaluru,12.9716,77.5946,False,2,3,8
2026-08-27 03:00:00,20.4,93.0,911.1,AWS003,Bengaluru,12.9716,77.5946,False,3,3,8
2026-08-27 04:00:00,20.2,93.0,911.4,AWS003,Bengaluru,12.9716,77.5946,False,4,3,8
2026-08-27 05:00:00,20.8,91.0,911.7,AWS003,Bengaluru,12.9716,77.5946,False,5,3,8
2026-08-27 06:00:00,20.7,92.0,911.8,AWS003,Bengaluru,12.9716,77.5946,False,6,3,8
2026-08-27 07:00:00,22.0,85.0,912.8,AWS003,Bengaluru,12.9716,77.5946,False,7,3,8
2026-08-27 08:00:00,23.5,76.0,913.4,AWS003,Bengaluru,12.9716,77.5946,False,8,3,8
2026-08-27 09:00:00,24.8,70.0,913.7,AWS003,Bengaluru,12.9716,77.5946,False,9,3,8
2026-08-27 10:00:00,26.0,65.0,913.8,AWS003,Bengaluru,12.9716,77.5946,False,10,3,8
2026-08-27 11:00:00,26.1,65.0,913.8,AWS003,Bengaluru,12.9716,77.5946,False,11,3,8
2026-08-27 12:00:00,27.5,58.0,913.3,AWS003,Bengaluru,12.9716,77.5946,False,12,3,8
2026-08-27 13:00:00,28.4,55.0,912.3,AWS003,Bengaluru,12.9716,77.5946,False,13,3,8
2026-08-27 14:00:00,28.8,54.0,911.4,AWS003,Bengaluru,12.9716,77.5946,False,14,3,8
2026-08-27 15:00:00,28.8,54.0,911.3,AWS003,Bengaluru,12.9716,77.5946,False,15,3,8
2026-08-27 16:00:00,27.9,56.0,910.6,AWS003,Bengaluru,12.9716,77.5946,False,16,3,8
2026-08-27 17:00:00,25.6,68.0,911.4,AWS003,Bengaluru,12.9716,77.5946,False,17,3,8
2026-08-27 18:00:00,25.1,71.0,911.6,AWS003,Bengaluru,12.9716,77.5946,False,18,3,8
2026-08-27 19:00:00,23.7,79.0,912.6,AWS003,Bengaluru,12.9716,77.5946,False,19,3,8
2026-08-27 20:00:00,23.2,83.0,913.0,AWS003,Bengaluru,12.9716,77.5946,False,20,3,8
2026-08-27 21:00:00,22.4,86.0,913.9,AWS003,Bengaluru,12.9716,77.5946,False,21,3,8
2026-08-27 22:00:00,22.1,89.0,914.2,AWS003,Bengaluru,12.9716,77.5946,False,22,3,8
2026-08-27 23:00:00,21.9,89.0,913.6,AWS003,Bengaluru,12.9716,77.5946,False,23,3,8
2026-08-28 00:00:00,21.2,92.0,912.8,AWS003,Bengaluru,12.9716,77.5946,False,0,4,8
2026-08-28 01:00:00,20.7,93.0,912.0,AWS003,Bengaluru,12.9716,77.5946,False,1,4,8
2026-08-28 02:00:00,20.3,95.0,911.5,AWS003,Bengaluru,12.9716,77.5946,False,2,4,8
2026-08-28 03:00:00,20.0,96.0,911.1,AWS003,Bengaluru,12.9716,77.5946,False,3,4,8
2026-08-28 04:00:00,19.9,96.0,911.0,AWS003,Bengaluru,12.9716,77.5946,False,4,4,8
2026-08-28 05:00:00,20.3,95.0,911.4,AWS003,Bengaluru,12.9716,77.5946,False,5,4,8
2026-08-28 06:00:00,20.4,94.0,911.8,AWS003,Bengaluru,12.9716,77.5946,False,6,4,8
2026-08-28 07:00:00,21.3,89.0,912.6,AWS003,Bengaluru,12.9716,77.5946,False,7,4,8
2026-08-28 08:00:00,23.4,76.0,913.5,AWS003,Bengaluru,12.9716,77.5946,False,8,4,8
2026-08-28 09:00:00,24.6,69.0,913.8,AWS003,Bengaluru,12.9716,77.5946,False,9,4,8
2026-08-28 10:00:00,25.9,63.0,913.8,AWS003,Bengaluru,12.9716,77.5946,False,10,4,8
2026-08-28 11:00:00,26.8,59.0,913.6,AWS003,Bengaluru,12.9716,77.5946,False,11,4,8
2026-08-28 12:00:00,27.4,56.0,913.0,AWS003,Bengaluru,12.9716,77.5946,False,12,4,8
2026-08-28 13:00:00,28.1,52.0,912.2,AWS003,Bengaluru,12.9716,77.5946,False,13,4,8
2026-08-28 14:00:00,28.2,52.0,911.3,AWS003,Bengaluru,12.9716,77.5946,False,14,4,8
2026-08-28 15:00:00,28.3,54.0,910.7,AWS003,Bengaluru,12.9716,77.5946,False,15,4,8
2026-08-28 16:00:00,27.3,56.0,910.4,AWS003,Bengaluru,12.9716,77.5946,False,16,4,8
2026-08-28 17:00:00,25.6,68.0,910.7,AWS003,Bengaluru,12.9716,77.5946,False,17,4,8
2026-08-28 18:00:00,25.3,67.0,911.5,AWS003,Bengaluru,12.9716,77.5946,False,18,4,8
2026-08-28 19:00:00,24.0,74.0,912.4,AWS003,Bengaluru,12.9716,77.5946,False,19,4,8
2026-08-28 20:00:00,23.0,79.0,913.1,AWS003,Bengaluru,12.9716,77.5946,False,20,4,8
2026-08-28 21:00:00,22.5,83.0,914.1,AWS003,Bengaluru,12.9716,77.5946,False,21,4,8
2026-08-28 22:00:00,21.7,87.0,914.2,AWS003,Bengaluru,12.9716,77.5946,False,22,4,8
2026-08-28 23:00:00,21.4,88.0,913.7,AWS003,Bengaluru,12.9716,77.5946,False,23,4,8
2026-08-29 00:00:00,20.9,90.0,912.9,AWS003,Bengaluru,12.9716,77.5946,False,0,5,8
2026-08-29 01:00:00,20.4,93.0,912.1,AWS003,Bengaluru,12.9716,77.5946,False,1,5,8
2026-08-29 02:00:00,20.2,93.0,911.6,AWS003,Bengaluru,12.9716,77.5946,False,2,5,8
2026-08-29 03:00:00,19.9,94.0,911.1,AWS003,Bengaluru,12.9716,77.5946,False,3,5,8
2026-08-29 04:00:00,19.7,95.0,911.0,AWS003,Bengaluru,12.9716,77.5946,False,4,5,8
2026-08-29 05:00:00,20.1,92.0,911.4,AWS003,Bengaluru,12.9716,77.5946,False,5,5,8
2026-08-29 06:00:00,20.0,93.0,911.9,AWS003,Bengaluru,12.9716,77.5946,False,6,5,8
2026-08-29 07:00:00,21.1,88.0,912.6,AWS003,Bengaluru,12.9716,77.5946,False,7,5,8
2026-08-29 08:00:00,22.7,78.0,913.4,AWS003,Bengaluru,12.9716,77.5946,False,8,5,8
2026-08-29 09:00:00,24.0,71.0,913.9,AWS003,Bengaluru,12.9716,77.5946,False,9,5,8
2026-08-29 10:00:00,25.5,66.0,914.0,AWS003,Bengaluru,12.9716,77.5946,False,10,5,8
2026-08-29 11:00:00,25.7,65.0,913.8,AWS003,Bengaluru,12.9716,77.5946,False,11,5,8
2026-08-29 12:00:00,27.4,59.0,913.2,AWS003,Bengaluru,12.9716,77.5946,False,12,5,8
2026-08-29 13:00:00,28.0,57.0,912.5,AWS003,Bengaluru,12.9716,77.5946,False,13,5,8
2026-08-29 14:00:00,25.6,62.0,911.6,AWS003,Bengaluru,12.9716,77.5946,False,14,5,8
2026-08-29 15:00:00,25.6,63.0,911.3,AWS003,Bengaluru,12.9716,77.5946,False,15,5,8
2026-08-29 16:00:00,26.7,59.0,911.1,AWS003,Bengaluru,12.9716,77.5946,False,16,5,8
2026-08-29 17:00:00,24.2,72.0,911.6,AWS003,Bengaluru,12.9716,77.5946,False,17,5,8
2026-08-29 18:00:00,23.9,71.0,911.7,AWS003,Bengaluru,12.9716,77.5946,False,18,5,8
2026-08-29 19:00:00,23.6,73.0,912.3,AWS003,Bengaluru,12.9716,77.5946,False,19,5,8
2026-08-29 20:00:00,23.3,72.0,913.2,AWS003,Bengaluru,12.9716,77.5946,False,20,5,8
2026-08-29 21:00:00,22.4,76.0,913.5,AWS003,Bengaluru,12.9716,77.5946,False,21,5,8
2026-08-29 22:00:00,21.8,79.0,913.7,AWS003,Bengaluru,12.9716,77.5946,False,22,5,8
2026-08-29 23:00:00,21.3,83.0,913.1,AWS003,Bengaluru,12.9716,77.5946,False,23,5,8
2026-08-30 00:00:00,20.8,85.0,912.7,AWS003,Bengaluru,12.9716,77.5946,False,0,6,8
2026-08-30 01:00:00,20.4,88.0,912.1,AWS003,Bengaluru,12.9716,77.5946,False,1,6,8
2026-08-30 02:00:00,19.9,91.0,911.6,AWS003,Bengaluru,12.9716,77.5946,False,2,6,8
2026-08-30 03:00:00,19.7,93.0,911.3,AWS003,Bengaluru,12.9716,77.5946,False,3,6,8
2026-08-30 04:00:00,19.5,93.0,911.2,AWS003,Bengaluru,12.9716,77.5946,False,4,6,8
2026-08-30 05:00:00,19.5,93.0,911.6,AWS003,Bengaluru,12.9716,77.5946,False,5,6,8
2026-08-30 06:00:00,19.5,93.0,912.1,AWS003,Bengaluru,12.9716,77.5946,False,6,6,8
2026-08-30 07:00:00,20.8,86.0,912.8,AWS003,Bengaluru,12.9716,77.5946,False,7,6,8
2026-08-30 08:00:00,22.8,75.0,913.1,AWS003,Bengaluru,12.9716,77.5946,False,8,6,8
2026-08-30 09:00:00,24.0,68.0,913.8,AWS003,Bengaluru,12.9716,77.5946,False,9,6,8
2026-08-30 10:00:00,25.1,63.0,914.0,AWS003,Bengaluru,12.9716,77.5946,False,10,6,8
2026-08-30 11:00:00,26.3,58.0,913.9,AWS003,Bengaluru,12.9716,77.5946,False,11,6,8
2026-08-30 12:00:00,27.4,54.0,913.4,AWS003,Bengaluru,12.9716,77.5946,False,12,6,8
2026-08-30 13:00:00,28.4,50.0,912.6,AWS003,Bengaluru,12.9716,77.5946,False,13,6,8
2026-08-30 14:00:00,28.8,50.0,911.8,AWS003,Bengaluru,12.9716,77.5946,False,14,6,8
2026-08-30 15:00:00,27.6,52.0,911.5,AWS003,Bengaluru,12.9716,77.5946,False,15,6,8
2026-08-30 16:00:00,27.2,54.0,911.1,AWS003,Bengaluru,12.9716,77.5946,False,16,6,8
2026-08-30 17:00:00,26.1,58.0,911.6,AWS003,Bengaluru,12.9716,77.5946,False,17,6,8
2026-08-30 18:00:00,23.8,74.0,912.2,AWS003,Bengaluru,12.9716,77.5946,False,18,6,8
2026-08-30 19:00:00,23.0,78.0,912.6,AWS003,Bengaluru,12.9716,77.5946,False,19,6,8
2026-08-30 20:00:00,22.8,79.0,913.0,AWS003,Bengaluru,12.9716,77.5946,False,20,6,8
2026-08-30 21:00:00,22.6,78.0,913.5,AWS003,Bengaluru,12.9716,77.5946,False,21,6,8
2026-08-30 22:00:00,22.0,80.0,913.7,AWS003,Bengaluru,12.9716,77.5946,False,22,6,8
2026-08-30 23:00:00,21.5,83.0,913.1,AWS003,Bengaluru,12.9716,77.5946,False,23,6,8
2026-08-31 00:00:00,20.6,89.0,912.9,AWS003,Bengaluru,12.9716,77.5946,False,0,0,8
2026-08-31 01:00:00,20.2,90.0,912.3,AWS003,Bengaluru,12.9716,77.5946,False,1,0,8
2026-08-31 02:00:00,19.8,90.0,911.9,AWS003,Bengaluru,12.9716,77.5946,False,2,0,8
2026-08-31 03:00:00,19.4,92.0,911.4,AWS003,Bengaluru,12.9716,77.5946,False,3,0,8
2026-08-31 04:00:00,19.3,93.0,911.5,AWS003,Bengaluru,12.9716,77.5946,False,4,0,8
2026-08-31 05:00:00,20.0,91.0,912.1,AWS003,Bengaluru,12.9716,77.5946,False,5,0,8
2026-08-31 06:00:00,20.1,91.0,912.3,AWS003,Bengaluru,12.9716,77.5946,False,6,0,8
2026-08-31 07:00:00,21.3,85.0,913.2,AWS003,Bengaluru,12.9716,77.5946,False,7,0,8
2026-08-31 08:00:00,23.0,75.0,913.9,AWS003,Bengaluru,12.9716,77.5946,False,8,0,8
2026-08-31 09:00:00,24.1,69.0,913.9,AWS003,Bengaluru,12.9716,77.5946,False,9,0,8
2026-08-31 10:00:00,26.0,60.0,914.1,AWS003,Bengaluru,12.9716,77.5946,False,10,0,8
2026-08-31 11:00:00,26.4,58.0,913.8,AWS003,Bengaluru,12.9716,77.5946,False,11,0,8
2026-08-31 12:00:00,26.6,58.0,913.3,AWS003,Bengaluru,12.9716,77.5946,False,12,0,8
2026-08-31 13:00:00,27.9,52.0,912.4,AWS003,Bengaluru,12.9716,77.5946,False,13,0,8
2026-08-31 14:00:00,28.6,50.0,911.4,AWS003,Bengaluru,12.9716,77.5946,False,14,0,8
2026-08-31 15:00:00,28.6,50.0,910.9,AWS003,Bengaluru,12.9716,77.5946,False,15,0,8
2026-08-31 16:00:00,28.0,53.0,910.4,AWS003,Bengaluru,12.9716,77.5946,False,16,0,8
2026-08-31 17:00:00,26.8,55.0,911.0,AWS003,Bengaluru,12.9716,77.5946,False,17,0,8
2026-08-31 18:00:00,25.6,61.0,911.5,AWS003,Bengaluru,12.9716,77.5946,False,18,0,8
2026-08-31 19:00:00,24.9,64.0,912.0,AWS003,Bengaluru,12.9716,77.5946,False,19,0,8
2026-08-31 20:00:00,24.2,67.0,912.4,AWS003,Bengaluru,12.9716,77.5946,False,20,0,8
2026-08-31 21:00:00,23.5,70.0,912.8,AWS003,Bengaluru,12.9716,77.5946,False,21,0,8
2026-08-31 22:00:00,22.8,75.0,913.2,AWS003,Bengaluru,12.9716,77.5946,False,22,0,8
2026-08-31 23:00:00,22.5,79.0,913.0,AWS003,Bengaluru,12.9716,77.5946,False,23,0,8
2026-09-01 00:00:00,21.5,85.0,912.2,AWS003,Bengaluru,12.9716,77.5946,False,0,1,9
2026-09-01 01:00:00,20.8,90.0,911.8,AWS003,Bengaluru,12.9716,77.5946,False,1,1,9
2026-09-01 02:00:00,20.3,93.0,911.4,AWS003,Bengaluru,12.9716,77.5946,False,2,1,9
2026-09-01 03:00:00,19.9,95.0,910.9,AWS003,Bengaluru,12.9716,77.5946,False,3,1,9
2026-09-01 04:00:00,19.7,96.0,910.9,AWS003,Bengaluru,12.9716,77.5946,False,4,1,9
2026-09-01 05:00:00,20.1,91.0,911.2,AWS003,Bengaluru,12.9716,77.5946,False,5,1,9
2026-09-01 06:00:00,19.8,93.0,911.7,AWS003,Bengaluru,12.9716,77.5946,False,6,1,9
2026-09-01 07:00:00,21.2,86.0,912.7,AWS003,Bengaluru,12.9716,77.5946,False,7,1,9
2026-09-01 08:00:00,23.0,76.0,913.4,AWS003,Bengaluru,12.9716,77.5946,False,8,1,9
2026-09-01 09:00:00,24.5,67.0,913.7,AWS003,Bengaluru,12.9716,77.5946,False,9,1,9
2026-09-01 10:00:00,26.2,59.0,913.9,AWS003,Bengaluru,12.9716,77.5946,False,10,1,9
2026-09-01 11:00:00,27.4,55.0,913.9,AWS003,Bengaluru,12.9716,77.5946,False,11,1,9
2026-09-01 12:00:00,27.8,52.0,913.3,AWS003,Bengaluru,12.9716,77.5946,False,12,1,9
2026-09-01 13:00:00,28.4,50.0,912.4,AWS003,Bengaluru,12.9716,77.5946,False,13,1,9
2026-09-01 14:00:00,28.5,51.0,911.7,AWS003,Bengaluru,12.9716,77.5946,False,14,1,9
2026-09-01 15:00:00,28.7,51.0,911.5,AWS003,Bengaluru,12.9716,77.5946,False,15,1,9
2026-09-01 16:00:00,27.3,56.0,911.2,AWS003,Bengaluru,12.9716,77.5946,False,16,1,9
2026-09-01 17:00:00,27.7,52.0,911.7,AWS003,Bengaluru,12.9716,77.5946,False,17,1,9
2026-09-01 18:00:00,25.8,61.0,912.3,AWS003,Bengaluru,12.9716,77.5946,False,18,1,9
2026-09-01 19:00:00,24.0,72.0,913.0,AWS003,Bengaluru,12.9716,77.5946,False,19,1,9
2026-09-01 20:00:00,23.5,77.0,913.8,AWS003,Bengaluru,12.9716,77.5946,False,20,1,9
2026-09-01 21:00:00,23.3,80.0,914.3,AWS003,Bengaluru,12.9716,77.5946,False,21,1,9
2026-09-01 22:00:00,21.9,85.0,914.7,AWS003,Bengaluru,12.9716,77.5946,False,22,1,9
2026-09-01 23:00:00,22.3,84.0,913.9,AWS003,Bengaluru,12.9716,77.5946,False,23,1,9
2026-09-02 00:00:00,21.7,88.0,913.3,AWS003,Bengaluru,12.9716,77.5946,False,0,2,9
2026-09-02 01:00:00,21.4,89.0,912.7,AWS003,Bengaluru,12.9716,77.5946,False,1,2,9
2026-09-02 02:00:00,20.7,93.0,912.2,AWS003,Bengaluru,12.9716,77.5946,False,2,2,9
2026-09-02 03:00:00,20.2,95.0,912.1,AWS003,Bengaluru,12.9716,77.5946,False,3,2,9
2026-09-02 04:00:00,19.8,96.0,911.8,AWS003,Bengaluru,12.9716,77.5946,False,4,2,9
2026-09-02 05:00:00,20.3,95.0,912.1,AWS003,Bengaluru,12.9716,77.5946,False,5,2,9
2026-09-02 06:00:00,20.1,96.0,912.4,AWS003,Bengaluru,12.9716,77.5946,False,6,2,9
2026-09-02 07:00:00,21.2,89.0,913.0,AWS003,Bengaluru,12.9716,77.5946,False,7,2,9
2026-09-02 08:00:00,23.4,73.0,914.1,AWS003,Bengaluru,12.9716,77.5946,False,8,2,9
2026-09-02 09:00:00,25.4,64.0,914.5,AWS003,Bengaluru,12.9716,77.5946,False,9,2,9
2026-09-02 10:00:00,27.3,54.0,914.9,AWS003,Bengaluru,12.9716,77.5946,False,10,2,9
2026-09-02 11:00:00,28.4,49.0,914.6,AWS003,Bengaluru,12.9716,77.5946,False,11,2,9
2026-09-02 12:00:00,29.2,45.0,913.9,AWS003,Bengaluru,12.9716,77.5946,False,12,2,9
2026-09-02 13:00:00,30.2,43.0,913.3,AWS003,Bengaluru,12.9716,77.5946,False,13,2,9
2026-09-02 14:00:00,30.1,44.0,912.3,AWS003,Bengaluru,12.9716,77.5946,False,14,2,9
2026-09-02 15:00:00,30.2,44.0,911.7,AWS003,Bengaluru,12.9716,77.5946,False,15,2,9
2026-09-02 16:00:00,29.9,44.0,911.4,AWS003,Bengaluru,12.9716,77.5946,False,16,2,9
2026-09-02 17:00:00,29.3,43.0,911.5,AWS003,Bengaluru,12.9716,77.5946,False,17,2,9
2026-09-02 18:00:00,27.3,53.0,912.3,AWS003,Bengaluru,12.9716,77.5946,False,18,2,9
2026-09-02 19:00:00,26.2,60.0,913.3,AWS003,Bengaluru,12.9716,77.5946,False,19,2,9
2026-09-02 20:00:00,24.8,69.0,914.3,AWS003,Bengaluru,12.9716,77.5946,False,20,2,9
2026-09-02 21:00:00,21.9,86.0,914.3,AWS003,Bengaluru,12.9716,77.5946,False,21,2,9
2026-09-02 22:00:00,21.6,89.0,914.2,AWS003,Bengaluru,12.9716,77.5946,False,22,2,9
2026-09-02 23:00:00,21.5,93.0,913.7,AWS003,Bengaluru,12.9716,77.5946,False,23,2,9
2026-09-03 00:00:00,21.3,91.0,912.9,AWS003,Bengaluru,12.9716,77.5946,False,0,3,9
2026-09-03 01:00:00,21.0,92.0,912.6,AWS003,Bengaluru,12.9716,77.5946,False,1,3,9
2026-09-03 02:00:00,20.5,94.0,912.1,AWS003,Bengaluru,12.9716,77.5946,False,2,3,9
2026-09-03 03:00:00,20.3,95.0,911.8,AWS003,Bengaluru,12.9716,77.5946,False,3,3,9
2026-09-03 04:00:00,20.2,94.0,911.8,AWS003,Bengaluru,12.9716,77.5946,False,4,3,9
2026-09-03 05:00:00,20.2,92.0,912.5,AWS003,Bengaluru,12.9716,77.5946,False,5,3,9
2026-09-03 06:00:00,20.1,93.0,912.4,AWS003,Bengaluru,12.9716,77.5946,False,6,3,9
2026-09-03 07:00:00,21.2,86.0,912.9,AWS003,Bengaluru,12.9716,77.5946,False,7,3,9
2026-09-03 08:00:00,23.0,74.0,914.0,AWS003,Bengaluru,12.9716,77.5946,False,8,3,9
2026-09-03 09:00:00,25.3,62.0,914.7,AWS003,Bengaluru,12.9716,77.5946,False,9,3,9
2026-09-03 10:00:00,26.6,56.0,914.7,AWS003,Bengaluru,12.9716,77.5946,False,10,3,9
2026-09-03 11:00:00,27.7,52.0,914.5,AWS003,Bengaluru,12.9716,77.5946,False,11,3,9
2026-09-03 12:00:00,28.4,48.0,913.5,AWS003,Bengaluru,12.9716,77.5946,False,12,3,9
2026-09-03 13:00:00,28.7,48.0,912.6,AWS003,Bengaluru,12.9716,77.5946,False,13,3,9
2026-09-03 14:00:00,28.4,52.0,911.6,AWS003,Bengaluru,12.9716,77.5946,False,14,3,9
2026-09-03 15:00:00,28.1,52.0,911.2,AWS003,Bengaluru,12.9716,77.5946,False,15,3,9
2026-09-03 16:00:00,27.1,58.0,910.9,AWS003,Bengaluru,12.9716,77.5946,False,16,3,9
2026-09-03 17:00:00,27.0,60.0,911.3,AWS003,Bengaluru,12.9716,77.5946,False,17,3,9
2026-09-03 18:00:00,26.0,65.0,911.9,AWS003,Bengaluru,12.9716,77.5946,False,18,3,9
2026-09-03 19:00:00,25.5,69.0,912.3,AWS003,Bengaluru,12.9716,77.5946,False,19,3,9
2026-09-03 20:00:00,24.5,74.0,912.7,AWS003,Bengaluru,12.9716,77.5946,False,20,3,9
2026-09-03 21:00:00,23.5,78.0,913.2,AWS003,Bengaluru,12.9716,77.5946,False,21,3,9
2026-09-03 22:00:00,21.7,91.0,913.5,AWS003,Bengaluru,12.9716,77.5946,False,22,3,9
2026-09-03 23:00:00,22.7,84.0,912.8,AWS003,Bengaluru,12.9716,77.5946,False,23,3,9
2026-09-04 00:00:00,21.6,93.0,912.2,AWS003,Bengaluru,12.9716,77.5946,False,0,4,9
2026-09-04 01:00:00,21.4,95.0,911.9,AWS003,Bengaluru,12.9716,77.5946,False,1,4,9
2026-09-04 02:00:00,21.2,96.0,911.5,AWS003,Bengaluru,12.9716,77.5946,False,2,4,9
2026-09-04 03:00:00,20.8,96.0,911.1,AWS003,Bengaluru,12.9716,77.5946,False,3,4,9
2026-09-04 04:00:00,20.6,97.0,911.4,AWS003,Bengaluru,12.9716,77.5946,False,4,4,9
2026-09-04 05:00:00,20.7,93.0,911.3,AWS003,Bengaluru,12.9716,77.5946,False,5,4,9
2026-09-04 06:00:00,20.5,94.0,912.4,AWS003,Bengaluru,12.9716,77.5946,False,6,4,9
2026-09-04 07:00:00,21.8,87.0,913.4,AWS003,Bengaluru,12.9716,77.5946,False,7,4,9
2026-09-04 08:00:00,23.7,75.0,914.3,AWS003,Bengaluru,12.9716,77.5946,False,8,4,9
2026-09-04 09:00:00,25.1,67.0,914.6,AWS003,Bengaluru,12.9716,77.5946,False,9,4,9
2026-09-04 10:00:00,26.9,60.0,914.6,AWS003,Bengaluru,12.9716,77.5946,False,10,4,9
2026-09-04 11:00:00,27.8,54.0,914.3,AWS003,Bengaluru,12.9716,77.5946,False,11,4,9
2026-09-04 12:00:00,28.7,52.0,914.1,AWS003,Bengaluru,12.9716,77.5946,False,12,4,9
2026-09-04 13:00:00,29.0,50.0,913.2,AWS003,Bengaluru,12.9716,77.5946,False,13,4,9
2026-09-04 14:00:00,29.3,49.0,912.4,AWS003,Bengaluru,12.9716,77.5946,False,14,4,9
2026-09-04 15:00:00,28.8,53.0,912.0,AWS003,Bengaluru,12.9716,77.5946,False,15,4,9
2026-09-04 16:00:00,28.8,54.0,911.7,AWS003,Bengaluru,12.9716,77.5946,False,16,4,9
2026-09-04 17:00:00,28.4,52.0,912.0,AWS003,Bengaluru,12.9716,77.5946,False,17,4,9
2026-09-04 18:00:00,26.9,61.0,912.6,AWS003,Bengaluru,12.9716,77.5946,False,18,4,9
2026-09-04 19:00:00,26.0,67.0,913.4,AWS003,Bengaluru,12.9716,77.5946,False,19,4,9
2026-09-04 20:00:00,25.0,70.0,913.7,AWS003,Bengaluru,12.9716,77.5946,False,20,4,9
2026-09-04 21:00:00,24.0,73.0,914.0,AWS003,Bengaluru,12.9716,77.5946,False,21,4,9
2026-09-04 22:00:00,23.8,73.0,914.3,AWS003,Bengaluru,12.9716,77.5946,False,22,4,9
2026-09-04 23:00:00,22.4,87.0,913.5,AWS003,Bengaluru,12.9716,77.5946,False,23,4,9
2026-09-05 00:00:00,22.5,87.0,913.5,AWS003,Bengaluru,12.9716,77.5946,False,0,5,9
2026-09-05 01:00:00,22.0,90.0,913.3,AWS003,Bengaluru,12.9716,77.5946,False,1,5,9
2026-09-05 02:00:00,21.9,92.0,912.8,AWS003,Bengaluru,12.9716,77.5946,False,2,5,9
2026-09-05 03:00:00,21.4,94.0,912.7,AWS003,Bengaluru,12.9716,77.5946,False,3,5,9
2026-09-05 04:00:00,21.0,94.0,913.0,AWS003,Bengaluru,12.9716,77.5946,False,4,5,9
2026-09-05 05:00:00,21.3,93.0,913.4,AWS003,Bengaluru,12.9716,77.5946,False,5,5,9
2026-09-05 06:00:00,20.9,94.0,913.7,AWS003,Bengaluru,12.9716,77.5946,False,6,5,9
2026-09-05 07:00:00,21.8,86.0,914.5,AWS003,Bengaluru,12.9716,77.5946,False,7,5,9
2026-09-05 08:00:00,23.6,74.0,915.4,AWS003,Bengaluru,12.9716,77.5946,False,8,5,9
2026-09-05 09:00:00,25.8,62.0,915.7,AWS003,Bengaluru,12.9716,77.5946,False,9,5,9
2026-09-05 10:00:00,27.8,51.0,915.8,AWS003,Bengaluru,12.9716,77.5946,False,10,5,9
2026-09-05 11:00:00,29.3,45.0,915.9,AWS003,Bengaluru,12.9716,77.5946,False,11,5,9
2026-09-05 12:00:00,30.2,41.0,915.2,AWS003,Bengaluru,12.9716,77.5946,False,12,5,9
2026-09-05 13:00:00,30.7,40.0,914.5,AWS003,Bengaluru,12.9716,77.5946,False,13,5,9
2026-09-05 14:00:00,30.8,39.0,913.2,AWS003,Bengaluru,12.9716,77.5946,False,14,5,9
2026-09-05 15:00:00,30.6,40.0,912.8,AWS003,Bengaluru,12.9716,77.5946,False,15,5,9
2026-09-05 16:00:00,30.0,42.0,912.7,AWS003,Bengaluru,12.9716,77.5946,False,16,5,9
2026-09-05 17:00:00,30.2,40.0,912.5,AWS003,Bengaluru,12.9716,77.5946,False,17,5,9
2026-09-05 18:00:00,28.7,46.0,913.0,AWS003,Bengaluru,12.9716,77.5946,False,18,5,9
2026-09-05 19:00:00,27.7,51.0,913.8,AWS003,Bengaluru,12.9716,77.5946,False,19,5,9
2026-09-05 20:00:00,27.1,54.0,914.3,AWS003,Bengaluru,12.9716,77.5946,False,20,5,9
2026-09-05 21:00:00,26.6,56.0,914.8,AWS003,Bengaluru,12.9716,77.5946,False,21,5,9
2026-09-05 22:00:00,25.6,61.0,914.9,AWS003,Bengaluru,12.9716,77.5946,False,22,5,9
2026-09-05 23:00:00,25.4,62.0,914.7,AWS003,Bengaluru,12.9716,77.5946,False,23,5,9
2026-09-06 00:00:00,24.1,69.0,914.2,AWS003,Bengaluru,12.9716,77.5946,False,0,6,9
2026-09-06 01:00:00,23.5,74.0,913.8,AWS003,Bengaluru,12.9716,77.5946,False,1,6,9
2026-09-06 02:00:00,22.9,80.0,913.1,AWS003,Bengaluru,12.9716,77.5946,False,2,6,9
2026-09-06 03:00:00,22.2,84.0,913.3,AWS003,Bengaluru,12.9716,77.5946,False,3,6,9
2026-09-06 04:00:00,21.7,87.0,913.3,AWS003,Bengaluru,12.9716,77.5946,False,4,6,9
2026-09-06 05:00:00,21.7,86.0,913.7,AWS003,Bengaluru,12.9716,77.5946,False,5,6,9
2026-09-06 06:00:00,21.4,88.0,914.3,AWS003,Bengaluru,12.9716,77.5946,False,6,6,9
2026-09-06 07:00:00,22.4,81.0,915.1,AWS003,Bengaluru,12.9716,77.5946,False,7,6,9
2026-09-06 08:00:00,23.9,72.0,916.0,AWS003,Bengaluru,12.9716,77.5946,False,8,6,9
2026-09-06 09:00:00,26.0,61.0,916.5,AWS003,Bengaluru,12.9716,77.5946,False,9,6,9
2026-09-06 10:00:00,27.9,51.0,916.2,AWS003,Bengaluru,12.9716,77.5946,False,10,6,9
2026-09-06 11:00:00,29.2,46.0,916.0,AWS003,Bengaluru,12.9716,77.5946,False,11,6,9
2026-09-06 12:00:00,29.8,43.0,915.7,AWS003,Bengaluru,12.9716,77.5946,False,12,6,9
2026-09-06 13:00:00,30.3,41.0,914.8,AWS003,Bengaluru,12.9716,77.5946,False,13,6,9
2026-09-06 14:00:00,30.3,42.0,913.8,AWS003,Bengaluru,12.9716,77.5946,False,14,6,9
2026-09-06 15:00:00,30.5,41.0,913.3,AWS003,Bengaluru,12.9716,77.5946,False,15,6,9
2026-09-06 16:00:00,30.2,41.0,913.2,AWS003,Bengaluru,12.9716,77.5946,False,16,6,9
2026-09-06 17:00:00,30.3,38.0,913.5,AWS003,Bengaluru,12.9716,77.5946,False,17,6,9
2026-09-06 18:00:00,28.9,44.0,913.8,AWS003,Bengaluru,12.9716,77.5946,False,18,6,9
2026-09-06 19:00:00,27.9,49.0,914.6,AWS003,Bengaluru,12.9716,77.5946,False,19,6,9
2026-09-06 20:00:00,27.3,52.0,915.0,AWS003,Bengaluru,12.9716,77.5946,False,20,6,9
2026-09-06 21:00:00,26.8,54.0,915.5,AWS003,Bengaluru,12.9716,77.5946,False,21,6,9
2026-09-06 22:00:00,25.8,58.0,915.8,AWS003,Bengaluru,12.9716,77.5946,False,22,6,9
2026-09-06 23:00:00,24.9,64.0,915.4,AWS003,Bengaluru,12.9716,77.5946,False,23,6,9
2026-07-09 00:00:00,32.0,57.0,1004.1,AWS004,Chennai,13.0827,80.2707,False,0,3,7
2026-07-09 01:00:00,31.7,55.0,1003.5,AWS004,Chennai,13.0827,80.2707,False,1,3,7
2026-07-09 02:00:00,31.5,57.0,1003.6,AWS004,Chennai,13.0827,80.2707,False,2,3,7
2026-07-09 03:00:00,31.2,58.0,1003.7,AWS004,Chennai,13.0827,80.2707,False,3,3,7
2026-07-09 04:00:00,30.9,59.0,1004.6,AWS004,Chennai,13.0827,80.2707,False,4,3,7
2026-07-09 05:00:00,31.3,54.0,1004.7,AWS004,Chennai,13.0827,80.2707,False,5,3,7
2026-07-09 06:00:00,30.8,56.0,1005.6,AWS004,Chennai,13.0827,80.2707,False,6,3,7
2026-07-09 07:00:00,31.8,54.0,1006.2,AWS004,Chennai,13.0827,80.2707,False,7,3,7
2026-07-09 08:00:00,32.9,51.0,1006.6,AWS004,Chennai,13.0827,80.2707,False,8,3,7
2026-07-09 09:00:00,34.2,47.0,1006.4,AWS004,Chennai,13.0827,80.2707,False,9,3,7
2026-07-09 10:00:00,35.6,44.0,1006.3,AWS004,Chennai,13.0827,80.2707,False,10,3,7
2026-07-09 11:00:00,36.7,41.0,1005.7,AWS004,Chennai,13.0827,80.2707,False,11,3,7
2026-07-09 12:00:00,37.8,38.0,1005.2,AWS004,Chennai,13.0827,80.2707,False,12,3,7
2026-07-09 13:00:00,37.5,37.0,1004.6,AWS004,Chennai,13.0827,80.2707,False,13,3,7
2026-07-09 14:00:00,35.7,43.0,1003.7,AWS004,Chennai,13.0827,80.2707,False,14,3,7
2026-07-09 15:00:00,33.5,61.0,1003.2,AWS004,Chennai,13.0827,80.2707,False,15,3,7
2026-07-09 16:00:00,32.3,66.0,1003.1,AWS004,Chennai,13.0827,80.2707,False,16,3,7
2026-07-09 17:00:00,29.3,80.0,1004.3,AWS004,Chennai,13.0827,80.2707,False,17,3,7
2026-07-09 18:00:00,29.6,78.0,1004.5,AWS004,Chennai,13.0827,80.2707,False,18,3,7
2026-07-09 19:00:00,29.9,77.0,1005.1,AWS004,Chennai,13.0827,80.2707,False,19,3,7
2026-07-09 20:00:00,29.7,78.0,1006.3,AWS004,Chennai,13.0827,80.2707,False,20,3,7
2026-07-09 21:00:00,28.7,83.0,1007.2,AWS004,Chennai,13.0827,80.2707,False,21,3,7
2026-07-09 22:00:00,28.1,84.0,1007.3,AWS004,Chennai,13.0827,80.2707,False,22,3,7
2026-07-09 23:00:00,28.4,87.0,1006.7,AWS004,Chennai,13.0827,80.2707,False,23,3,7
2026-07-10 00:00:00,28.1,90.0,1006.1,AWS004,Chennai,13.0827,80.2707,False,0,4,7
2026-07-10 01:00:00,27.3,96.0,1005.5,AWS004,Chennai,13.0827,80.2707,False,1,4,7
2026-07-10 02:00:00,27.9,93.0,1004.8,AWS004,Chennai,13.0827,80.2707,False,2,4,7
2026-07-10 03:00:00,28.3,91.0,1004.9,AWS004,Chennai,13.0827,80.2707,False,3,4,7
2026-07-10 04:00:00,28.4,89.0,1005.2,AWS004,Chennai,13.0827,80.2707,False,4,4,7
2026-07-10 05:00:00,27.9,87.0,1005.6,AWS004,Chennai,13.0827,80.2707,False,5,4,7
2026-07-10 06:00:00,28.1,86.0,1006.7,AWS004,Chennai,13.0827,80.2707,False,6,4,7
2026-07-10 07:00:00,29.1,82.0,1007.3,AWS004,Chennai,13.0827,80.2707,False,7,4,7
2026-07-10 08:00:00,30.8,72.0,1007.7,AWS004,Chennai,13.0827,80.2707,False,8,4,7
2026-07-10 09:00:00,32.0,65.0,1007.7,AWS004,Chennai,13.0827,80.2707,False,9,4,7
2026-07-10 10:00:00,32.9,60.0,1007.6,AWS004,Chennai,13.0827,80.2707,False,10,4,7
2026-07-10 11:00:00,32.1,61.0,1007.6,AWS004,Chennai,13.0827,80.2707,False,11,4,7
2026-07-10 12:00:00,32.9,59.0,1007.0,AWS004,Chennai,13.0827,80.2707,False,12,4,7
2026-07-10 13:00:00,33.3,56.0,1006.3,AWS004,Chennai,13.0827,80.2707,False,13,4,7
2026-07-10 14:00:00,33.6,55.0,1005.3,AWS004,Chennai,13.0827,80.2707,False,14,4,7
2026-07-10 15:00:00,33.9,52.0,1004.8,AWS004,Chennai,13.0827,80.2707,False,15,4,7
2026-07-10 16:00:00,33.8,52.0,1004.6,AWS004,Chennai,13.0827,80.2707,False,16,4,7
2026-07-10 17:00:00,33.2,54.0,1005.1,AWS004,Chennai,13.0827,80.2707,False,17,4,7
2026-07-10 18:00:00,31.1,73.0,1005.6,AWS004,Chennai,13.0827,80.2707,False,18,4,7
2026-07-10 19:00:00,29.8,77.0,1006.2,AWS004,Chennai,13.0827,80.2707,False,19,4,7
2026-07-10 20:00:00,29.6,73.0,1006.7,AWS004,Chennai,13.0827,80.2707,False,20,4,7
2026-07-10 21:00:00,29.4,74.0,1008.0,AWS004,Chennai,13.0827,80.2707,False,21,4,7
2026-07-10 22:00:00,28.9,77.0,1007.5,AWS004,Chennai,13.0827,80.2707,False,22,4,7
2026-07-10 23:00:00,29.3,80.0,1007.2,AWS004,Chennai,13.0827,80.2707,False,23,4,7
2026-07-11 00:00:00,28.4,79.0,1006.3,AWS004,Chennai,13.0827,80.2707,False,0,5,7
2026-07-11 01:00:00,27.9,77.0,1005.3,AWS004,Chennai,13.0827,80.2707,False,1,5,7
2026-07-11 02:00:00,27.5,79.0,1004.9,AWS004,Chennai,13.0827,80.2707,False,2,5,7
2026-07-11 03:00:00,27.2,80.0,1005.0,AWS004,Chennai,13.0827,80.2707,False,3,5,7
2026-07-11 04:00:00,27.2,80.0,1005.1,AWS004,Chennai,13.0827,80.2707,False,4,5,7
2026-07-11 05:00:00,27.9,78.0,1005.5,AWS004,Chennai,13.0827,80.2707,False,5,5,7
2026-07-11 06:00:00,28.0,78.0,1006.4,AWS004,Chennai,13.0827,80.2707,False,6,5,7
2026-07-11 07:00:00,29.4,73.0,1007.1,AWS004,Chennai,13.0827,80.2707,False,7,5,7
2026-07-11 08:00:00,31.1,63.0,1007.3,AWS004,Chennai,13.0827,80.2707,False,8,5,7
2026-07-11 09:00:00,32.5,56.0,1007.1,AWS004,Chennai,13.0827,80.2707,False,9,5,7
2026-07-11 10:00:00,33.8,51.0,1006.7,AWS004,Chennai,13.0827,80.2707,False,10,5,7
2026-07-11 11:00:00,35.1,47.0,1005.8,AWS004,Chennai,13.0827,80.2707,False,11,5,7
2026-07-11 12:00:00,35.8,43.0,1005.1,AWS004,Chennai,13.0827,80.2707,False,12,5,7
2026-07-11 13:00:00,36.5,41.0,1004.2,AWS004,Chennai,13.0827,80.2707,False,13,5,7
2026-07-11 14:00:00,37.3,38.0,1002.9,AWS004,Chennai,13.0827,80.2707,False,14,5,7
2026-07-11 15:00:00,37.1,39.0,1002.6,AWS004,Chennai,13.0827,80.2707,False,15,5,7
2026-07-11 16:00:00,36.0,42.0,1002.3,AWS004,Chennai,13.0827,80.2707,False,16,5,7
2026-07-11 17:00:00,33.2,65.0,1002.3,AWS004,Chennai,13.0827,80.2707,False,17,5,7
2026-07-11 18:00:00,32.0,64.0,1002.8,AWS004,Chennai,13.0827,80.2707,False,18,5,7
2026-07-11 19:00:00,31.3,66.0,1003.6,AWS004,Chennai,13.0827,80.2707,False,19,5,7
2026-07-11 20:00:00,30.8,72.0,1004.7,AWS004,Chennai,13.0827,80.2707,False,20,5,7
2026-07-11 21:00:00,30.4,77.0,1005.4,AWS004,Chennai,13.0827,80.2707,False,21,5,7
2026-07-11 22:00:00,30.1,79.0,1005.3,AWS004,Chennai,13.0827,80.2707,False,22,5,7
2026-07-11 23:00:00,30.4,77.0,1004.7,AWS004,Chennai,13.0827,80.2707,False,23,5,7
2026-07-12 00:00:00,30.1,79.0,1004.0,AWS004,Chennai,13.0827,80.2707,False,0,6,7
2026-07-12 01:00:00,29.7,80.0,1003.0,AWS004,Chennai,13.0827,80.2707,False,1,6,7
2026-07-12 02:00:00,29.5,79.0,1002.5,AWS004,Chennai,13.0827,80.2707,False,2,6,7
2026-07-12 03:00:00,29.4,75.0,1002.5,AWS004,Chennai,13.0827,80.2707,False,3,6,7
2026-07-12 04:00:00,29.4,68.0,1002.6,AWS004,Chennai,13.0827,80.2707,False,4,6,7
2026-07-12 05:00:00,29.9,66.0,1002.5,AWS004,Chennai,13.0827,80.2707,False,5,6,7
2026-07-12 06:00:00,30.0,65.0,1003.0,AWS004,Chennai,13.0827,80.2707,False,6,6,7
2026-07-12 07:00:00,31.0,61.0,1003.8,AWS004,Chennai,13.0827,80.2707,False,7,6,7
2026-07-12 08:00:00,32.3,54.0,1004.2,AWS004,Chennai,13.0827,80.2707,False,8,6,7
2026-07-12 09:00:00,33.6,49.0,1004.3,AWS004,Chennai,13.0827,80.2707,False,9,6,7
2026-07-12 10:00:00,35.2,43.0,1004.4,AWS004,Chennai,13.0827,80.2707,False,10,6,7
2026-07-12 11:00:00,36.7,39.0,1003.7,AWS004,Chennai,13.0827,80.2707,False,11,6,7
2026-07-12 12:00:00,37.1,37.0,1003.1,AWS004,Chennai,13.0827,80.2707,False,12,6,7
2026-07-12 13:00:00,37.1,38.0,1002.3,AWS004,Chennai,13.0827,80.2707,False,13,6,7
2026-07-12 14:00:00,36.3,43.0,1001.1,AWS004,Chennai,13.0827,80.2707,False,14,6,7
2026-07-12 15:00:00,35.1,52.0,1000.9,AWS004,Chennai,13.0827,80.2707,False,15,6,7
2026-07-12 16:00:00,34.4,56.0,1000.8,AWS004,Chennai,13.0827,80.2707,False,16,6,7
2026-07-12 17:00:00,33.3,61.0,1001.0,AWS004,Chennai,13.0827,80.2707,False,17,6,7
2026-07-12 18:00:00,32.2,68.0,1001.5,AWS004,Chennai,13.0827,80.2707,False,18,6,7
2026-07-12 19:00:00,31.7,71.0,1002.4,AWS004,Chennai,13.0827,80.2707,False,19,6,7
2026-07-12 20:00:00,31.2,75.0,1003.2,AWS004,Chennai,13.0827,80.2707,False,20,6,7
2026-07-12 21:00:00,30.9,80.0,1003.7,AWS004,Chennai,13.0827,80.2707,False,21,6,7
2026-07-12 22:00:00,30.6,81.0,1004.0,AWS004,Chennai,13.0827,80.2707,False,22,6,7
2026-07-12 23:00:00,30.7,79.0,1003.6,AWS004,Chennai,13.0827,80.2707,False,23,6,7
2026-07-13 00:00:00,30.3,79.0,1002.8,AWS004,Chennai,13.0827,80.2707,False,0,0,7
2026-07-13 01:00:00,30.3,75.0,1002.1,AWS004,Chennai,13.0827,80.2707,False,1,0,7
2026-07-13 02:00:00,30.1,71.0,1001.6,AWS004,Chennai,13.0827,80.2707,False,2,0,7
2026-07-13 03:00:00,29.8,69.0,1001.8,AWS004,Chennai,13.0827,80.2707,False,3,0,7
2026-07-13 04:00:00,29.6,73.0,1002.0,AWS004,Chennai,13.0827,80.2707,False,4,0,7
2026-07-13 05:00:00,31.1,53.0,1002.5,AWS004,Chennai,13.0827,80.2707,False,5,0,7
2026-07-13 06:00:00,30.7,53.0,1003.5,AWS004,Chennai,13.0827,80.2707,False,6,0,7
2026-07-13 07:00:00,31.5,50.0,1004.2,AWS004,Chennai,13.0827,80.2707,False,7,0,7
2026-07-13 08:00:00,32.6,47.0,1004.7,AWS004,Chennai,13.0827,80.2707,False,8,0,7
2026-07-13 09:00:00,33.9,45.0,1004.8,AWS004,Chennai,13.0827,80.2707,False,9,0,7
2026-07-13 10:00:00,35.4,41.0,1004.7,AWS004,Chennai,13.0827,80.2707,False,10,0,7
2026-07-13 11:00:00,37.1,36.0,1004.5,AWS004,Chennai,13.0827,80.2707,False,11,0,7
2026-07-13 12:00:00,37.9,33.0,1003.9,AWS004,Chennai,13.0827,80.2707,False,12,0,7
2026-07-13 13:00:00,38.7,31.0,1003.1,AWS004,Chennai,13.0827,80.2707,False,13,0,7
2026-07-13 14:00:00,37.9,32.0,1002.1,AWS004,Chennai,13.0827,80.2707,False,14,0,7
2026-07-13 15:00:00,36.1,41.0,1001.5,AWS004,Chennai,13.0827,80.2707,False,15,0,7
2026-07-13 16:00:00,35.3,45.0,1001.0,AWS004,Chennai,13.0827,80.2707,False,16,0,7
2026-07-13 17:00:00,33.7,57.0,1001.4,AWS004,Chennai,13.0827,80.2707,False,17,0,7
2026-07-13 18:00:00,32.4,59.0,1002.1,AWS004,Chennai,13.0827,80.2707,False,18,0,7
2026-07-13 19:00:00,32.0,65.0,1002.8,AWS004,Chennai,13.0827,80.2707,False,19,0,7
2026-07-13 20:00:00,31.8,67.0,1003.6,AWS004,Chennai,13.0827,80.2707,False,20,0,7
2026-07-13 21:00:00,31.5,66.0,1004.2,AWS004,Chennai,13.0827,80.2707,False,21,0,7
2026-07-13 22:00:00,31.1,68.0,1004.4,AWS004,Chennai,13.0827,80.2707,False,22,0,7
2026-07-13 23:00:00,31.3,71.0,1003.5,AWS004,Chennai,13.0827,80.2707,False,23,0,7
2026-07-14 00:00:00,30.8,72.0,1002.9,AWS004,Chennai,13.0827,80.2707,False,0,1,7
2026-07-14 01:00:00,30.4,75.0,1002.2,AWS004,Chennai,13.0827,80.2707,False,1,1,7
2026-07-14 02:00:00,30.2,74.0,1001.8,AWS004,Chennai,13.0827,80.2707,False,2,1,7
2026-07-14 03:00:00,30.1,72.0,1001.5,AWS004,Chennai,13.0827,80.2707,False,3,1,7
2026-07-14 04:00:00,30.3,63.0,1001.8,AWS004,Chennai,13.0827,80.2707,False,4,1,7
2026-07-14 05:00:00,31.1,53.0,1002.4,AWS004,Chennai,13.0827,80.2707,False,5,1,7
2026-07-14 06:00:00,30.6,54.0,1003.2,AWS004,Chennai,13.0827,80.2707,False,6,1,7
2026-07-14 07:00:00,31.7,50.0,1003.9,AWS004,Chennai,13.0827,80.2707,False,7,1,7
2026-07-14 08:00:00,32.9,47.0,1004.3,AWS004,Chennai,13.0827,80.2707,False,8,1,7
2026-07-14 09:00:00,34.5,43.0,1004.5,AWS004,Chennai,13.0827,80.2707,False,9,1,7
2026-07-14 10:00:00,35.8,40.0,1004.4,AWS004,Chennai,13.0827,80.2707,False,10,1,7
2026-07-14 11:00:00,37.4,37.0,1003.9,AWS004,Chennai,13.0827,80.2707,False,11,1,7
2026-07-14 12:00:00,37.4,38.0,1003.2,AWS004,Chennai,13.0827,80.2707,False,12,1,7
2026-07-14 13:00:00,37.4,40.0,1002.7,AWS004,Chennai,13.0827,80.2707,False,13,1,7
2026-07-14 14:00:00,36.4,44.0,1001.8,AWS004,Chennai,13.0827,80.2707,False,14,1,7
2026-07-14 15:00:00,35.1,50.0,1001.6,AWS004,Chennai,13.0827,80.2707,False,15,1,7
2026-07-14 16:00:00,34.8,50.0,1001.7,AWS004,Chennai,13.0827,80.2707,False,16,1,7
2026-07-14 17:00:00,34.5,48.0,1001.7,AWS004,Chennai,13.0827,80.2707,False,17,1,7
2026-07-14 18:00:00,33.7,53.0,1002.5,AWS004,Chennai,13.0827,80.2707,False,18,1,7
2026-07-14 19:00:00,33.0,59.0,1003.4,AWS004,Chennai,13.0827,80.2707,False,19,1,7
2026-07-14 20:00:00,32.5,57.0,1004.1,AWS004,Chennai,13.0827,80.2707,False,20,1,7
2026-07-14 21:00:00,32.0,60.0,1004.7,AWS004,Chennai,13.0827,80.2707,False,21,1,7
2026-07-14 22:00:00,31.2,69.0,1005.2,AWS004,Chennai,13.0827,80.2707,False,22,1,7
2026-07-14 23:00:00,30.9,73.0,1004.6,AWS004,Chennai,13.0827,80.2707,False,23,1,7
2026-07-15 00:00:00,30.5,73.0,1004.2,AWS004,Chennai,13.0827,80.2707,False,0,2,7
2026-07-15 01:00:00,30.0,75.0,1003.8,AWS004,Chennai,13.0827,80.2707,False,1,2,7
2026-07-15 02:00:00,29.5,78.0,1003.2,AWS004,Chennai,13.0827,80.2707,False,2,2,7
2026-07-15 03:00:00,29.4,76.0,1003.3,AWS004,Chennai,13.0827,80.2707,False,3,2,7
2026-07-15 04:00:00,29.1,74.0,1003.4,AWS004,Chennai,13.0827,80.2707,False,4,2,7
2026-07-15 05:00:00,29.3,73.0,1003.8,AWS004,Chennai,13.0827,80.2707,False,5,2,7
2026-07-15 06:00:00,29.1,74.0,1004.5,AWS004,Chennai,13.0827,80.2707,False,6,2,7
2026-07-15 07:00:00,30.4,68.0,1004.8,AWS004,Chennai,13.0827,80.2707,False,7,2,7
2026-07-15 08:00:00,32.6,54.0,1005.3,AWS004,Chennai,13.0827,80.2707,False,8,2,7
2026-07-15 09:00:00,34.5,45.0,1005.6,AWS004,Chennai,13.0827,80.2707,False,9,2,7
2026-07-15 10:00:00,36.1,40.0,1005.7,AWS004,Chennai,13.0827,80.2707,False,10,2,7
2026-07-15 11:00:00,37.8,37.0,1005.0,AWS004,Chennai,13.0827,80.2707,False,11,2,7
2026-07-15 12:00:00,38.2,34.0,1004.5,AWS004,Chennai,13.0827,80.2707,False,12,2,7
2026-07-15 13:00:00,37.7,33.0,1004.1,AWS004,Chennai,13.0827,80.2707,False,13,2,7
2026-07-15 14:00:00,36.6,40.0,1003.3,AWS004,Chennai,13.0827,80.2707,False,14,2,7
2026-07-15 15:00:00,35.9,45.0,1002.9,AWS004,Chennai,13.0827,80.2707,False,15,2,7
2026-07-15 16:00:00,35.3,48.0,1002.9,AWS004,Chennai,13.0827,80.2707,False,16,2,7
2026-07-15 17:00:00,34.1,57.0,1003.0,AWS004,Chennai,13.0827,80.2707,False,17,2,7
2026-07-15 18:00:00,33.2,59.0,1003.5,AWS004,Chennai,13.0827,80.2707,False,18,2,7
2026-07-15 19:00:00,32.2,67.0,1004.1,AWS004,Chennai,13.0827,80.2707,False,19,2,7
2026-07-15 20:00:00,31.8,68.0,1004.6,AWS004,Chennai,13.0827,80.2707,False,20,2,7
2026-07-15 21:00:00,31.5,72.0,1005.1,AWS004,Chennai,13.0827,80.2707,False,21,2,7
2026-07-15 22:00:00,30.9,75.0,1005.6,AWS004,Chennai,13.0827,80.2707,False,22,2,7
2026-07-15 23:00:00,30.4,80.0,1005.0,AWS004,Chennai,13.0827,80.2707,False,23,2,7
2026-07-16 00:00:00,30.0,79.0,1004.6,AWS004,Chennai,13.0827,80.2707,False,0,3,7
2026-07-16 01:00:00,29.7,77.0,1004.5,AWS004,Chennai,13.0827,80.2707,False,1,3,7
2026-07-16 02:00:00,29.6,73.0,1004.5,AWS004,Chennai,13.0827,80.2707,False,2,3,7
2026-07-16 03:00:00,29.4,69.0,1004.7,AWS004,Chennai,13.0827,80.2707,False,3,3,7
2026-07-16 04:00:00,29.0,69.0,1005.0,AWS004,Chennai,13.0827,80.2707,False,4,3,7
2026-07-16 05:00:00,29.4,71.0,1005.1,AWS004,Chennai,13.0827,80.2707,False,5,3,7
2026-07-16 06:00:00,29.4,69.0,1005.9,AWS004,Chennai,13.0827,80.2707,False,6,3,7
2026-07-16 07:00:00,31.1,58.0,1006.5,AWS004,Chennai,13.0827,80.2707,False,7,3,7
2026-07-16 08:00:00,33.0,44.0,1006.7,AWS004,Chennai,13.0827,80.2707,False,8,3,7
2026-07-16 09:00:00,34.1,41.0,1007.1,AWS004,Chennai,13.0827,80.2707,False,9,3,7
2026-07-16 10:00:00,35.4,37.0,1006.8,AWS004,Chennai,13.0827,80.2707,False,10,3,7
2026-07-16 11:00:00,37.0,33.0,1005.8,AWS004,Chennai,13.0827,80.2707,False,11,3,7
2026-07-16 12:00:00,37.6,31.0,1005.3,AWS004,Chennai,13.0827,80.2707,False,12,3,7
2026-07-16 13:00:00,38.2,28.0,1004.5,AWS004,Chennai,13.0827,80.2707,False,13,3,7
2026-07-16 14:00:00,38.0,28.0,1003.7,AWS004,Chennai,13.0827,80.2707,False,14,3,7
2026-07-16 15:00:00,37.3,29.0,1003.5,AWS004,Chennai,13.0827,80.2707,False,15,3,7
2026-07-16 16:00:00,36.3,33.0,1003.3,AWS004,Chennai,13.0827,80.2707,False,16,3,7
2026-07-16 17:00:00,33.2,55.0,1003.5,AWS004,Chennai,13.0827,80.2707,False,17,3,7
2026-07-16 18:00:00,32.1,60.0,1004.1,AWS004,Chennai,13.0827,80.2707,False,18,3,7
2026-07-16 19:00:00,31.5,68.0,1004.5,AWS004,Chennai,13.0827,80.2707,False,19,3,7
2026-07-16 20:00:00,31.3,68.0,1005.6,AWS004,Chennai,13.0827,80.2707,False,20,3,7
2026-07-16 21:00:00,30.9,70.0,1006.0,AWS004,Chennai,13.0827,80.2707,False,21,3,7
2026-07-16 22:00:00,30.4,75.0,1006.3,AWS004,Chennai,13.0827,80.2707,False,22,3,7
2026-07-16 23:00:00,30.4,75.0,1006.0,AWS004,Chennai,13.0827,80.2707,False,23,3,7
2026-07-17 00:00:00,30.2,78.0,1005.4,AWS004,Chennai,13.0827,80.2707,False,0,4,7
2026-07-17 01:00:00,30.2,77.0,1004.8,AWS004,Chennai,13.0827,80.2707,False,1,4,7
2026-07-17 02:00:00,30.4,70.0,1004.5,AWS004,Chennai,13.0827,80.2707,False,2,4,7
2026-07-17 03:00:00,30.0,68.0,1004.5,AWS004,Chennai,13.0827,80.2707,False,3,4,7
2026-07-17 04:00:00,29.6,66.0,1004.5,AWS004,Chennai,13.0827,80.2707,False,4,4,7
2026-07-17 05:00:00,29.6,65.0,1005.1,AWS004,Chennai,13.0827,80.2707,False,5,4,7
2026-07-17 06:00:00,29.4,65.0,1005.9,AWS004,Chennai,13.0827,80.2707,False,6,4,7
2026-07-17 07:00:00,30.7,57.0,1006.4,AWS004,Chennai,13.0827,80.2707,False,7,4,7
2026-07-17 08:00:00,32.3,49.0,1006.6,AWS004,Chennai,13.0827,80.2707,False,8,4,7
2026-07-17 09:00:00,34.0,43.0,1006.9,AWS004,Chennai,13.0827,80.2707,False,9,4,7
2026-07-17 10:00:00,35.3,41.0,1006.8,AWS004,Chennai,13.0827,80.2707,False,10,4,7
2026-07-17 11:00:00,36.0,38.0,1006.0,AWS004,Chennai,13.0827,80.2707,False,11,4,7
2026-07-17 12:00:00,36.5,38.0,1005.6,AWS004,Chennai,13.0827,80.2707,False,12,4,7
2026-07-17 13:00:00,37.3,35.0,1004.9,AWS004,Chennai,13.0827,80.2707,False,13,4,7
2026-07-17 14:00:00,37.1,34.0,1003.9,AWS004,Chennai,13.0827,80.2707,False,14,4,7
2026-07-17 15:00:00,35.3,43.0,1003.5,AWS004,Chennai,13.0827,80.2707,False,15,4,7
2026-07-17 16:00:00,32.5,58.0,1003.4,AWS004,Chennai,13.0827,80.2707,False,16,4,7
2026-07-17 17:00:00,31.5,64.0,1004.5,AWS004,Chennai,13.0827,80.2707,False,17,4,7
2026-07-17 18:00:00,30.5,67.0,1005.1,AWS004,Chennai,13.0827,80.2707,False,18,4,7
2026-07-17 19:00:00,30.0,67.0,1005.2,AWS004,Chennai,13.0827,80.2707,False,19,4,7
2026-07-17 20:00:00,28.8,79.0,1006.7,AWS004,Chennai,13.0827,80.2707,False,20,4,7
2026-07-17 21:00:00,28.9,80.0,1007.6,AWS004,Chennai,13.0827,80.2707,False,21,4,7
2026-07-17 22:00:00,27.3,79.0,1007.9,AWS004,Chennai,13.0827,80.2707,False,22,4,7
2026-07-17 23:00:00,27.6,85.0,1006.7,AWS004,Chennai,13.0827,80.2707,False,23,4,7
2026-07-18 00:00:00,27.1,87.0,1006.6,AWS004,Chennai,13.0827,80.2707,False,0,5,7
2026-07-18 01:00:00,26.1,89.0,1006.4,AWS004,Chennai,13.0827,80.2707,False,1,5,7
2026-07-18 02:00:00,25.9,88.0,1005.8,AWS004,Chennai,13.0827,80.2707,False,2,5,7
2026-07-18 03:00:00,26.0,89.0,1005.3,AWS004,Chennai,13.0827,80.2707,False,3,5,7
2026-07-18 04:00:00,25.9,90.0,1005.7,AWS004,Chennai,13.0827,80.2707,False,4,5,7
2026-07-18 05:00:00,27.3,93.0,1005.4,AWS004,Chennai,13.0827,80.2707,False,5,5,7
2026-07-18 06:00:00,27.2,94.0,1005.9,AWS004,Chennai,13.0827,80.2707,False,6,5,7
2026-07-18 07:00:00,28.0,86.0,1006.8,AWS004,Chennai,13.0827,80.2707,False,7,5,7
2026-07-18 08:00:00,28.9,78.0,1007.2,AWS004,Chennai,13.0827,80.2707,False,8,5,7
2026-07-18 09:00:00,30.3,67.0,1007.4,AWS004,Chennai,13.0827,80.2707,False,9,5,7
2026-07-18 10:00:00,30.6,62.0,1007.0,AWS004,Chennai,13.0827,80.2707,False,10,5,7
2026-07-18 11:00:00,30.9,63.0,1006.6,AWS004,Chennai,13.0827,80.2707,False,11,5,7
2026-07-18 12:00:00,31.8,59.0,1005.6,AWS004,Chennai,13.0827,80.2707,False,12,5,7
2026-07-18 13:00:00,32.4,55.0,1005.2,AWS004,Chennai,13.0827,80.2707,False,13,5,7
2026-07-18 14:00:00,31.9,58.0,1004.0,AWS004,Chennai,13.0827,80.2707,False,14,5,7
2026-07-18 15:00:00,30.4,73.0,1003.8,AWS004,Chennai,13.0827,80.2707,False,15,5,7
2026-07-18 16:00:00,28.9,83.0,1003.9,AWS004,Chennai,13.0827,80.2707,False,16,5,7
2026-07-18 17:00:00,30.2,70.0,1003.9,AWS004,Chennai,13.0827,80.2707,False,17,5,7
2026-07-18 18:00:00,29.9,75.0,1004.7,AWS004,Chennai,13.0827,80.2707,False,18,5,7
2026-07-18 19:00:00,29.4,80.0,1005.2,AWS004,Chennai,13.0827,80.2707,False,19,5,7
2026-07-18 20:00:00,29.4,76.0,1005.9,AWS004,Chennai,13.0827,80.2707,False,20,5,7
2026-07-18 21:00:00,29.2,75.0,1006.4,AWS004,Chennai,13.0827,80.2707,False,21,5,7
2026-07-18 22:00:00,28.7,77.0,1006.8,AWS004,Chennai,13.0827,80.2707,False,22,5,7
2026-07-18 23:00:00,29.2,69.0,1006.1,AWS004,Chennai,13.0827,80.2707,False,23,5,7
2026-07-19 00:00:00,28.1,72.0,1005.7,AWS004,Chennai,13.0827,80.2707,False,0,6,7
2026-07-19 01:00:00,25.3,87.0,1005.6,AWS004,Chennai,13.0827,80.2707,False,1,6,7
2026-07-19 02:00:00,24.8,91.0,1005.7,AWS004,Chennai,13.0827,80.2707,False,2,6,7
2026-07-19 03:00:00,25.4,88.0,1005.7,AWS004,Chennai,13.0827,80.2707,False,3,6,7
2026-07-19 04:00:00,25.6,88.0,1005.7,AWS004,Chennai,13.0827,80.2707,False,4,6,7
2026-07-19 05:00:00,26.7,85.0,1006.0,AWS004,Chennai,13.0827,80.2707,False,5,6,7
2026-07-19 06:00:00,26.6,85.0,1006.2,AWS004,Chennai,13.0827,80.2707,False,6,6,7
2026-07-19 07:00:00,27.4,82.0,1006.4,AWS004,Chennai,13.0827,80.2707,False,7,6,7
2026-07-19 08:00:00,28.6,78.0,1006.7,AWS004,Chennai,13.0827,80.2707,False,8,6,7
2026-07-19 09:00:00,30.2,69.0,1006.9,AWS004,Chennai,13.0827,80.2707,False,9,6,7
2026-07-19 10:00:00,31.8,60.0,1006.5,AWS004,Chennai,13.0827,80.2707,False,10,6,7
2026-07-19 11:00:00,33.1,53.0,1005.6,AWS004,Chennai,13.0827,80.2707,False,11,6,7
2026-07-19 12:00:00,33.4,53.0,1005.3,AWS004,Chennai,13.0827,80.2707,False,12,6,7
2026-07-19 13:00:00,32.3,61.0,1004.8,AWS004,Chennai,13.0827,80.2707,False,13,6,7
2026-07-19 14:00:00,30.3,73.0,1004.3,AWS004,Chennai,13.0827,80.2707,False,14,6,7
2026-07-19 15:00:00,30.1,73.0,1003.6,AWS004,Chennai,13.0827,80.2707,False,15,6,7
2026-07-19 16:00:00,30.3,70.0,1002.9,AWS004,Chennai,13.0827,80.2707,False,16,6,7
2026-07-19 17:00:00,29.0,82.0,1004.3,AWS004,Chennai,13.0827,80.2707,False,17,6,7
2026-07-19 18:00:00,29.3,81.0,1004.1,AWS004,Chennai,13.0827,80.2707,False,18,6,7
2026-07-19 19:00:00,29.5,79.0,1004.6,AWS004,Chennai,13.0827,80.2707,False,19,6,7
2026-07-19 20:00:00,29.5,78.0,1005.8,AWS004,Chennai,13.0827,80.2707,False,20,6,7
2026-07-19 21:00:00,29.3,81.0,1006.4,AWS004,Chennai,13.0827,80.2707,False,21,6,7
2026-07-19 22:00:00,29.1,80.0,1006.7,AWS004,Chennai,13.0827,80.2707,False,22,6,7
2026-07-19 23:00:00,29.6,80.0,1005.8,AWS004,Chennai,13.0827,80.2707,False,23,6,7
2026-07-20 00:00:00,29.4,77.0,1005.6,AWS004,Chennai,13.0827,80.2707,False,0,0,7
2026-07-20 01:00:00,25.5,94.0,1006.5,AWS004,Chennai,13.0827,80.2707,False,1,0,7
2026-07-20 02:00:00,25.6,93.0,1005.1,AWS004,Chennai,13.0827,80.2707,False,2,0,7
2026-07-20 03:00:00,25.9,93.0,1005.3,AWS004,Chennai,13.0827,80.2707,False,3,0,7
2026-07-20 04:00:00,26.3,92.0,1005.6,AWS004,Chennai,13.0827,80.2707,False,4,0,7
2026-07-20 05:00:00,27.4,94.0,1005.5,AWS004,Chennai,13.0827,80.2707,False,5,0,7
2026-07-20 06:00:00,27.3,92.0,1005.9,AWS004,Chennai,13.0827,80.2707,False,6,0,7
2026-07-20 07:00:00,28.1,90.0,1006.6,AWS004,Chennai,13.0827,80.2707,False,7,0,7
2026-07-20 08:00:00,29.2,78.0,1006.7,AWS004,Chennai,13.0827,80.2707,False,8,0,7
2026-07-20 09:00:00,30.2,69.0,1007.2,AWS004,Chennai,13.0827,80.2707,False,9,0,7
2026-07-20 10:00:00,31.0,63.0,1007.2,AWS004,Chennai,13.0827,80.2707,False,10,0,7
2026-07-20 11:00:00,32.0,58.0,1006.3,AWS004,Chennai,13.0827,80.2707,False,11,0,7
2026-07-20 12:00:00,32.5,57.0,1006.0,AWS004,Chennai,13.0827,80.2707,False,12,0,7
2026-07-20 13:00:00,32.8,57.0,1005.3,AWS004,Chennai,13.0827,80.2707,False,13,0,7
2026-07-20 14:00:00,33.0,57.0,1004.2,AWS004,Chennai,13.0827,80.2707,False,14,0,7
2026-07-20 15:00:00,30.7,68.0,1003.9,AWS004,Chennai,13.0827,80.2707,False,15,0,7
2026-07-20 16:00:00,31.8,63.0,1003.6,AWS004,Chennai,13.0827,80.2707,False,16,0,7
2026-07-20 17:00:00,31.4,70.0,1003.9,AWS004,Chennai,13.0827,80.2707,False,17,0,7
2026-07-20 18:00:00,29.9,77.0,1004.6,AWS004,Chennai,13.0827,80.2707,False,18,0,7
2026-07-20 19:00:00,29.7,74.0,1005.4,AWS004,Chennai,13.0827,80.2707,False,19,0,7
2026-07-20 20:00:00,29.6,76.0,1006.5,AWS004,Chennai,13.0827,80.2707,False,20,0,7
2026-07-20 21:00:00,29.4,78.0,1007.3,AWS004,Chennai,13.0827,80.2707,False,21,0,7
2026-07-20 22:00:00,28.8,81.0,1007.7,AWS004,Chennai,13.0827,80.2707,False,22,0,7
2026-07-20 23:00:00,29.0,84.0,1006.9,AWS004,Chennai,13.0827,80.2707,False,23,0,7
2026-07-21 00:00:00,28.8,86.0,1006.3,AWS004,Chennai,13.0827,80.2707,False,0,1,7
2026-07-21 01:00:00,27.7,89.0,1006.2,AWS004,Chennai,13.0827,80.2707,False,1,1,7
2026-07-21 02:00:00,27.4,89.0,1005.7,AWS004,Chennai,13.0827,80.2707,False,2,1,7
2026-07-21 03:00:00,27.4,90.0,1005.7,AWS004,Chennai,13.0827,80.2707,False,3,1,7
2026-07-21 04:00:00,27.3,91.0,1005.9,AWS004,Chennai,13.0827,80.2707,False,4,1,7
2026-07-21 05:00:00,27.4,92.0,1005.8,AWS004,Chennai,13.0827,80.2707,False,5,1,7
2026-07-21 06:00:00,27.6,90.0,1006.3,AWS004,Chennai,13.0827,80.2707,False,6,1,7
2026-07-21 07:00:00,28.7,84.0,1007.1,AWS004,Chennai,13.0827,80.2707,False,7,1,7
2026-07-21 08:00:00,29.5,76.0,1007.2,AWS004,Chennai,13.0827,80.2707,False,8,1,7
2026-07-21 09:00:00,30.7,62.0,1007.5,AWS004,Chennai,13.0827,80.2707,False,9,1,7
2026-07-21 10:00:00,31.5,59.0,1007.1,AWS004,Chennai,13.0827,80.2707,False,10,1,7
2026-07-21 11:00:00,32.4,57.0,1006.5,AWS004,Chennai,13.0827,80.2707,False,11,1,7
2026-07-21 12:00:00,33.2,54.0,1006.3,AWS004,Chennai,13.0827,80.2707,False,12,1,7
2026-07-21 13:00:00,33.8,53.0,1005.5,AWS004,Chennai,13.0827,80.2707,False,13,1,7
2026-07-21 14:00:00,34.2,53.0,1004.3,AWS004,Chennai,13.0827,80.2707,False,14,1,7
2026-07-21 15:00:00,32.3,60.0,1004.1,AWS004,Chennai,13.0827,80.2707,False,15,1,7
2026-07-21 16:00:00,32.3,62.0,1003.9,AWS004,Chennai,13.0827,80.2707,False,16,1,7
2026-07-21 17:00:00,31.7,64.0,1004.1,AWS004,Chennai,13.0827,80.2707,False,17,1,7
2026-07-21 18:00:00,31.2,67.0,1004.6,AWS004,Chennai,13.0827,80.2707,False,18,1,7
2026-07-21 19:00:00,30.8,70.0,1005.3,AWS004,Chennai,13.0827,80.2707,False,19,1,7
2026-07-21 20:00:00,30.3,71.0,1006.1,AWS004,Chennai,13.0827,80.2707,False,20,1,7
2026-07-21 21:00:00,29.8,74.0,1006.6,AWS004,Chennai,13.0827,80.2707,False,21,1,7
2026-07-21 22:00:00,29.4,84.0,1007.0,AWS004,Chennai,13.0827,80.2707,False,22,1,7
2026-07-21 23:00:00,29.6,80.0,1006.7,AWS004,Chennai,13.0827,80.2707,False,23,1,7
2026-07-22 00:00:00,29.2,78.0,1006.6,AWS004,Chennai,13.0827,80.2707,False,0,2,7
2026-07-22 01:00:00,28.5,80.0,1006.0,AWS004,Chennai,13.0827,80.2707,False,1,2,7
2026-07-22 02:00:00,28.4,79.0,1005.7,AWS004,Chennai,13.0827,80.2707,False,2,2,7
2026-07-22 03:00:00,28.1,77.0,1005.6,AWS004,Chennai,13.0827,80.2707,False,3,2,7
2026-07-22 04:00:00,27.8,77.0,1005.8,AWS004,Chennai,13.0827,80.2707,False,4,2,7
2026-07-22 05:00:00,28.1,78.0,1005.6,AWS004,Chennai,13.0827,80.2707,False,5,2,7
2026-07-22 06:00:00,28.0,78.0,1006.0,AWS004,Chennai,13.0827,80.2707,False,6,2,7
2026-07-22 07:00:00,29.1,72.0,1006.7,AWS004,Chennai,13.0827,80.2707,False,7,2,7
2026-07-22 08:00:00,30.6,61.0,1006.9,AWS004,Chennai,13.0827,80.2707,False,8,2,7
2026-07-22 09:00:00,31.5,56.0,1007.0,AWS004,Chennai,13.0827,80.2707,False,9,2,7
2026-07-22 10:00:00,32.5,54.0,1006.7,AWS004,Chennai,13.0827,80.2707,False,10,2,7
2026-07-22 11:00:00,33.5,51.0,1006.7,AWS004,Chennai,13.0827,80.2707,False,11,2,7
2026-07-22 12:00:00,34.4,49.0,1006.0,AWS004,Chennai,13.0827,80.2707,False,12,2,7
2026-07-22 13:00:00,35.5,44.0,1005.2,AWS004,Chennai,13.0827,80.2707,False,13,2,7
2026-07-22 14:00:00,34.9,45.0,1004.2,AWS004,Chennai,13.0827,80.2707,False,14,2,7
2026-07-22 15:00:00,34.1,52.0,1003.7,AWS004,Chennai,13.0827,80.2707,False,15,2,7
2026-07-22 16:00:00,32.5,67.0,1003.8,AWS004,Chennai,13.0827,80.2707,False,16,2,7
2026-07-22 17:00:00,30.7,72.0,1004.3,AWS004,Chennai,13.0827,80.2707,False,17,2,7
2026-07-22 18:00:00,30.5,72.0,1005.1,AWS004,Chennai,13.0827,80.2707,False,18,2,7
2026-07-22 19:00:00,30.2,76.0,1006.0,AWS004,Chennai,13.0827,80.2707,False,19,2,7
2026-07-22 20:00:00,30.0,77.0,1007.3,AWS004,Chennai,13.0827,80.2707,False,20,2,7
2026-07-22 21:00:00,26.2,91.0,1008.9,AWS004,Chennai,13.0827,80.2707,False,21,2,7
2026-07-22 22:00:00,26.2,96.0,1008.3,AWS004,Chennai,13.0827,80.2707,False,22,2,7
2026-07-22 23:00:00,28.0,87.0,1007.4,AWS004,Chennai,13.0827,80.2707,False,23,2,7
2026-07-23 00:00:00,28.0,86.0,1006.7,AWS004,Chennai,13.0827,80.2707,False,0,3,7
2026-07-23 01:00:00,27.9,85.0,1006.1,AWS004,Chennai,13.0827,80.2707,False,1,3,7
2026-07-23 02:00:00,27.8,86.0,1005.5,AWS004,Chennai,13.0827,80.2707,False,2,3,7
2026-07-23 03:00:00,27.7,86.0,1005.4,AWS004,Chennai,13.0827,80.2707,False,3,3,7
2026-07-23 04:00:00,27.6,85.0,1005.6,AWS004,Chennai,13.0827,80.2707,False,4,3,7
2026-07-23 05:00:00,27.7,81.0,1005.6,AWS004,Chennai,13.0827,80.2707,False,5,3,7
2026-07-23 06:00:00,27.7,82.0,1006.0,AWS004,Chennai,13.0827,80.2707,False,6,3,7
2026-07-23 07:00:00,28.7,80.0,1006.7,AWS004,Chennai,13.0827,80.2707,False,7,3,7
2026-07-23 08:00:00,30.1,74.0,1006.8,AWS004,Chennai,13.0827,80.2707,False,8,3,7
2026-07-23 09:00:00,31.7,61.0,1006.6,AWS004,Chennai,13.0827,80.2707,False,9,3,7
2026-07-23 10:00:00,32.7,54.0,1006.4,AWS004,Chennai,13.0827,80.2707,False,10,3,7
2026-07-23 11:00:00,33.7,51.0,1005.8,AWS004,Chennai,13.0827,80.2707,False,11,3,7
2026-07-23 12:00:00,33.9,50.0,1005.2,AWS004,Chennai,13.0827,80.2707,False,12,3,7
2026-07-23 13:00:00,32.8,65.0,1004.4,AWS004,Chennai,13.0827,80.2707,False,13,3,7
2026-07-23 14:00:00,32.0,69.0,1003.7,AWS004,Chennai,13.0827,80.2707,False,14,3,7
2026-07-23 15:00:00,31.5,69.0,1003.6,AWS004,Chennai,13.0827,80.2707,False,15,3,7
2026-07-23 16:00:00,30.7,71.0,1003.3,AWS004,Chennai,13.0827,80.2707,False,16,3,7
2026-07-23 17:00:00,31.0,74.0,1003.2,AWS004,Chennai,13.0827,80.2707,False,17,3,7
2026-07-23 18:00:00,30.2,80.0,1003.8,AWS004,Chennai,13.0827,80.2707,False,18,3,7
2026-07-23 19:00:00,29.8,82.0,1004.5,AWS004,Chennai,13.0827,80.2707,False,19,3,7
2026-07-23 20:00:00,29.6,82.0,1005.4,AWS004,Chennai,13.0827,80.2707,False,20,3,7
2026-07-23 21:00:00,29.6,79.0,1006.1,AWS004,Chennai,13.0827,80.2707,False,21,3,7
2026-07-23 22:00:00,29.3,79.0,1006.9,AWS004,Chennai,13.0827,80.2707,False,22,3,7
2026-07-23 23:00:00,27.7,88.0,1007.2,AWS004,Chennai,13.0827,80.2707,False,23,3,7
2026-07-24 00:00:00,26.2,90.0,1006.3,AWS004,Chennai,13.0827,80.2707,False,0,4,7
2026-07-24 01:00:00,24.5,93.0,1006.6,AWS004,Chennai,13.0827,80.2707,False,1,4,7
2026-07-24 02:00:00,24.7,93.0,1005.8,AWS004,Chennai,13.0827,80.2707,False,2,4,7
2026-07-24 03:00:00,25.0,88.0,1005.0,AWS004,Chennai,13.0827,80.2707,False,3,4,7
2026-07-24 04:00:00,25.2,88.0,1005.2,AWS004,Chennai,13.0827,80.2707,False,4,4,7
2026-07-24 05:00:00,26.7,86.0,1004.9,AWS004,Chennai,13.0827,80.2707,False,5,4,7
2026-07-24 06:00:00,26.9,86.0,1005.3,AWS004,Chennai,13.0827,80.2707,False,6,4,7
2026-07-24 07:00:00,28.2,83.0,1006.1,AWS004,Chennai,13.0827,80.2707,False,7,4,7
2026-07-24 08:00:00,29.7,75.0,1006.2,AWS004,Chennai,13.0827,80.2707,False,8,4,7
2026-07-24 09:00:00,31.3,65.0,1006.2,AWS004,Chennai,13.0827,80.2707,False,9,4,7
2026-07-24 10:00:00,32.3,61.0,1006.2,AWS004,Chennai,13.0827,80.2707,False,10,4,7
2026-07-24 11:00:00,33.6,55.0,1005.6,AWS004,Chennai,13.0827,80.2707,False,11,4,7
2026-07-24 12:00:00,34.3,52.0,1005.2,AWS004,Chennai,13.0827,80.2707,False,12,4,7
2026-07-24 13:00:00,34.4,50.0,1004.3,AWS004,Chennai,13.0827,80.2707,False,13,4,7
2026-07-24 14:00:00,33.9,54.0,1003.2,AWS004,Chennai,13.0827,80.2707,False,14,4,7
2026-07-24 15:00:00,32.9,65.0,1002.9,AWS004,Chennai,13.0827,80.2707,False,15,4,7
2026-07-24 16:00:00,32.4,70.0,1002.3,AWS004,Chennai,13.0827,80.2707,False,16,4,7
2026-07-24 17:00:00,31.3,72.0,1003.3,AWS004,Chennai,13.0827,80.2707,False,17,4,7
2026-07-24 18:00:00,30.6,77.0,1003.8,AWS004,Chennai,13.0827,80.2707,False,18,4,7
2026-07-24 19:00:00,30.0,81.0,1004.5,AWS004,Chennai,13.0827,80.2707,False,19,4,7
2026-07-24 20:00:00,29.6,83.0,1005.0,AWS004,Chennai,13.0827,80.2707,False,20,4,7
2026-07-24 21:00:00,29.5,83.0,1005.6,AWS004,Chennai,13.0827,80.2707,False,21,4,7
2026-07-24 22:00:00,29.5,82.0,1005.9,AWS004,Chennai,13.0827,80.2707,False,22,4,7
2026-07-24 23:00:00,27.8,87.0,1006.5,AWS004,Chennai,13.0827,80.2707,False,23,4,7
2026-07-25 00:00:00,26.0,95.0,1006.1,AWS004,Chennai,13.0827,80.2707,False,0,5,7
2026-07-25 01:00:00,26.4,92.0,1005.5,AWS004,Chennai,13.0827,80.2707,False,1,5,7
2026-07-25 02:00:00,26.2,92.0,1004.7,AWS004,Chennai,13.0827,80.2707,False,2,5,7
2026-07-25 03:00:00,26.2,91.0,1004.5,AWS004,Chennai,13.0827,80.2707,False,3,5,7
2026-07-25 04:00:00,26.3,89.0,1004.5,AWS004,Chennai,13.0827,80.2707,False,4,5,7
2026-07-25 05:00:00,27.2,84.0,1004.8,AWS004,Chennai,13.0827,80.2707,False,5,5,7
2026-07-25 06:00:00,27.2,85.0,1005.2,AWS004,Chennai,13.0827,80.2707,False,6,5,7
2026-07-25 07:00:00,28.0,83.0,1005.6,AWS004,Chennai,13.0827,80.2707,False,7,5,7
2026-07-25 08:00:00,29.5,77.0,1005.8,AWS004,Chennai,13.0827,80.2707,False,8,5,7
2026-07-25 09:00:00,31.3,65.0,1006.0,AWS004,Chennai,13.0827,80.2707,False,9,5,7
2026-07-25 10:00:00,32.4,56.0,1005.7,AWS004,Chennai,13.0827,80.2707,False,10,5,7
2026-07-25 11:00:00,34.0,49.0,1005.1,AWS004,Chennai,13.0827,80.2707,False,11,5,7
2026-07-25 12:00:00,35.0,47.0,1004.4,AWS004,Chennai,13.0827,80.2707,False,12,5,7
2026-07-25 13:00:00,35.6,44.0,1003.8,AWS004,Chennai,13.0827,80.2707,False,13,5,7
2026-07-25 14:00:00,35.2,43.0,1002.8,AWS004,Chennai,13.0827,80.2707,False,14,5,7
2026-07-25 15:00:00,35.3,43.0,1002.1,AWS004,Chennai,13.0827,80.2707,False,15,5,7
2026-07-25 16:00:00,34.7,45.0,1001.7,AWS004,Chennai,13.0827,80.2707,False,16,5,7
2026-07-25 17:00:00,31.8,69.0,1002.3,AWS004,Chennai,13.0827,80.2707,False,17,5,7
2026-07-25 18:00:00,30.5,76.0,1003.3,AWS004,Chennai,13.0827,80.2707,False,18,5,7
2026-07-25 19:00:00,30.0,74.0,1003.6,AWS004,Chennai,13.0827,80.2707,False,19,5,7
2026-07-25 20:00:00,29.7,79.0,1004.1,AWS004,Chennai,13.0827,80.2707,False,20,5,7
2026-07-25 21:00:00,29.7,80.0,1004.7,AWS004,Chennai,13.0827,80.2707,False,21,5,7
2026-07-25 22:00:00,29.6,78.0,1005.2,AWS004,Chennai,13.0827,80.2707,False,22,5,7
2026-07-25 23:00:00,29.9,81.0,1004.2,AWS004,Chennai,13.0827,80.2707,False,23,5,7
2026-07-26 00:00:00,29.7,81.0,1004.2,AWS004,Chennai,13.0827,80.2707,False,0,6,7
2026-07-26 01:00:00,29.6,77.0,1003.9,AWS004,Chennai,13.0827,80.2707,False,1,6,7
2026-07-26 02:00:00,28.7,80.0,1003.7,AWS004,Chennai,13.0827,80.2707,False,2,6,7
2026-07-26 03:00:00,28.5,82.0,1003.5,AWS004,Chennai,13.0827,80.2707,False,3,6,7
2026-07-26 04:00:00,28.5,81.0,1003.3,AWS004,Chennai,13.0827,80.2707,False,4,6,7
2026-07-26 05:00:00,28.3,80.0,1003.6,AWS004,Chennai,13.0827,80.2707,False,5,6,7
2026-07-26 06:00:00,28.3,77.0,1004.4,AWS004,Chennai,13.0827,80.2707,False,6,6,7
2026-07-26 07:00:00,29.4,73.0,1005.1,AWS004,Chennai,13.0827,80.2707,False,7,6,7
2026-07-26 08:00:00,30.1,65.0,1005.2,AWS004,Chennai,13.0827,80.2707,False,8,6,7
2026-07-26 09:00:00,31.5,59.0,1005.4,AWS004,Chennai,13.0827,80.2707,False,9,6,7
2026-07-26 10:00:00,32.0,57.0,1005.3,AWS004,Chennai,13.0827,80.2707,False,10,6,7
2026-07-26 11:00:00,34.3,50.0,1004.6,AWS004,Chennai,13.0827,80.2707,False,11,6,7
2026-07-26 12:00:00,35.3,45.0,1004.1,AWS004,Chennai,13.0827,80.2707,False,12,6,7
2026-07-26 13:00:00,36.0,43.0,1003.3,AWS004,Chennai,13.0827,80.2707,False,13,6,7
2026-07-26 14:00:00,36.4,42.0,1002.0,AWS004,Chennai,13.0827,80.2707,False,14,6,7
2026-07-26 15:00:00,35.8,45.0,1001.8,AWS004,Chennai,13.0827,80.2707,False,15,6,7
2026-07-26 16:00:00,32.8,55.0,1002.1,AWS004,Chennai,13.0827,80.2707,False,16,6,7
2026-07-26 17:00:00,34.1,47.0,1001.4,AWS004,Chennai,13.0827,80.2707,False,17,6,7
2026-07-26 18:00:00,33.1,53.0,1002.1,AWS004,Chennai,13.0827,80.2707,False,18,6,7
2026-07-26 19:00:00,31.9,61.0,1003.1,AWS004,Chennai,13.0827,80.2707,False,19,6,7
2026-07-26 20:00:00,31.7,63.0,1003.5,AWS004,Chennai,13.0827,80.2707,False,20,6,7
2026-07-26 21:00:00,31.3,65.0,1004.1,AWS004,Chennai,13.0827,80.2707,False,21,6,7
2026-07-26 22:00:00,31.0,67.0,1004.4,AWS004,Chennai,13.0827,80.2707,False,22,6,7
2026-07-26 23:00:00,31.7,65.0,1003.6,AWS004,Chennai,13.0827,80.2707,False,23,6,7
2026-07-27 00:00:00,31.1,66.0,1003.2,AWS004,Chennai,13.0827,80.2707,False,0,0,7
2026-07-27 01:00:00,30.8,66.0,1002.8,AWS004,Chennai,13.0827,80.2707,False,1,0,7
2026-07-27 02:00:00,30.7,61.0,1002.5,AWS004,Chennai,13.0827,80.2707,False,2,0,7
2026-07-27 03:00:00,30.9,53.0,1002.4,AWS004,Chennai,13.0827,80.2707,False,3,0,7
2026-07-27 04:00:00,30.6,53.0,1002.5,AWS004,Chennai,13.0827,80.2707,False,4,0,7
2026-07-27 05:00:00,31.4,51.0,1002.4,AWS004,Chennai,13.0827,80.2707,False,5,0,7
2026-07-27 06:00:00,30.9,53.0,1003.2,AWS004,Chennai,13.0827,80.2707,False,6,0,7
2026-07-27 07:00:00,31.5,52.0,1004.0,AWS004,Chennai,13.0827,80.2707,False,7,0,7
2026-07-27 08:00:00,32.4,50.0,1004.4,AWS004,Chennai,13.0827,80.2707,False,8,0,7
2026-07-27 09:00:00,33.2,48.0,1004.6,AWS004,Chennai,13.0827,80.2707,False,9,0,7
2026-07-27 10:00:00,34.4,45.0,1004.4,AWS004,Chennai,13.0827,80.2707,False,10,0,7
2026-07-27 11:00:00,35.0,43.0,1003.9,AWS004,Chennai,13.0827,80.2707,False,11,0,7
2026-07-27 12:00:00,36.9,41.0,1003.8,AWS004,Chennai,13.0827,80.2707,False,12,0,7
2026-07-27 13:00:00,37.6,39.0,1002.9,AWS004,Chennai,13.0827,80.2707,False,13,0,7
2026-07-27 14:00:00,35.8,43.0,1002.0,AWS004,Chennai,13.0827,80.2707,False,14,0,7
2026-07-27 15:00:00,33.5,53.0,1001.5,AWS004,Chennai,13.0827,80.2707,False,15,0,7
2026-07-27 16:00:00,31.8,60.0,1001.2,AWS004,Chennai,13.0827,80.2707,False,16,0,7
2026-07-27 17:00:00,32.2,59.0,1001.4,AWS004,Chennai,13.0827,80.2707,False,17,0,7
2026-07-27 18:00:00,32.2,58.0,1002.0,AWS004,Chennai,13.0827,80.2707,False,18,0,7
2026-07-27 19:00:00,31.1,64.0,1001.9,AWS004,Chennai,13.0827,80.2707,False,19,0,7
2026-07-27 20:00:00,30.6,66.0,1003.2,AWS004,Chennai,13.0827,80.2707,False,20,0,7
2026-07-27 21:00:00,30.2,73.0,1003.7,AWS004,Chennai,13.0827,80.2707,False,21,0,7
2026-07-27 22:00:00,30.1,76.0,1004.3,AWS004,Chennai,13.0827,80.2707,False,22,0,7
2026-07-27 23:00:00,30.2,76.0,1003.1,AWS004,Chennai,13.0827,80.2707,False,23,0,7
2026-07-28 00:00:00,30.0,74.0,1002.7,AWS004,Chennai,13.0827,80.2707,False,0,1,7
2026-07-28 01:00:00,29.6,73.0,1002.1,AWS004,Chennai,13.0827,80.2707,False,1,1,7
2026-07-28 02:00:00,29.3,73.0,1001.9,AWS004,Chennai,13.0827,80.2707,False,2,1,7
2026-07-28 03:00:00,29.2,71.0,1001.5,AWS004,Chennai,13.0827,80.2707,False,3,1,7
2026-07-28 04:00:00,29.2,68.0,1001.8,AWS004,Chennai,13.0827,80.2707,False,4,1,7
2026-07-28 05:00:00,29.8,61.0,1002.0,AWS004,Chennai,13.0827,80.2707,False,5,1,7
2026-07-28 06:00:00,29.1,64.0,1002.7,AWS004,Chennai,13.0827,80.2707,False,6,1,7
2026-07-28 07:00:00,29.9,62.0,1003.4,AWS004,Chennai,13.0827,80.2707,False,7,1,7
2026-07-28 08:00:00,31.1,57.0,1003.9,AWS004,Chennai,13.0827,80.2707,False,8,1,7
2026-07-28 09:00:00,32.3,54.0,1003.8,AWS004,Chennai,13.0827,80.2707,False,9,1,7
2026-07-28 10:00:00,33.6,50.0,1003.7,AWS004,Chennai,13.0827,80.2707,False,10,1,7
2026-07-28 11:00:00,34.7,47.0,1003.1,AWS004,Chennai,13.0827,80.2707,False,11,1,7
2026-07-28 12:00:00,35.0,47.0,1002.6,AWS004,Chennai,13.0827,80.2707,False,12,1,7
2026-07-28 13:00:00,36.2,43.0,1001.7,AWS004,Chennai,13.0827,80.2707,False,13,1,7
2026-07-28 14:00:00,36.7,40.0,1000.2,AWS004,Chennai,13.0827,80.2707,False,14,1,7
2026-07-28 15:00:00,37.0,37.0,999.6,AWS004,Chennai,13.0827,80.2707,False,15,1,7
2026-07-28 16:00:00,37.0,38.0,999.1,AWS004,Chennai,13.0827,80.2707,False,16,1,7
2026-07-28 17:00:00,36.5,38.0,999.1,AWS004,Chennai,13.0827,80.2707,False,17,1,7
2026-07-28 18:00:00,34.7,49.0,999.9,AWS004,Chennai,13.0827,80.2707,False,18,1,7
2026-07-28 19:00:00,32.7,62.0,1000.7,AWS004,Chennai,13.0827,80.2707,False,19,1,7
2026-07-28 20:00:00,31.5,72.0,1001.9,AWS004,Chennai,13.0827,80.2707,False,20,1,7
2026-07-28 21:00:00,31.0,71.0,1002.2,AWS004,Chennai,13.0827,80.2707,False,21,1,7
2026-07-28 22:00:00,30.3,78.0,1003.0,AWS004,Chennai,13.0827,80.2707,False,22,1,7
2026-07-28 23:00:00,31.2,73.0,1002.1,AWS004,Chennai,13.0827,80.2707,False,23,1,7
2026-07-29 00:00:00,30.4,73.0,1001.9,AWS004,Chennai,13.0827,80.2707,False,0,2,7
2026-07-29 01:00:00,30.2,68.0,1001.9,AWS004,Chennai,13.0827,80.2707,False,1,2,7
2026-07-29 02:00:00,30.3,59.0,1001.5,AWS004,Chennai,13.0827,80.2707,False,2,2,7
2026-07-29 03:00:00,30.2,57.0,1001.1,AWS004,Chennai,13.0827,80.2707,False,3,2,7
2026-07-29 04:00:00,29.8,57.0,1001.3,AWS004,Chennai,13.0827,80.2707,False,4,2,7
2026-07-29 05:00:00,29.7,58.0,1001.2,AWS004,Chennai,13.0827,80.2707,False,5,2,7
2026-07-29 06:00:00,29.4,60.0,1001.8,AWS004,Chennai,13.0827,80.2707,False,6,2,7
2026-07-29 07:00:00,30.0,58.0,1002.7,AWS004,Chennai,13.0827,80.2707,False,7,2,7
2026-07-29 08:00:00,31.2,56.0,1002.9,AWS004,Chennai,13.0827,80.2707,False,8,2,7
2026-07-29 09:00:00,32.3,53.0,1003.0,AWS004,Chennai,13.0827,80.2707,False,9,2,7
2026-07-29 10:00:00,33.4,50.0,1002.6,AWS004,Chennai,13.0827,80.2707,False,10,2,7
2026-07-29 11:00:00,34.6,46.0,1002.2,AWS004,Chennai,13.0827,80.2707,False,11,2,7
2026-07-29 12:00:00,34.9,47.0,1001.8,AWS004,Chennai,13.0827,80.2707,False,12,2,7
2026-07-29 13:00:00,36.2,43.0,1000.7,AWS004,Chennai,13.0827,80.2707,False,13,2,7
2026-07-29 14:00:00,36.6,39.0,999.4,AWS004,Chennai,13.0827,80.2707,False,14,2,7
2026-07-29 15:00:00,36.9,38.0,998.7,AWS004,Chennai,13.0827,80.2707,False,15,2,7
2026-07-29 16:00:00,36.4,38.0,998.0,AWS004,Chennai,13.0827,80.2707,False,16,2,7
2026-07-29 17:00:00,35.2,46.0,998.5,AWS004,Chennai,13.0827,80.2707,False,17,2,7
2026-07-29 18:00:00,33.2,60.0,999.1,AWS004,Chennai,13.0827,80.2707,False,18,2,7
2026-07-29 19:00:00,32.4,66.0,999.7,AWS004,Chennai,13.0827,80.2707,False,19,2,7
2026-07-29 20:00:00,31.7,67.0,1001.0,AWS004,Chennai,13.0827,80.2707,False,20,2,7
2026-07-29 21:00:00,31.4,67.0,1002.0,AWS004,Chennai,13.0827,80.2707,False,21,2,7
2026-07-29 22:00:00,31.0,60.0,1002.2,AWS004,Chennai,13.0827,80.2707,False,22,2,7
2026-07-29 23:00:00,32.3,54.0,1001.5,AWS004,Chennai,13.0827,80.2707,False,23,2,7
2026-07-30 00:00:00,31.2,57.0,1001.3,AWS004,Chennai,13.0827,80.2707,False,0,3,7
2026-07-30 01:00:00,30.3,58.0,1000.4,AWS004,Chennai,13.0827,80.2707,False,1,3,7
2026-07-30 02:00:00,29.9,59.0,1000.1,AWS004,Chennai,13.0827,80.2707,False,2,3,7
2026-07-30 03:00:00,29.6,60.0,999.6,AWS004,Chennai,13.0827,80.2707,False,3,3,7
2026-07-30 04:00:00,29.4,60.0,999.6,AWS004,Chennai,13.0827,80.2707,False,4,3,7
2026-07-30 05:00:00,30.1,56.0,1000.0,AWS004,Chennai,13.0827,80.2707,False,5,3,7
2026-07-30 06:00:00,29.4,60.0,1000.1,AWS004,Chennai,13.0827,80.2707,False,6,3,7
2026-07-30 07:00:00,30.1,59.0,1000.5,AWS004,Chennai,13.0827,80.2707,False,7,3,7
2026-07-30 08:00:00,31.3,55.0,1000.8,AWS004,Chennai,13.0827,80.2707,False,8,3,7
2026-07-30 09:00:00,32.5,52.0,1000.9,AWS004,Chennai,13.0827,80.2707,False,9,3,7
2026-07-30 10:00:00,34.2,47.0,1001.0,AWS004,Chennai,13.0827,80.2707,False,10,3,7
2026-07-30 11:00:00,35.0,44.0,1000.7,AWS004,Chennai,13.0827,80.2707,False,11,3,7
2026-07-30 12:00:00,35.2,44.0,1000.6,AWS004,Chennai,13.0827,80.2707,False,12,3,7
2026-07-30 13:00:00,35.9,41.0,999.7,AWS004,Chennai,13.0827,80.2707,False,13,3,7
2026-07-30 14:00:00,36.7,38.0,998.3,AWS004,Chennai,13.0827,80.2707,False,14,3,7
2026-07-30 15:00:00,37.2,35.0,997.3,AWS004,Chennai,13.0827,80.2707,False,15,3,7
2026-07-30 16:00:00,36.3,38.0,996.9,AWS004,Chennai,13.0827,80.2707,False,16,3,7
2026-07-30 17:00:00,36.1,38.0,997.5,AWS004,Chennai,13.0827,80.2707,False,17,3,7
2026-07-30 18:00:00,34.2,47.0,998.1,AWS004,Chennai,13.0827,80.2707,False,18,3,7
2026-07-30 19:00:00,31.5,67.0,999.2,AWS004,Chennai,13.0827,80.2707,False,19,3,7
2026-07-30 20:00:00,30.9,72.0,1000.5,AWS004,Chennai,13.0827,80.2707,False,20,3,7
2026-07-30 21:00:00,30.7,73.0,1000.9,AWS004,Chennai,13.0827,80.2707,False,21,3,7
2026-07-30 22:00:00,30.3,74.0,1001.5,AWS004,Chennai,13.0827,80.2707,False,22,3,7
2026-07-30 23:00:00,30.9,65.0,1000.8,AWS004,Chennai,13.0827,80.2707,False,23,3,7
2026-07-31 00:00:00,29.4,69.0,1000.5,AWS004,Chennai,13.0827,80.2707,False,0,4,7
2026-07-31 01:00:00,28.7,74.0,1000.0,AWS004,Chennai,13.0827,80.2707,False,1,4,7
2026-07-31 02:00:00,28.5,78.0,999.7,AWS004,Chennai,13.0827,80.2707,False,2,4,7
2026-07-31 03:00:00,28.5,78.0,999.6,AWS004,Chennai,13.0827,80.2707,False,3,4,7
2026-07-31 04:00:00,28.2,77.0,999.8,AWS004,Chennai,13.0827,80.2707,False,4,4,7
2026-07-31 05:00:00,28.9,69.0,1000.1,AWS004,Chennai,13.0827,80.2707,False,5,4,7
2026-07-31 06:00:00,28.6,69.0,1000.7,AWS004,Chennai,13.0827,80.2707,False,6,4,7
2026-07-31 07:00:00,29.7,67.0,1001.4,AWS004,Chennai,13.0827,80.2707,False,7,4,7
2026-07-31 08:00:00,31.3,59.0,1002.0,AWS004,Chennai,13.0827,80.2707,False,8,4,7
2026-07-31 09:00:00,32.7,54.0,1002.0,AWS004,Chennai,13.0827,80.2707,False,9,4,7
2026-07-31 10:00:00,33.9,50.0,1001.7,AWS004,Chennai,13.0827,80.2707,False,10,4,7
2026-07-31 11:00:00,35.8,43.0,1001.2,AWS004,Chennai,13.0827,80.2707,False,11,4,7
2026-07-31 12:00:00,36.3,42.0,1000.7,AWS004,Chennai,13.0827,80.2707,False,12,4,7
2026-07-31 13:00:00,36.6,41.0,999.9,AWS004,Chennai,13.0827,80.2707,False,13,4,7
2026-07-31 14:00:00,35.7,46.0,998.9,AWS004,Chennai,13.0827,80.2707,False,14,4,7
2026-07-31 15:00:00,33.8,59.0,998.1,AWS004,Chennai,13.0827,80.2707,False,15,4,7
2026-07-31 16:00:00,32.8,55.0,998.0,AWS004,Chennai,13.0827,80.2707,False,16,4,7
2026-07-31 17:00:00,32.6,66.0,998.7,AWS004,Chennai,13.0827,80.2707,False,17,4,7
2026-07-31 18:00:00,32.1,67.0,999.7,AWS004,Chennai,13.0827,80.2707,False,18,4,7
2026-07-31 19:00:00,30.6,75.0,1000.5,AWS004,Chennai,13.0827,80.2707,False,19,4,7
2026-07-31 20:00:00,30.5,74.0,1001.6,AWS004,Chennai,13.0827,80.2707,False,20,4,7
2026-07-31 21:00:00,30.6,71.0,1002.5,AWS004,Chennai,13.0827,80.2707,False,21,4,7
2026-07-31 22:00:00,30.3,71.0,1003.2,AWS004,Chennai,13.0827,80.2707,False,22,4,7
2026-07-31 23:00:00,29.6,72.0,1002.3,AWS004,Chennai,13.0827,80.2707,False,23,4,7
2026-08-01 00:00:00,28.7,76.0,1001.7,AWS004,Chennai,13.0827,80.2707,False,0,5,8
2026-08-01 01:00:00,28.8,76.0,1001.2,AWS004,Chennai,13.0827,80.2707,False,1,5,8
2026-08-01 02:00:00,28.8,77.0,1001.0,AWS004,Chennai,13.0827,80.2707,False,2,5,8
2026-08-01 03:00:00,28.7,77.0,1001.3,AWS004,Chennai,13.0827,80.2707,False,3,5,8
2026-08-01 04:00:00,28.6,75.0,1001.7,AWS004,Chennai,13.0827,80.2707,False,4,5,8
2026-08-01 05:00:00,28.9,69.0,1001.8,AWS004,Chennai,13.0827,80.2707,False,5,5,8
2026-08-01 06:00:00,28.5,71.0,1002.3,AWS004,Chennai,13.0827,80.2707,False,6,5,8
2026-08-01 07:00:00,29.4,72.0,1003.0,AWS004,Chennai,13.0827,80.2707,False,7,5,8
2026-08-01 08:00:00,30.6,67.0,1003.2,AWS004,Chennai,13.0827,80.2707,False,8,5,8
2026-08-01 09:00:00,32.1,59.0,1003.4,AWS004,Chennai,13.0827,80.2707,False,9,5,8
2026-08-01 10:00:00,33.2,56.0,1003.2,AWS004,Chennai,13.0827,80.2707,False,10,5,8
2026-08-01 11:00:00,34.2,52.0,1002.1,AWS004,Chennai,13.0827,80.2707,False,11,5,8
2026-08-01 12:00:00,35.4,48.0,1001.9,AWS004,Chennai,13.0827,80.2707,False,12,5,8
2026-08-01 13:00:00,35.5,50.0,1001.4,AWS004,Chennai,13.0827,80.2707,False,13,5,8
2026-08-01 14:00:00,35.0,51.0,1000.3,AWS004,Chennai,13.0827,80.2707,False,14,5,8
2026-08-01 15:00:00,30.7,69.0,1000.6,AWS004,Chennai,13.0827,80.2707,False,15,5,8
2026-08-01 16:00:00,30.0,72.0,1000.7,AWS004,Chennai,13.0827,80.2707,False,16,5,8
2026-08-01 17:00:00,31.7,74.0,1001.1,AWS004,Chennai,13.0827,80.2707,False,17,5,8
2026-08-01 18:00:00,30.8,78.0,1001.2,AWS004,Chennai,13.0827,80.2707,False,18,5,8
2026-08-01 19:00:00,30.1,79.0,1002.1,AWS004,Chennai,13.0827,80.2707,False,19,5,8
2026-08-01 20:00:00,30.1,76.0,1003.4,AWS004,Chennai,13.0827,80.2707,False,20,5,8
2026-08-01 21:00:00,27.0,94.0,1005.3,AWS004,Chennai,13.0827,80.2707,False,21,5,8
2026-08-01 22:00:00,27.3,93.0,1005.4,AWS004,Chennai,13.0827,80.2707,False,22,5,8
2026-08-01 23:00:00,26.4,90.0,1004.8,AWS004,Chennai,13.0827,80.2707,False,23,5,8
2026-08-02 00:00:00,26.0,89.0,1004.4,AWS004,Chennai,13.0827,80.2707,False,0,6,8
2026-08-02 01:00:00,26.5,83.0,1003.6,AWS004,Chennai,13.0827,80.2707,False,1,6,8
2026-08-02 02:00:00,26.5,84.0,1003.2,AWS004,Chennai,13.0827,80.2707,False,2,6,8
2026-08-02 03:00:00,26.5,85.0,1003.1,AWS004,Chennai,13.0827,80.2707,False,3,6,8
2026-08-02 04:00:00,26.5,86.0,1003.6,AWS004,Chennai,13.0827,80.2707,False,4,6,8
2026-08-02 05:00:00,27.8,82.0,1003.8,AWS004,Chennai,13.0827,80.2707,False,5,6,8
2026-08-02 06:00:00,27.8,81.0,1004.5,AWS004,Chennai,13.0827,80.2707,False,6,6,8
2026-08-02 07:00:00,28.9,79.0,1005.3,AWS004,Chennai,13.0827,80.2707,False,7,6,8
2026-08-02 08:00:00,30.1,72.0,1005.3,AWS004,Chennai,13.0827,80.2707,False,8,6,8
2026-08-02 09:00:00,31.4,66.0,1005.3,AWS004,Chennai,13.0827,80.2707,False,9,6,8
2026-08-02 10:00:00,32.5,62.0,1004.9,AWS004,Chennai,13.0827,80.2707,False,10,6,8
2026-08-02 11:00:00,33.0,59.0,1004.5,AWS004,Chennai,13.0827,80.2707,False,11,6,8
2026-08-02 12:00:00,33.9,56.0,1003.9,AWS004,Chennai,13.0827,80.2707,False,12,6,8
2026-08-02 13:00:00,34.6,52.0,1003.3,AWS004,Chennai,13.0827,80.2707,False,13,6,8
2026-08-02 14:00:00,34.1,54.0,1002.2,AWS004,Chennai,13.0827,80.2707,False,14,6,8
2026-08-02 15:00:00,29.6,77.0,1002.8,AWS004,Chennai,13.0827,80.2707,False,15,6,8
2026-08-02 16:00:00,30.0,76.0,1001.6,AWS004,Chennai,13.0827,80.2707,False,16,6,8
2026-08-02 17:00:00,30.4,77.0,1001.4,AWS004,Chennai,13.0827,80.2707,False,17,6,8
2026-08-02 18:00:00,30.3,73.0,1002.5,AWS004,Chennai,13.0827,80.2707,False,18,6,8
2026-08-02 19:00:00,29.8,74.0,1003.1,AWS004,Chennai,13.0827,80.2707,False,19,6,8
2026-08-02 20:00:00,29.8,76.0,1003.7,AWS004,Chennai,13.0827,80.2707,False,20,6,8
2026-08-02 21:00:00,29.4,78.0,1004.8,AWS004,Chennai,13.0827,80.2707,False,21,6,8
2026-08-02 22:00:00,29.1,77.0,1005.4,AWS004,Chennai,13.0827,80.2707,False,22,6,8
2026-08-02 23:00:00,30.4,77.0,1004.8,AWS004,Chennai,13.0827,80.2707,False,23,6,8
2026-08-03 00:00:00,28.0,82.0,1004.8,AWS004,Chennai,13.0827,80.2707,False,0,0,8
2026-08-03 01:00:00,26.9,86.0,1004.3,AWS004,Chennai,13.0827,80.2707,False,1,0,8
2026-08-03 02:00:00,26.9,83.0,1003.9,AWS004,Chennai,13.0827,80.2707,False,2,0,8
2026-08-03 03:00:00,27.0,82.0,1004.0,AWS004,Chennai,13.0827,80.2707,False,3,0,8
2026-08-03 04:00:00,26.9,79.0,1004.3,AWS004,Chennai,13.0827,80.2707,False,4,0,8
2026-08-03 05:00:00,27.0,83.0,1004.1,AWS004,Chennai,13.0827,80.2707,False,5,0,8
2026-08-03 06:00:00,26.5,86.0,1005.2,AWS004,Chennai,13.0827,80.2707,False,6,0,8
2026-08-03 07:00:00,26.9,87.0,1005.6,AWS004,Chennai,13.0827,80.2707,False,7,0,8
2026-08-03 08:00:00,27.8,87.0,1005.9,AWS004,Chennai,13.0827,80.2707,False,8,0,8
2026-08-03 09:00:00,28.9,79.0,1006.2,AWS004,Chennai,13.0827,80.2707,False,9,0,8
2026-08-03 10:00:00,30.9,68.0,1006.2,AWS004,Chennai,13.0827,80.2707,False,10,0,8
2026-08-03 11:00:00,32.6,61.0,1005.9,AWS004,Chennai,13.0827,80.2707,False,11,0,8
2026-08-03 12:00:00,33.6,59.0,1005.5,AWS004,Chennai,13.0827,80.2707,False,12,0,8
2026-08-03 13:00:00,33.7,58.0,1004.4,AWS004,Chennai,13.0827,80.2707,False,13,0,8
2026-08-03 14:00:00,33.0,63.0,1003.4,AWS004,Chennai,13.0827,80.2707,False,14,0,8
2026-08-03 15:00:00,29.8,80.0,1003.1,AWS004,Chennai,13.0827,80.2707,False,15,0,8
2026-08-03 16:00:00,30.3,78.0,1002.5,AWS004,Chennai,13.0827,80.2707,False,16,0,8
2026-08-03 17:00:00,31.8,66.0,1002.5,AWS004,Chennai,13.0827,80.2707,False,17,0,8
2026-08-03 18:00:00,31.4,67.0,1003.2,AWS004,Chennai,13.0827,80.2707,False,18,0,8
2026-08-03 19:00:00,31.1,67.0,1004.1,AWS004,Chennai,13.0827,80.2707,False,19,0,8
2026-08-03 20:00:00,30.7,69.0,1005.1,AWS004,Chennai,13.0827,80.2707,False,20,0,8
2026-08-03 21:00:00,30.4,70.0,1005.4,AWS004,Chennai,13.0827,80.2707,False,21,0,8
2026-08-03 22:00:00,30.1,71.0,1005.9,AWS004,Chennai,13.0827,80.2707,False,22,0,8
2026-08-03 23:00:00,30.4,71.0,1005.6,AWS004,Chennai,13.0827,80.2707,False,23,0,8
2026-08-04 00:00:00,29.4,74.0,1004.9,AWS004,Chennai,13.0827,80.2707,False,0,1,8
2026-08-04 01:00:00,28.8,72.0,1005.2,AWS004,Chennai,13.0827,80.2707,False,1,1,8
2026-08-04 02:00:00,28.5,73.0,1004.7,AWS004,Chennai,13.0827,80.2707,False,2,1,8
2026-08-04 03:00:00,28.0,75.0,1004.7,AWS004,Chennai,13.0827,80.2707,False,3,1,8
2026-08-04 04:00:00,27.8,74.0,1004.8,AWS004,Chennai,13.0827,80.2707,False,4,1,8
2026-08-04 05:00:00,28.4,73.0,1004.4,AWS004,Chennai,13.0827,80.2707,False,5,1,8
2026-08-04 06:00:00,28.1,74.0,1004.7,AWS004,Chennai,13.0827,80.2707,False,6,1,8
2026-08-04 07:00:00,29.0,72.0,1005.3,AWS004,Chennai,13.0827,80.2707,False,7,1,8
2026-08-04 08:00:00,30.3,65.0,1005.6,AWS004,Chennai,13.0827,80.2707,False,8,1,8
2026-08-04 09:00:00,31.6,60.0,1006.2,AWS004,Chennai,13.0827,80.2707,False,9,1,8
2026-08-04 10:00:00,32.7,57.0,1006.4,AWS004,Chennai,13.0827,80.2707,False,10,1,8
2026-08-04 11:00:00,33.8,55.0,1006.5,AWS004,Chennai,13.0827,80.2707,False,11,1,8
2026-08-04 12:00:00,34.2,54.0,1005.8,AWS004,Chennai,13.0827,80.2707,False,12,1,8
2026-08-04 13:00:00,33.2,59.0,1004.9,AWS004,Chennai,13.0827,80.2707,False,13,1,8
2026-08-04 14:00:00,32.3,65.0,1003.8,AWS004,Chennai,13.0827,80.2707,False,14,1,8
2026-08-04 15:00:00,31.1,67.0,1003.4,AWS004,Chennai,13.0827,80.2707,False,15,1,8
2026-08-04 16:00:00,30.9,68.0,1002.6,AWS004,Chennai,13.0827,80.2707,False,16,1,8
2026-08-04 17:00:00,31.5,65.0,1003.0,AWS004,Chennai,13.0827,80.2707,False,17,1,8
2026-08-04 18:00:00,30.3,68.0,1003.2,AWS004,Chennai,13.0827,80.2707,False,18,1,8
2026-08-04 19:00:00,29.5,75.0,1004.0,AWS004,Chennai,13.0827,80.2707,False,19,1,8
2026-08-04 20:00:00,29.6,76.0,1005.2,AWS004,Chennai,13.0827,80.2707,False,20,1,8
2026-08-04 21:00:00,29.7,75.0,1005.5,AWS004,Chennai,13.0827,80.2707,False,21,1,8
2026-08-04 22:00:00,26.3,91.0,1007.0,AWS004,Chennai,13.0827,80.2707,False,22,1,8
2026-08-04 23:00:00,29.0,77.0,1006.1,AWS004,Chennai,13.0827,80.2707,False,23,1,8
2026-08-05 00:00:00,27.8,83.0,1005.5,AWS004,Chennai,13.0827,80.2707,False,0,2,8
2026-08-05 01:00:00,26.2,87.0,1005.8,AWS004,Chennai,13.0827,80.2707,False,1,2,8
2026-08-05 02:00:00,25.2,93.0,1004.7,AWS004,Chennai,13.0827,80.2707,False,2,2,8
2026-08-05 03:00:00,25.2,92.0,1004.0,AWS004,Chennai,13.0827,80.2707,False,3,2,8
2026-08-05 04:00:00,25.5,91.0,1004.3,AWS004,Chennai,13.0827,80.2707,False,4,2,8
2026-08-05 05:00:00,26.6,87.0,1004.9,AWS004,Chennai,13.0827,80.2707,False,5,2,8
2026-08-05 06:00:00,26.7,85.0,1004.8,AWS004,Chennai,13.0827,80.2707,False,6,2,8
2026-08-05 07:00:00,27.4,82.0,1005.3,AWS004,Chennai,13.0827,80.2707,False,7,2,8
2026-08-05 08:00:00,28.4,77.0,1005.5,AWS004,Chennai,13.0827,80.2707,False,8,2,8
2026-08-05 09:00:00,30.0,70.0,1005.5,AWS004,Chennai,13.0827,80.2707,False,9,2,8
2026-08-05 10:00:00,31.6,63.0,1005.0,AWS004,Chennai,13.0827,80.2707,False,10,2,8
2026-08-05 11:00:00,31.7,59.0,1004.2,AWS004,Chennai,13.0827,80.2707,False,11,2,8
2026-08-05 12:00:00,33.3,58.0,1003.3,AWS004,Chennai,13.0827,80.2707,False,12,2,8
2026-08-05 13:00:00,34.2,54.0,1002.2,AWS004,Chennai,13.0827,80.2707,False,13,2,8
2026-08-05 14:00:00,34.8,51.0,1001.2,AWS004,Chennai,13.0827,80.2707,False,14,2,8
2026-08-05 15:00:00,34.7,50.0,1000.9,AWS004,Chennai,13.0827,80.2707,False,15,2,8
2026-08-05 16:00:00,34.6,50.0,1000.3,AWS004,Chennai,13.0827,80.2707,False,16,2,8
2026-08-05 17:00:00,32.2,63.0,1001.4,AWS004,Chennai,13.0827,80.2707,False,17,2,8
2026-08-05 18:00:00,29.8,78.0,1002.5,AWS004,Chennai,13.0827,80.2707,False,18,2,8
2026-08-05 19:00:00,29.1,78.0,1003.1,AWS004,Chennai,13.0827,80.2707,False,19,2,8
2026-08-05 20:00:00,28.6,82.0,1004.0,AWS004,Chennai,13.0827,80.2707,False,20,2,8
2026-08-05 21:00:00,27.1,90.0,1005.7,AWS004,Chennai,13.0827,80.2707,False,21,2,8
2026-08-05 22:00:00,26.8,92.0,1005.8,AWS004,Chennai,13.0827,80.2707,False,22,2,8
2026-08-05 23:00:00,28.9,82.0,1004.9,AWS004,Chennai,13.0827,80.2707,False,23,2,8
2026-08-06 00:00:00,28.7,83.0,1004.6,AWS004,Chennai,13.0827,80.2707,False,0,3,8
2026-08-06 01:00:00,28.5,80.0,1004.4,AWS004,Chennai,13.0827,80.2707,False,1,3,8
2026-08-06 02:00:00,28.3,83.0,1003.9,AWS004,Chennai,13.0827,80.2707,False,2,3,8
2026-08-06 03:00:00,28.0,84.0,1003.7,AWS004,Chennai,13.0827,80.2707,False,3,3,8
2026-08-06 04:00:00,27.8,82.0,1003.9,AWS004,Chennai,13.0827,80.2707,False,4,3,8
2026-08-06 05:00:00,27.3,87.0,1003.6,AWS004,Chennai,13.0827,80.2707,False,5,3,8
2026-08-06 06:00:00,27.5,83.0,1004.0,AWS004,Chennai,13.0827,80.2707,False,6,3,8
2026-08-06 07:00:00,28.5,80.0,1004.5,AWS004,Chennai,13.0827,80.2707,False,7,3,8
2026-08-06 08:00:00,29.8,72.0,1004.9,AWS004,Chennai,13.0827,80.2707,False,8,3,8
2026-08-06 09:00:00,30.6,67.0,1004.9,AWS004,Chennai,13.0827,80.2707,False,9,3,8
2026-08-06 10:00:00,31.1,64.0,1005.0,AWS004,Chennai,13.0827,80.2707,False,10,3,8
2026-08-06 11:00:00,31.8,60.0,1004.7,AWS004,Chennai,13.0827,80.2707,False,11,3,8
2026-08-06 12:00:00,32.9,58.0,1003.8,AWS004,Chennai,13.0827,80.2707,False,12,3,8
2026-08-06 13:00:00,32.6,58.0,1002.9,AWS004,Chennai,13.0827,80.2707,False,13,3,8
2026-08-06 14:00:00,33.3,56.0,1002.0,AWS004,Chennai,13.0827,80.2707,False,14,3,8
2026-08-06 15:00:00,32.1,61.0,1001.9,AWS004,Chennai,13.0827,80.2707,False,15,3,8
2026-08-06 16:00:00,30.3,75.0,1001.4,AWS004,Chennai,13.0827,80.2707,False,16,3,8
2026-08-06 17:00:00,32.8,58.0,1001.5,AWS004,Chennai,13.0827,80.2707,False,17,3,8
2026-08-06 18:00:00,31.6,69.0,1002.6,AWS004,Chennai,13.0827,80.2707,False,18,3,8
2026-08-06 19:00:00,30.5,74.0,1003.1,AWS004,Chennai,13.0827,80.2707,False,19,3,8
2026-08-06 20:00:00,29.6,78.0,1004.0,AWS004,Chennai,13.0827,80.2707,False,20,3,8
2026-08-06 21:00:00,29.2,69.0,1005.1,AWS004,Chennai,13.0827,80.2707,False,21,3,8
2026-08-06 22:00:00,27.8,73.0,1005.5,AWS004,Chennai,13.0827,80.2707,False,22,3,8
2026-08-06 23:00:00,26.1,89.0,1005.3,AWS004,Chennai,13.0827,80.2707,False,23,3,8
2026-08-07 00:00:00,25.6,94.0,1004.2,AWS004,Chennai,13.0827,80.2707,False,0,4,8
2026-08-07 01:00:00,25.9,94.0,1003.9,AWS004,Chennai,13.0827,80.2707,False,1,4,8
2026-08-07 02:00:00,26.1,93.0,1003.1,AWS004,Chennai,13.0827,80.2707,False,2,4,8
2026-08-07 03:00:00,26.3,93.0,1002.8,AWS004,Chennai,13.0827,80.2707,False,3,4,8
2026-08-07 04:00:00,26.4,91.0,1002.7,AWS004,Chennai,13.0827,80.2707,False,4,4,8
2026-08-07 05:00:00,27.1,80.0,1002.9,AWS004,Chennai,13.0827,80.2707,False,5,4,8
2026-08-07 06:00:00,26.9,81.0,1003.3,AWS004,Chennai,13.0827,80.2707,False,6,4,8
2026-08-07 07:00:00,27.6,80.0,1004.1,AWS004,Chennai,13.0827,80.2707,False,7,4,8
2026-08-07 08:00:00,29.1,73.0,1004.4,AWS004,Chennai,13.0827,80.2707,False,8,4,8
2026-08-07 09:00:00,29.9,69.0,1004.7,AWS004,Chennai,13.0827,80.2707,False,9,4,8
2026-08-07 10:00:00,30.8,65.0,1004.2,AWS004,Chennai,13.0827,80.2707,False,10,4,8
2026-08-07 11:00:00,31.1,60.0,1003.9,AWS004,Chennai,13.0827,80.2707,False,11,4,8
2026-08-07 12:00:00,31.5,59.0,1003.5,AWS004,Chennai,13.0827,80.2707,False,12,4,8
2026-08-07 13:00:00,31.8,58.0,1003.0,AWS004,Chennai,13.0827,80.2707,False,13,4,8
2026-08-07 14:00:00,32.9,55.0,1001.5,AWS004,Chennai,13.0827,80.2707,False,14,4,8
2026-08-07 15:00:00,28.8,80.0,1002.3,AWS004,Chennai,13.0827,80.2707,False,15,4,8
2026-08-07 16:00:00,29.1,76.0,1001.7,AWS004,Chennai,13.0827,80.2707,False,16,4,8
2026-08-07 17:00:00,30.6,71.0,1001.1,AWS004,Chennai,13.0827,80.2707,False,17,4,8
2026-08-07 18:00:00,29.0,82.0,1002.6,AWS004,Chennai,13.0827,80.2707,False,18,4,8
2026-08-07 19:00:00,28.6,83.0,1003.1,AWS004,Chennai,13.0827,80.2707,False,19,4,8
2026-08-07 20:00:00,28.8,80.0,1003.9,AWS004,Chennai,13.0827,80.2707,False,20,4,8
2026-08-07 21:00:00,28.5,76.0,1004.6,AWS004,Chennai,13.0827,80.2707,False,21,4,8
2026-08-07 22:00:00,28.0,76.0,1004.8,AWS004,Chennai,13.0827,80.2707,False,22,4,8
2026-08-07 23:00:00,28.2,74.0,1004.2,AWS004,Chennai,13.0827,80.2707,False,23,4,8
2026-08-08 00:00:00,27.8,74.0,1003.6,AWS004,Chennai,13.0827,80.2707,False,0,5,8
2026-08-08 01:00:00,27.5,74.0,1002.8,AWS004,Chennai,13.0827,80.2707,False,1,5,8
2026-08-08 02:00:00,27.4,73.0,1002.2,AWS004,Chennai,13.0827,80.2707,False,2,5,8
2026-08-08 03:00:00,27.2,74.0,1002.0,AWS004,Chennai,13.0827,80.2707,False,3,5,8
2026-08-08 04:00:00,27.1,75.0,1002.1,AWS004,Chennai,13.0827,80.2707,False,4,5,8
2026-08-08 05:00:00,27.8,74.0,1002.4,AWS004,Chennai,13.0827,80.2707,False,5,5,8
2026-08-08 06:00:00,27.7,74.0,1002.8,AWS004,Chennai,13.0827,80.2707,False,6,5,8
2026-08-08 07:00:00,28.9,73.0,1003.8,AWS004,Chennai,13.0827,80.2707,False,7,5,8
2026-08-08 08:00:00,30.4,65.0,1004.3,AWS004,Chennai,13.0827,80.2707,False,8,5,8
2026-08-08 09:00:00,31.2,60.0,1004.7,AWS004,Chennai,13.0827,80.2707,False,9,5,8
2026-08-08 10:00:00,31.9,59.0,1004.6,AWS004,Chennai,13.0827,80.2707,False,10,5,8
2026-08-08 11:00:00,32.9,55.0,1004.3,AWS004,Chennai,13.0827,80.2707,False,11,5,8
2026-08-08 12:00:00,33.8,53.0,1003.5,AWS004,Chennai,13.0827,80.2707,False,12,5,8
2026-08-08 13:00:00,34.6,50.0,1002.8,AWS004,Chennai,13.0827,80.2707,False,13,5,8
2026-08-08 14:00:00,34.4,50.0,1001.7,AWS004,Chennai,13.0827,80.2707,False,14,5,8
2026-08-08 15:00:00,28.9,78.0,1002.2,AWS004,Chennai,13.0827,80.2707,False,15,5,8
2026-08-08 16:00:00,29.4,74.0,1002.0,AWS004,Chennai,13.0827,80.2707,False,16,5,8
2026-08-08 17:00:00,28.7,77.0,1001.7,AWS004,Chennai,13.0827,80.2707,False,17,5,8
2026-08-08 18:00:00,29.0,75.0,1002.8,AWS004,Chennai,13.0827,80.2707,False,18,5,8
2026-08-08 19:00:00,28.8,76.0,1003.3,AWS004,Chennai,13.0827,80.2707,False,19,5,8
2026-08-08 20:00:00,28.6,79.0,1004.4,AWS004,Chennai,13.0827,80.2707,False,20,5,8
2026-08-08 21:00:00,28.3,81.0,1005.4,AWS004,Chennai,13.0827,80.2707,False,21,5,8
2026-08-08 22:00:00,27.8,83.0,1006.1,AWS004,Chennai,13.0827,80.2707,False,22,5,8
2026-08-08 23:00:00,27.4,79.0,1004.8,AWS004,Chennai,13.0827,80.2707,False,23,5,8
2026-08-09 00:00:00,27.1,78.0,1004.8,AWS004,Chennai,13.0827,80.2707,False,0,6,8
2026-08-09 01:00:00,26.9,78.0,1004.5,AWS004,Chennai,13.0827,80.2707,False,1,6,8
2026-08-09 02:00:00,26.8,78.0,1004.0,AWS004,Chennai,13.0827,80.2707,False,2,6,8
2026-08-09 03:00:00,26.6,79.0,1003.8,AWS004,Chennai,13.0827,80.2707,False,3,6,8
2026-08-09 04:00:00,26.5,81.0,1003.8,AWS004,Chennai,13.0827,80.2707,False,4,6,8
2026-08-09 05:00:00,27.3,78.0,1004.0,AWS004,Chennai,13.0827,80.2707,False,5,6,8
2026-08-09 06:00:00,27.3,77.0,1004.5,AWS004,Chennai,13.0827,80.2707,False,6,6,8
2026-08-09 07:00:00,28.4,73.0,1005.4,AWS004,Chennai,13.0827,80.2707,False,7,6,8
2026-08-09 08:00:00,29.9,68.0,1005.6,AWS004,Chennai,13.0827,80.2707,False,8,6,8
2026-08-09 09:00:00,31.3,61.0,1005.9,AWS004,Chennai,13.0827,80.2707,False,9,6,8
2026-08-09 10:00:00,32.3,58.0,1005.4,AWS004,Chennai,13.0827,80.2707,False,10,6,8
2026-08-09 11:00:00,33.4,55.0,1005.4,AWS004,Chennai,13.0827,80.2707,False,11,6,8
2026-08-09 12:00:00,34.0,54.0,1004.6,AWS004,Chennai,13.0827,80.2707,False,12,6,8
2026-08-09 13:00:00,34.1,55.0,1003.7,AWS004,Chennai,13.0827,80.2707,False,13,6,8
2026-08-09 14:00:00,32.2,62.0,1002.8,AWS004,Chennai,13.0827,80.2707,False,14,6,8
2026-08-09 15:00:00,28.5,78.0,1003.4,AWS004,Chennai,13.0827,80.2707,False,15,6,8
2026-08-09 16:00:00,28.2,80.0,1002.7,AWS004,Chennai,13.0827,80.2707,False,16,6,8
2026-08-09 17:00:00,30.0,70.0,1002.9,AWS004,Chennai,13.0827,80.2707,False,17,6,8
2026-08-09 18:00:00,29.4,75.0,1003.4,AWS004,Chennai,13.0827,80.2707,False,18,6,8
2026-08-09 19:00:00,29.1,74.0,1004.3,AWS004,Chennai,13.0827,80.2707,False,19,6,8
2026-08-09 20:00:00,28.7,79.0,1005.2,AWS004,Chennai,13.0827,80.2707,False,20,6,8
2026-08-09 21:00:00,28.7,80.0,1005.8,AWS004,Chennai,13.0827,80.2707,False,21,6,8
2026-08-09 22:00:00,28.8,82.0,1006.1,AWS004,Chennai,13.0827,80.2707,False,22,6,8
2026-08-09 23:00:00,29.5,84.0,1005.8,AWS004,Chennai,13.0827,80.2707,False,23,6,8
2026-08-10 00:00:00,29.0,80.0,1005.5,AWS004,Chennai,13.0827,80.2707,False,0,0,8
2026-08-10 01:00:00,27.8,80.0,1005.0,AWS004,Chennai,13.0827,80.2707,False,1,0,8
2026-08-10 02:00:00,27.4,81.0,1004.3,AWS004,Chennai,13.0827,80.2707,False,2,0,8
2026-08-10 03:00:00,27.3,82.0,1003.9,AWS004,Chennai,13.0827,80.2707,False,3,0,8
2026-08-10 04:00:00,27.3,82.0,1003.7,AWS004,Chennai,13.0827,80.2707,False,4,0,8
2026-08-10 05:00:00,27.9,79.0,1003.9,AWS004,Chennai,13.0827,80.2707,False,5,0,8
2026-08-10 06:00:00,27.8,78.0,1004.5,AWS004,Chennai,13.0827,80.2707,False,6,0,8
2026-08-10 07:00:00,29.1,73.0,1005.0,AWS004,Chennai,13.0827,80.2707,False,7,0,8
2026-08-10 08:00:00,30.7,64.0,1005.2,AWS004,Chennai,13.0827,80.2707,False,8,0,8
2026-08-10 09:00:00,32.0,58.0,1005.3,AWS004,Chennai,13.0827,80.2707,False,9,0,8
2026-08-10 10:00:00,33.3,54.0,1005.1,AWS004,Chennai,13.0827,80.2707,False,10,0,8
2026-08-10 11:00:00,34.6,49.0,1004.5,AWS004,Chennai,13.0827,80.2707,False,11,0,8
2026-08-10 12:00:00,35.1,46.0,1003.9,AWS004,Chennai,13.0827,80.2707,False,12,0,8
2026-08-10 13:00:00,35.3,45.0,1002.9,AWS004,Chennai,13.0827,80.2707,False,13,0,8
2026-08-10 14:00:00,34.8,46.0,1001.7,AWS004,Chennai,13.0827,80.2707,False,14,0,8
2026-08-10 15:00:00,32.7,60.0,1001.9,AWS004,Chennai,13.0827,80.2707,False,15,0,8
2026-08-10 16:00:00,31.3,68.0,1001.6,AWS004,Chennai,13.0827,80.2707,False,16,0,8
2026-08-10 17:00:00,31.1,73.0,1002.1,AWS004,Chennai,13.0827,80.2707,False,17,0,8
2026-08-10 18:00:00,30.5,76.0,1002.7,AWS004,Chennai,13.0827,80.2707,False,18,0,8
2026-08-10 19:00:00,30.0,78.0,1003.1,AWS004,Chennai,13.0827,80.2707,False,19,0,8
2026-08-10 20:00:00,29.9,77.0,1004.1,AWS004,Chennai,13.0827,80.2707,False,20,0,8
2026-08-10 21:00:00,29.6,79.0,1005.0,AWS004,Chennai,13.0827,80.2707,False,21,0,8
2026-08-10 22:00:00,28.9,82.0,1005.7,AWS004,Chennai,13.0827,80.2707,False,22,0,8
2026-08-10 23:00:00,28.1,85.0,1005.5,AWS004,Chennai,13.0827,80.2707,False,23,0,8
2026-08-11 00:00:00,26.0,95.0,1005.7,AWS004,Chennai,13.0827,80.2707,False,0,1,8
2026-08-11 01:00:00,26.0,95.0,1004.2,AWS004,Chennai,13.0827,80.2707,False,1,1,8
2026-08-11 02:00:00,26.2,95.0,1003.6,AWS004,Chennai,13.0827,80.2707,False,2,1,8
2026-08-11 03:00:00,26.1,94.0,1003.2,AWS004,Chennai,13.0827,80.2707,False,3,1,8
2026-08-11 04:00:00,26.1,91.0,1003.4,AWS004,Chennai,13.0827,80.2707,False,4,1,8
2026-08-11 05:00:00,26.3,90.0,1003.9,AWS004,Chennai,13.0827,80.2707,False,5,1,8
2026-08-11 06:00:00,26.5,90.0,1004.1,AWS004,Chennai,13.0827,80.2707,False,6,1,8
2026-08-11 07:00:00,27.6,86.0,1004.5,AWS004,Chennai,13.0827,80.2707,False,7,1,8
2026-08-11 08:00:00,29.1,80.0,1004.8,AWS004,Chennai,13.0827,80.2707,False,8,1,8
2026-08-11 09:00:00,30.8,70.0,1004.8,AWS004,Chennai,13.0827,80.2707,False,9,1,8
2026-08-11 10:00:00,32.2,61.0,1004.7,AWS004,Chennai,13.0827,80.2707,False,10,1,8
2026-08-11 11:00:00,32.3,60.0,1004.3,AWS004,Chennai,13.0827,80.2707,False,11,1,8
2026-08-11 12:00:00,33.6,56.0,1003.8,AWS004,Chennai,13.0827,80.2707,False,12,1,8
2026-08-11 13:00:00,34.5,53.0,1002.4,AWS004,Chennai,13.0827,80.2707,False,13,1,8
2026-08-11 14:00:00,35.0,51.0,1001.4,AWS004,Chennai,13.0827,80.2707,False,14,1,8
2026-08-11 15:00:00,34.8,50.0,1000.9,AWS004,Chennai,13.0827,80.2707,False,15,1,8
2026-08-11 16:00:00,31.8,72.0,1000.9,AWS004,Chennai,13.0827,80.2707,False,16,1,8
2026-08-11 17:00:00,31.0,75.0,1001.6,AWS004,Chennai,13.0827,80.2707,False,17,1,8
2026-08-11 18:00:00,28.0,87.0,1003.2,AWS004,Chennai,13.0827,80.2707,False,18,1,8
2026-08-11 19:00:00,28.1,83.0,1003.0,AWS004,Chennai,13.0827,80.2707,False,19,1,8
2026-08-11 20:00:00,28.8,84.0,1004.1,AWS004,Chennai,13.0827,80.2707,False,20,1,8
2026-08-11 21:00:00,29.2,81.0,1005.0,AWS004,Chennai,13.0827,80.2707,False,21,1,8
2026-08-11 22:00:00,29.1,85.0,1005.5,AWS004,Chennai,13.0827,80.2707,False,22,1,8
2026-08-11 23:00:00,29.4,83.0,1005.4,AWS004,Chennai,13.0827,80.2707,False,23,1,8
2026-08-12 00:00:00,29.0,81.0,1004.8,AWS004,Chennai,13.0827,80.2707,False,0,2,8
2026-08-12 01:00:00,28.1,80.0,1004.0,AWS004,Chennai,13.0827,80.2707,False,1,2,8
2026-08-12 02:00:00,27.5,80.0,1003.5,AWS004,Chennai,13.0827,80.2707,False,2,2,8
2026-08-12 03:00:00,27.1,80.0,1003.5,AWS004,Chennai,13.0827,80.2707,False,3,2,8
2026-08-12 04:00:00,27.1,80.0,1004.0,AWS004,Chennai,13.0827,80.2707,False,4,2,8
2026-08-12 05:00:00,27.7,80.0,1004.1,AWS004,Chennai,13.0827,80.2707,False,5,2,8
2026-08-12 06:00:00,27.7,79.0,1004.6,AWS004,Chennai,13.0827,80.2707,False,6,2,8
2026-08-12 07:00:00,28.6,76.0,1005.6,AWS004,Chennai,13.0827,80.2707,False,7,2,8
2026-08-12 08:00:00,30.2,68.0,1006.0,AWS004,Chennai,13.0827,80.2707,False,8,2,8
2026-08-12 09:00:00,31.6,62.0,1005.8,AWS004,Chennai,13.0827,80.2707,False,9,2,8
2026-08-12 10:00:00,32.7,58.0,1005.7,AWS004,Chennai,13.0827,80.2707,False,10,2,8
2026-08-12 11:00:00,33.6,55.0,1005.2,AWS004,Chennai,13.0827,80.2707,False,11,2,8
2026-08-12 12:00:00,34.3,51.0,1004.8,AWS004,Chennai,13.0827,80.2707,False,12,2,8
2026-08-12 13:00:00,34.5,52.0,1004.0,AWS004,Chennai,13.0827,80.2707,False,13,2,8
2026-08-12 14:00:00,34.3,54.0,1003.1,AWS004,Chennai,13.0827,80.2707,False,14,2,8
2026-08-12 15:00:00,33.2,61.0,1003.2,AWS004,Chennai,13.0827,80.2707,False,15,2,8
2026-08-12 16:00:00,31.6,75.0,1002.9,AWS004,Chennai,13.0827,80.2707,False,16,2,8
2026-08-12 17:00:00,30.7,77.0,1003.6,AWS004,Chennai,13.0827,80.2707,False,17,2,8
2026-08-12 18:00:00,30.2,79.0,1004.2,AWS004,Chennai,13.0827,80.2707,False,18,2,8
2026-08-12 19:00:00,29.9,80.0,1004.8,AWS004,Chennai,13.0827,80.2707,False,19,2,8
2026-08-12 20:00:00,29.7,82.0,1005.8,AWS004,Chennai,13.0827,80.2707,False,20,2,8
2026-08-12 21:00:00,29.5,81.0,1006.8,AWS004,Chennai,13.0827,80.2707,False,21,2,8
2026-08-12 22:00:00,29.3,81.0,1007.3,AWS004,Chennai,13.0827,80.2707,False,22,2,8
2026-08-12 23:00:00,29.7,84.0,1006.9,AWS004,Chennai,13.0827,80.2707,False,23,2,8
2026-08-13 00:00:00,29.2,84.0,1006.4,AWS004,Chennai,13.0827,80.2707,False,0,3,8
2026-08-13 01:00:00,28.9,80.0,1005.7,AWS004,Chennai,13.0827,80.2707,False,1,3,8
2026-08-13 02:00:00,28.2,80.0,1005.4,AWS004,Chennai,13.0827,80.2707,False,2,3,8
2026-08-13 03:00:00,27.7,83.0,1005.5,AWS004,Chennai,13.0827,80.2707,False,3,3,8
2026-08-13 04:00:00,27.6,83.0,1005.6,AWS004,Chennai,13.0827,80.2707,False,4,3,8
2026-08-13 05:00:00,28.5,80.0,1005.8,AWS004,Chennai,13.0827,80.2707,False,5,3,8
2026-08-13 06:00:00,28.4,81.0,1006.4,AWS004,Chennai,13.0827,80.2707,False,6,3,8
2026-08-13 07:00:00,29.4,76.0,1006.9,AWS004,Chennai,13.0827,80.2707,False,7,3,8
2026-08-13 08:00:00,30.9,66.0,1007.3,AWS004,Chennai,13.0827,80.2707,False,8,3,8
2026-08-13 09:00:00,32.2,58.0,1007.4,AWS004,Chennai,13.0827,80.2707,False,9,3,8
2026-08-13 10:00:00,33.4,54.0,1007.3,AWS004,Chennai,13.0827,80.2707,False,10,3,8
2026-08-13 11:00:00,33.6,52.0,1007.3,AWS004,Chennai,13.0827,80.2707,False,11,3,8
2026-08-13 12:00:00,34.1,50.0,1006.1,AWS004,Chennai,13.0827,80.2707,False,12,3,8
2026-08-13 13:00:00,34.7,47.0,1005.4,AWS004,Chennai,13.0827,80.2707,False,13,3,8
2026-08-13 14:00:00,34.8,46.0,1004.3,AWS004,Chennai,13.0827,80.2707,False,14,3,8
2026-08-13 15:00:00,35.0,45.0,1003.8,AWS004,Chennai,13.0827,80.2707,False,15,3,8
2026-08-13 16:00:00,34.5,46.0,1003.2,AWS004,Chennai,13.0827,80.2707,False,16,3,8
2026-08-13 17:00:00,31.6,62.0,1004.1,AWS004,Chennai,13.0827,80.2707,False,17,3,8
2026-08-13 18:00:00,31.3,63.0,1004.7,AWS004,Chennai,13.0827,80.2707,False,18,3,8
2026-08-13 19:00:00,31.0,62.0,1005.6,AWS004,Chennai,13.0827,80.2707,False,19,3,8
2026-08-13 20:00:00,30.8,68.0,1006.5,AWS004,Chennai,13.0827,80.2707,False,20,3,8
2026-08-13 21:00:00,30.6,69.0,1007.1,AWS004,Chennai,13.0827,80.2707,False,21,3,8
2026-08-13 22:00:00,30.0,75.0,1007.5,AWS004,Chennai,13.0827,80.2707,False,22,3,8
2026-08-13 23:00:00,30.0,73.0,1006.6,AWS004,Chennai,13.0827,80.2707,False,23,3,8
2026-08-14 00:00:00,27.8,80.0,1006.9,AWS004,Chennai,13.0827,80.2707,False,0,4,8
2026-08-14 01:00:00,27.3,88.0,1006.3,AWS004,Chennai,13.0827,80.2707,False,1,4,8
2026-08-14 02:00:00,27.4,88.0,1005.8,AWS004,Chennai,13.0827,80.2707,False,2,4,8
2026-08-14 03:00:00,27.7,87.0,1005.6,AWS004,Chennai,13.0827,80.2707,False,3,4,8
2026-08-14 04:00:00,27.7,86.0,1005.9,AWS004,Chennai,13.0827,80.2707,False,4,4,8
2026-08-14 05:00:00,28.3,83.0,1005.7,AWS004,Chennai,13.0827,80.2707,False,5,4,8
2026-08-14 06:00:00,28.3,80.0,1006.3,AWS004,Chennai,13.0827,80.2707,False,6,4,8
2026-08-14 07:00:00,29.3,73.0,1007.0,AWS004,Chennai,13.0827,80.2707,False,7,4,8
2026-08-14 08:00:00,30.5,67.0,1007.0,AWS004,Chennai,13.0827,80.2707,False,8,4,8
2026-08-14 09:00:00,31.7,59.0,1007.1,AWS004,Chennai,13.0827,80.2707,False,9,4,8
2026-08-14 10:00:00,32.6,55.0,1006.8,AWS004,Chennai,13.0827,80.2707,False,10,4,8
2026-08-14 11:00:00,33.7,53.0,1006.1,AWS004,Chennai,13.0827,80.2707,False,11,4,8
2026-08-14 12:00:00,34.5,50.0,1005.7,AWS004,Chennai,13.0827,80.2707,False,12,4,8
2026-08-14 13:00:00,35.0,49.0,1004.7,AWS004,Chennai,13.0827,80.2707,False,13,4,8
2026-08-14 14:00:00,35.0,49.0,1003.8,AWS004,Chennai,13.0827,80.2707,False,14,4,8
2026-08-14 15:00:00,35.1,48.0,1003.3,AWS004,Chennai,13.0827,80.2707,False,15,4,8
2026-08-14 16:00:00,33.8,54.0,1002.9,AWS004,Chennai,13.0827,80.2707,False,16,4,8
2026-08-14 17:00:00,30.5,77.0,1003.7,AWS004,Chennai,13.0827,80.2707,False,17,4,8
2026-08-14 18:00:00,30.1,74.0,1004.4,AWS004,Chennai,13.0827,80.2707,False,18,4,8
2026-08-14 19:00:00,30.2,76.0,1004.8,AWS004,Chennai,13.0827,80.2707,False,19,4,8
2026-08-14 20:00:00,30.2,76.0,1005.4,AWS004,Chennai,13.0827,80.2707,False,20,4,8
2026-08-14 21:00:00,30.2,76.0,1006.2,AWS004,Chennai,13.0827,80.2707,False,21,4,8
2026-08-14 22:00:00,29.9,78.0,1006.3,AWS004,Chennai,13.0827,80.2707,False,22,4,8
2026-08-14 23:00:00,30.0,81.0,1005.7,AWS004,Chennai,13.0827,80.2707,False,23,4,8
2026-08-15 00:00:00,29.3,79.0,1005.0,AWS004,Chennai,13.0827,80.2707,False,0,5,8
2026-08-15 01:00:00,28.8,77.0,1005.1,AWS004,Chennai,13.0827,80.2707,False,1,5,8
2026-08-15 02:00:00,28.2,75.0,1005.6,AWS004,Chennai,13.0827,80.2707,False,2,5,8
2026-08-15 03:00:00,28.1,76.0,1005.3,AWS004,Chennai,13.0827,80.2707,False,3,5,8
2026-08-15 04:00:00,28.1,76.0,1005.5,AWS004,Chennai,13.0827,80.2707,False,4,5,8
2026-08-15 05:00:00,28.7,74.0,1005.5,AWS004,Chennai,13.0827,80.2707,False,5,5,8
2026-08-15 06:00:00,28.5,73.0,1006.0,AWS004,Chennai,13.0827,80.2707,False,6,5,8
2026-08-15 07:00:00,29.1,70.0,1006.8,AWS004,Chennai,13.0827,80.2707,False,7,5,8
2026-08-15 08:00:00,30.4,64.0,1006.9,AWS004,Chennai,13.0827,80.2707,False,8,5,8
2026-08-15 09:00:00,31.4,56.0,1007.2,AWS004,Chennai,13.0827,80.2707,False,9,5,8
2026-08-15 10:00:00,32.3,54.0,1007.0,AWS004,Chennai,13.0827,80.2707,False,10,5,8
2026-08-15 11:00:00,32.7,54.0,1006.6,AWS004,Chennai,13.0827,80.2707,False,11,5,8
2026-08-15 12:00:00,33.8,50.0,1006.1,AWS004,Chennai,13.0827,80.2707,False,12,5,8
2026-08-15 13:00:00,33.8,48.0,1005.1,AWS004,Chennai,13.0827,80.2707,False,13,5,8
2026-08-15 14:00:00,35.3,43.0,1004.0,AWS004,Chennai,13.0827,80.2707,False,14,5,8
2026-08-15 15:00:00,35.5,43.0,1003.6,AWS004,Chennai,13.0827,80.2707,False,15,5,8
2026-08-15 16:00:00,34.8,45.0,1003.0,AWS004,Chennai,13.0827,80.2707,False,16,5,8
2026-08-15 17:00:00,32.9,55.0,1003.9,AWS004,Chennai,13.0827,80.2707,False,17,5,8
2026-08-15 18:00:00,30.4,77.0,1004.2,AWS004,Chennai,13.0827,80.2707,False,18,5,8
2026-08-15 19:00:00,29.9,73.0,1005.1,AWS004,Chennai,13.0827,80.2707,False,19,5,8
2026-08-15 20:00:00,29.5,81.0,1005.9,AWS004,Chennai,13.0827,80.2707,False,20,5,8
2026-08-15 21:00:00,29.5,81.0,1006.8,AWS004,Chennai,13.0827,80.2707,False,21,5,8
2026-08-15 22:00:00,29.2,81.0,1007.0,AWS004,Chennai,13.0827,80.2707,False,22,5,8
2026-08-15 23:00:00,29.7,82.0,1006.1,AWS004,Chennai,13.0827,80.2707,False,23,5,8
2026-08-16 00:00:00,29.3,82.0,1005.3,AWS004,Chennai,13.0827,80.2707,False,0,6,8
2026-08-16 01:00:00,29.1,80.0,1005.0,AWS004,Chennai,13.0827,80.2707,False,1,6,8
2026-08-16 02:00:00,28.6,78.0,1004.8,AWS004,Chennai,13.0827,80.2707,False,2,6,8
2026-08-16 03:00:00,28.2,79.0,1004.8,AWS004,Chennai,13.0827,80.2707,False,3,6,8
2026-08-16 04:00:00,27.8,82.0,1005.0,AWS004,Chennai,13.0827,80.2707,False,4,6,8
2026-08-16 05:00:00,28.6,78.0,1005.1,AWS004,Chennai,13.0827,80.2707,False,5,6,8
2026-08-16 06:00:00,28.8,70.0,1005.5,AWS004,Chennai,13.0827,80.2707,False,6,6,8
2026-08-16 07:00:00,30.0,62.0,1006.2,AWS004,Chennai,13.0827,80.2707,False,7,6,8
2026-08-16 08:00:00,31.4,57.0,1006.5,AWS004,Chennai,13.0827,80.2707,False,8,6,8
2026-08-16 09:00:00,32.4,53.0,1006.8,AWS004,Chennai,13.0827,80.2707,False,9,6,8
2026-08-16 10:00:00,33.5,51.0,1006.5,AWS004,Chennai,13.0827,80.2707,False,10,6,8
2026-08-16 11:00:00,34.1,49.0,1005.9,AWS004,Chennai,13.0827,80.2707,False,11,6,8
2026-08-16 12:00:00,34.8,46.0,1005.0,AWS004,Chennai,13.0827,80.2707,False,12,6,8
2026-08-16 13:00:00,35.2,43.0,1004.3,AWS004,Chennai,13.0827,80.2707,False,13,6,8
2026-08-16 14:00:00,33.9,53.0,1003.4,AWS004,Chennai,13.0827,80.2707,False,14,6,8
2026-08-16 15:00:00,32.2,64.0,1003.3,AWS004,Chennai,13.0827,80.2707,False,15,6,8
2026-08-16 16:00:00,31.8,69.0,1003.3,AWS004,Chennai,13.0827,80.2707,False,16,6,8
2026-08-16 17:00:00,31.5,64.0,1003.9,AWS004,Chennai,13.0827,80.2707,False,17,6,8
2026-08-16 18:00:00,30.8,74.0,1004.8,AWS004,Chennai,13.0827,80.2707,False,18,6,8
2026-08-16 19:00:00,30.5,75.0,1005.8,AWS004,Chennai,13.0827,80.2707,False,19,6,8
2026-08-16 20:00:00,30.4,74.0,1006.7,AWS004,Chennai,13.0827,80.2707,False,20,6,8
2026-08-16 21:00:00,30.0,81.0,1007.3,AWS004,Chennai,13.0827,80.2707,False,21,6,8
2026-08-16 22:00:00,30.0,80.0,1007.6,AWS004,Chennai,13.0827,80.2707,False,22,6,8
2026-08-16 23:00:00,30.0,78.0,1007.0,AWS004,Chennai,13.0827,80.2707,False,23,6,8
2026-08-17 00:00:00,29.6,79.0,1006.6,AWS004,Chennai,13.0827,80.2707,False,0,0,8
2026-08-17 01:00:00,29.3,78.0,1006.2,AWS004,Chennai,13.0827,80.2707,False,1,0,8
2026-08-17 02:00:00,28.9,77.0,1005.9,AWS004,Chennai,13.0827,80.2707,False,2,0,8
2026-08-17 03:00:00,28.5,77.0,1005.6,AWS004,Chennai,13.0827,80.2707,False,3,0,8
2026-08-17 04:00:00,28.3,77.0,1006.0,AWS004,Chennai,13.0827,80.2707,False,4,0,8
2026-08-17 05:00:00,28.6,77.0,1006.0,AWS004,Chennai,13.0827,80.2707,False,5,0,8
2026-08-17 06:00:00,28.7,76.0,1006.3,AWS004,Chennai,13.0827,80.2707,False,6,0,8
2026-08-17 07:00:00,29.7,70.0,1007.1,AWS004,Chennai,13.0827,80.2707,False,7,0,8
2026-08-17 08:00:00,31.0,63.0,1007.4,AWS004,Chennai,13.0827,80.2707,False,8,0,8
2026-08-17 09:00:00,31.9,57.0,1007.9,AWS004,Chennai,13.0827,80.2707,False,9,0,8
2026-08-17 10:00:00,33.1,52.0,1007.8,AWS004,Chennai,13.0827,80.2707,False,10,0,8
2026-08-17 11:00:00,34.3,48.0,1007.5,AWS004,Chennai,13.0827,80.2707,False,11,0,8
2026-08-17 12:00:00,34.7,47.0,1006.7,AWS004,Chennai,13.0827,80.2707,False,12,0,8
2026-08-17 13:00:00,35.3,43.0,1006.0,AWS004,Chennai,13.0827,80.2707,False,13,0,8
2026-08-17 14:00:00,34.2,50.0,1004.9,AWS004,Chennai,13.0827,80.2707,False,14,0,8
2026-08-17 15:00:00,33.0,59.0,1004.6,AWS004,Chennai,13.0827,80.2707,False,15,0,8
2026-08-17 16:00:00,31.7,69.0,1004.3,AWS004,Chennai,13.0827,80.2707,False,16,0,8
2026-08-17 17:00:00,30.8,71.0,1005.5,AWS004,Chennai,13.0827,80.2707,False,17,0,8
2026-08-17 18:00:00,30.5,74.0,1005.9,AWS004,Chennai,13.0827,80.2707,False,18,0,8
2026-08-17 19:00:00,30.3,76.0,1006.6,AWS004,Chennai,13.0827,80.2707,False,19,0,8
2026-08-17 20:00:00,30.1,76.0,1007.3,AWS004,Chennai,13.0827,80.2707,False,20,0,8
2026-08-17 21:00:00,30.0,76.0,1008.2,AWS004,Chennai,13.0827,80.2707,False,21,0,8
2026-08-17 22:00:00,29.6,84.0,1008.8,AWS004,Chennai,13.0827,80.2707,False,22,0,8
2026-08-17 23:00:00,30.0,83.0,1008.1,AWS004,Chennai,13.0827,80.2707,False,23,0,8
2026-08-18 00:00:00,29.6,82.0,1007.6,AWS004,Chennai,13.0827,80.2707,False,0,1,8
2026-08-18 01:00:00,28.8,80.0,1007.2,AWS004,Chennai,13.0827,80.2707,False,1,1,8
2026-08-18 02:00:00,28.1,79.0,1006.8,AWS004,Chennai,13.0827,80.2707,False,2,1,8
2026-08-18 03:00:00,27.7,81.0,1006.9,AWS004,Chennai,13.0827,80.2707,False,3,1,8
2026-08-18 04:00:00,27.5,82.0,1007.0,AWS004,Chennai,13.0827,80.2707,False,4,1,8
2026-08-18 05:00:00,28.6,79.0,1006.9,AWS004,Chennai,13.0827,80.2707,False,5,1,8
2026-08-18 06:00:00,28.9,77.0,1007.3,AWS004,Chennai,13.0827,80.2707,False,6,1,8
2026-08-18 07:00:00,30.8,62.0,1007.9,AWS004,Chennai,13.0827,80.2707,False,7,1,8
2026-08-18 08:00:00,32.3,51.0,1008.4,AWS004,Chennai,13.0827,80.2707,False,8,1,8
2026-08-18 09:00:00,33.4,46.0,1008.7,AWS004,Chennai,13.0827,80.2707,False,9,1,8
2026-08-18 10:00:00,34.9,42.0,1008.8,AWS004,Chennai,13.0827,80.2707,False,10,1,8
2026-08-18 11:00:00,35.9,40.0,1008.1,AWS004,Chennai,13.0827,80.2707,False,11,1,8
2026-08-18 12:00:00,35.9,39.0,1007.2,AWS004,Chennai,13.0827,80.2707,False,12,1,8
2026-08-18 13:00:00,36.1,39.0,1006.4,AWS004,Chennai,13.0827,80.2707,False,13,1,8
2026-08-18 14:00:00,35.0,44.0,1005.4,AWS004,Chennai,13.0827,80.2707,False,14,1,8
2026-08-18 15:00:00,32.6,56.0,1004.8,AWS004,Chennai,13.0827,80.2707,False,15,1,8
2026-08-18 16:00:00,32.1,57.0,1004.5,AWS004,Chennai,13.0827,80.2707,False,16,1,8
2026-08-18 17:00:00,32.8,56.0,1004.5,AWS004,Chennai,13.0827,80.2707,False,17,1,8
2026-08-18 18:00:00,32.2,55.0,1005.2,AWS004,Chennai,13.0827,80.2707,False,18,1,8
2026-08-18 19:00:00,31.8,57.0,1005.9,AWS004,Chennai,13.0827,80.2707,False,19,1,8
2026-08-18 20:00:00,31.5,61.0,1006.5,AWS004,Chennai,13.0827,80.2707,False,20,1,8
2026-08-18 21:00:00,31.1,68.0,1007.4,AWS004,Chennai,13.0827,80.2707,False,21,1,8
2026-08-18 22:00:00,30.8,72.0,1007.7,AWS004,Chennai,13.0827,80.2707,False,22,1,8
2026-08-18 23:00:00,31.2,67.0,1007.5,AWS004,Chennai,13.0827,80.2707,False,23,1,8
2026-08-19 00:00:00,28.6,78.0,1007.5,AWS004,Chennai,13.0827,80.2707,False,0,2,8
2026-08-19 01:00:00,27.8,80.0,1007.0,AWS004,Chennai,13.0827,80.2707,False,1,2,8
2026-08-19 02:00:00,27.6,79.0,1007.0,AWS004,Chennai,13.0827,80.2707,False,2,2,8
2026-08-19 03:00:00,26.1,86.0,1006.7,AWS004,Chennai,13.0827,80.2707,False,3,2,8
2026-08-19 04:00:00,25.8,91.0,1006.9,AWS004,Chennai,13.0827,80.2707,False,4,2,8
2026-08-19 05:00:00,27.7,79.0,1006.9,AWS004,Chennai,13.0827,80.2707,False,5,2,8
2026-08-19 06:00:00,27.1,83.0,1007.9,AWS004,Chennai,13.0827,80.2707,False,6,2,8
2026-08-19 07:00:00,27.6,82.0,1007.9,AWS004,Chennai,13.0827,80.2707,False,7,2,8
2026-08-19 08:00:00,30.0,72.0,1008.0,AWS004,Chennai,13.0827,80.2707,False,8,2,8
2026-08-19 09:00:00,32.5,58.0,1007.9,AWS004,Chennai,13.0827,80.2707,False,9,2,8
2026-08-19 10:00:00,34.6,48.0,1007.7,AWS004,Chennai,13.0827,80.2707,False,10,2,8
2026-08-19 11:00:00,35.9,44.0,1007.4,AWS004,Chennai,13.0827,80.2707,False,11,2,8
2026-08-19 12:00:00,35.2,45.0,1006.9,AWS004,Chennai,13.0827,80.2707,False,12,2,8
2026-08-19 13:00:00,34.7,48.0,1006.1,AWS004,Chennai,13.0827,80.2707,False,13,2,8
2026-08-19 14:00:00,28.9,77.0,1005.5,AWS004,Chennai,13.0827,80.2707,False,14,2,8
2026-08-19 15:00:00,30.4,68.0,1004.8,AWS004,Chennai,13.0827,80.2707,False,15,2,8
2026-08-19 16:00:00,31.4,65.0,1005.0,AWS004,Chennai,13.0827,80.2707,False,16,2,8
2026-08-19 17:00:00,31.6,65.0,1005.1,AWS004,Chennai,13.0827,80.2707,False,17,2,8
2026-08-19 18:00:00,30.1,75.0,1006.0,AWS004,Chennai,13.0827,80.2707,False,18,2,8
2026-08-19 19:00:00,29.9,77.0,1006.9,AWS004,Chennai,13.0827,80.2707,False,19,2,8
2026-08-19 20:00:00,29.6,79.0,1007.3,AWS004,Chennai,13.0827,80.2707,False,20,2,8
2026-08-19 21:00:00,29.4,80.0,1007.8,AWS004,Chennai,13.0827,80.2707,False,21,2,8
2026-08-19 22:00:00,28.9,80.0,1008.5,AWS004,Chennai,13.0827,80.2707,False,22,2,8
2026-08-19 23:00:00,27.8,85.0,1008.1,AWS004,Chennai,13.0827,80.2707,False,23,2,8
2026-08-20 00:00:00,27.5,86.0,1007.7,AWS004,Chennai,13.0827,80.2707,False,0,3,8
2026-08-20 01:00:00,26.8,88.0,1007.4,AWS004,Chennai,13.0827,80.2707,False,1,3,8
2026-08-20 02:00:00,26.7,88.0,1006.6,AWS004,Chennai,13.0827,80.2707,False,2,3,8
2026-08-20 03:00:00,26.7,89.0,1006.7,AWS004,Chennai,13.0827,80.2707,False,3,3,8
2026-08-20 04:00:00,26.6,91.0,1006.7,AWS004,Chennai,13.0827,80.2707,False,4,3,8
2026-08-20 05:00:00,27.3,85.0,1006.3,AWS004,Chennai,13.0827,80.2707,False,5,3,8
2026-08-20 06:00:00,27.4,84.0,1006.8,AWS004,Chennai,13.0827,80.2707,False,6,3,8
2026-08-20 07:00:00,28.7,78.0,1007.5,AWS004,Chennai,13.0827,80.2707,False,7,3,8
2026-08-20 08:00:00,30.6,68.0,1007.8,AWS004,Chennai,13.0827,80.2707,False,8,3,8
2026-08-20 09:00:00,32.3,59.0,1008.0,AWS004,Chennai,13.0827,80.2707,False,9,3,8
2026-08-20 10:00:00,33.8,54.0,1007.6,AWS004,Chennai,13.0827,80.2707,False,10,3,8
2026-08-20 11:00:00,34.8,50.0,1006.6,AWS004,Chennai,13.0827,80.2707,False,11,3,8
2026-08-20 12:00:00,35.3,48.0,1005.9,AWS004,Chennai,13.0827,80.2707,False,12,3,8
2026-08-20 13:00:00,35.8,45.0,1004.9,AWS004,Chennai,13.0827,80.2707,False,13,3,8
2026-08-20 14:00:00,34.9,47.0,1004.0,AWS004,Chennai,13.0827,80.2707,False,14,3,8
2026-08-20 15:00:00,32.5,60.0,1003.7,AWS004,Chennai,13.0827,80.2707,False,15,3,8
2026-08-20 16:00:00,31.0,69.0,1003.4,AWS004,Chennai,13.0827,80.2707,False,16,3,8
2026-08-20 17:00:00,32.5,62.0,1003.6,AWS004,Chennai,13.0827,80.2707,False,17,3,8
2026-08-20 18:00:00,31.9,67.0,1004.6,AWS004,Chennai,13.0827,80.2707,False,18,3,8
2026-08-20 19:00:00,29.9,76.0,1005.5,AWS004,Chennai,13.0827,80.2707,False,19,3,8
2026-08-20 20:00:00,29.9,76.0,1006.4,AWS004,Chennai,13.0827,80.2707,False,20,3,8
2026-08-20 21:00:00,29.6,76.0,1007.2,AWS004,Chennai,13.0827,80.2707,False,21,3,8
2026-08-20 22:00:00,28.9,78.0,1007.5,AWS004,Chennai,13.0827,80.2707,False,22,3,8
2026-08-20 23:00:00,29.5,76.0,1007.3,AWS004,Chennai,13.0827,80.2707,False,23,3,8
2026-08-21 00:00:00,29.0,76.0,1006.8,AWS004,Chennai,13.0827,80.2707,False,0,4,8
2026-08-21 01:00:00,28.3,77.0,1005.7,AWS004,Chennai,13.0827,80.2707,False,1,4,8
2026-08-21 02:00:00,28.0,77.0,1005.1,AWS004,Chennai,13.0827,80.2707,False,2,4,8
2026-08-21 03:00:00,27.8,78.0,1004.9,AWS004,Chennai,13.0827,80.2707,False,3,4,8
2026-08-21 04:00:00,27.6,79.0,1005.1,AWS004,Chennai,13.0827,80.2707,False,4,4,8
2026-08-21 05:00:00,28.4,77.0,1005.4,AWS004,Chennai,13.0827,80.2707,False,5,4,8
2026-08-21 06:00:00,28.6,72.0,1005.8,AWS004,Chennai,13.0827,80.2707,False,6,4,8
2026-08-21 07:00:00,30.5,58.0,1006.2,AWS004,Chennai,13.0827,80.2707,False,7,4,8
2026-08-21 08:00:00,32.2,50.0,1006.6,AWS004,Chennai,13.0827,80.2707,False,8,4,8
2026-08-21 09:00:00,33.5,46.0,1006.6,AWS004,Chennai,13.0827,80.2707,False,9,4,8
2026-08-21 10:00:00,34.9,44.0,1006.2,AWS004,Chennai,13.0827,80.2707,False,10,4,8
2026-08-21 11:00:00,35.4,44.0,1005.8,AWS004,Chennai,13.0827,80.2707,False,11,4,8
2026-08-21 12:00:00,36.3,41.0,1005.4,AWS004,Chennai,13.0827,80.2707,False,12,4,8
2026-08-21 13:00:00,35.2,45.0,1004.5,AWS004,Chennai,13.0827,80.2707,False,13,4,8
2026-08-21 14:00:00,31.7,58.0,1003.8,AWS004,Chennai,13.0827,80.2707,False,14,4,8
2026-08-21 15:00:00,29.4,67.0,1004.4,AWS004,Chennai,13.0827,80.2707,False,15,4,8
2026-08-21 16:00:00,30.9,62.0,1004.1,AWS004,Chennai,13.0827,80.2707,False,16,4,8
2026-08-21 17:00:00,30.0,72.0,1004.4,AWS004,Chennai,13.0827,80.2707,False,17,4,8
2026-08-21 18:00:00,30.0,72.0,1005.7,AWS004,Chennai,13.0827,80.2707,False,18,4,8
2026-08-21 19:00:00,28.9,77.0,1006.0,AWS004,Chennai,13.0827,80.2707,False,19,4,8
2026-08-21 20:00:00,28.6,78.0,1006.5,AWS004,Chennai,13.0827,80.2707,False,20,4,8
2026-08-21 21:00:00,28.3,76.0,1007.0,AWS004,Chennai,13.0827,80.2707,False,21,4,8
2026-08-21 22:00:00,28.1,73.0,1007.5,AWS004,Chennai,13.0827,80.2707,False,22,4,8
2026-08-21 23:00:00,28.7,69.0,1006.3,AWS004,Chennai,13.0827,80.2707,False,23,4,8
2026-08-22 00:00:00,27.8,74.0,1006.1,AWS004,Chennai,13.0827,80.2707,False,0,5,8
2026-08-22 01:00:00,27.2,79.0,1005.5,AWS004,Chennai,13.0827,80.2707,False,1,5,8
2026-08-22 02:00:00,27.1,81.0,1005.0,AWS004,Chennai,13.0827,80.2707,False,2,5,8
2026-08-22 03:00:00,27.1,81.0,1004.8,AWS004,Chennai,13.0827,80.2707,False,3,5,8
2026-08-22 04:00:00,26.9,82.0,1005.1,AWS004,Chennai,13.0827,80.2707,False,4,5,8
2026-08-22 05:00:00,28.2,70.0,1005.2,AWS004,Chennai,13.0827,80.2707,False,5,5,8
2026-08-22 06:00:00,27.8,71.0,1005.6,AWS004,Chennai,13.0827,80.2707,False,6,5,8
2026-08-22 07:00:00,28.7,68.0,1006.3,AWS004,Chennai,13.0827,80.2707,False,7,5,8
2026-08-22 08:00:00,30.2,61.0,1006.8,AWS004,Chennai,13.0827,80.2707,False,8,5,8
2026-08-22 09:00:00,31.6,54.0,1006.9,AWS004,Chennai,13.0827,80.2707,False,9,5,8
2026-08-22 10:00:00,32.8,50.0,1006.7,AWS004,Chennai,13.0827,80.2707,False,10,5,8
2026-08-22 11:00:00,33.7,46.0,1006.2,AWS004,Chennai,13.0827,80.2707,False,11,5,8
2026-08-22 12:00:00,34.7,43.0,1005.6,AWS004,Chennai,13.0827,80.2707,False,12,5,8
2026-08-22 13:00:00,35.6,39.0,1004.3,AWS004,Chennai,13.0827,80.2707,False,13,5,8
2026-08-22 14:00:00,36.0,38.0,1003.1,AWS004,Chennai,13.0827,80.2707,False,14,5,8
2026-08-22 15:00:00,34.8,44.0,1002.6,AWS004,Chennai,13.0827,80.2707,False,15,5,8
2026-08-22 16:00:00,32.9,59.0,1002.7,AWS004,Chennai,13.0827,80.2707,False,16,5,8
2026-08-22 17:00:00,31.0,65.0,1003.4,AWS004,Chennai,13.0827,80.2707,False,17,5,8
2026-08-22 18:00:00,30.6,69.0,1004.3,AWS004,Chennai,13.0827,80.2707,False,18,5,8
2026-08-22 19:00:00,30.5,72.0,1004.9,AWS004,Chennai,13.0827,80.2707,False,19,5,8
2026-08-22 20:00:00,30.4,74.0,1005.6,AWS004,Chennai,13.0827,80.2707,False,20,5,8
2026-08-22 21:00:00,30.1,75.0,1006.2,AWS004,Chennai,13.0827,80.2707,False,21,5,8
2026-08-22 22:00:00,29.9,78.0,1006.6,AWS004,Chennai,13.0827,80.2707,False,22,5,8
2026-08-22 23:00:00,30.1,78.0,1006.0,AWS004,Chennai,13.0827,80.2707,False,23,5,8
2026-08-23 00:00:00,29.6,77.0,1005.4,AWS004,Chennai,13.0827,80.2707,False,0,6,8
2026-08-23 01:00:00,29.2,76.0,1005.0,AWS004,Chennai,13.0827,80.2707,False,1,6,8
2026-08-23 02:00:00,29.1,72.0,1004.7,AWS004,Chennai,13.0827,80.2707,False,2,6,8
2026-08-23 03:00:00,28.6,74.0,1004.4,AWS004,Chennai,13.0827,80.2707,False,3,6,8
2026-08-23 04:00:00,28.3,75.0,1004.5,AWS004,Chennai,13.0827,80.2707,False,4,6,8
2026-08-23 05:00:00,28.9,74.0,1004.9,AWS004,Chennai,13.0827,80.2707,False,5,6,8
2026-08-23 06:00:00,28.5,74.0,1005.4,AWS004,Chennai,13.0827,80.2707,False,6,6,8
2026-08-23 07:00:00,29.5,67.0,1006.3,AWS004,Chennai,13.0827,80.2707,False,7,6,8
2026-08-23 08:00:00,30.7,61.0,1006.6,AWS004,Chennai,13.0827,80.2707,False,8,6,8
2026-08-23 09:00:00,32.1,55.0,1006.8,AWS004,Chennai,13.0827,80.2707,False,9,6,8
2026-08-23 10:00:00,33.1,51.0,1006.6,AWS004,Chennai,13.0827,80.2707,False,10,6,8
2026-08-23 11:00:00,33.8,47.0,1006.2,AWS004,Chennai,13.0827,80.2707,False,11,6,8
2026-08-23 12:00:00,34.1,46.0,1005.4,AWS004,Chennai,13.0827,80.2707,False,12,6,8
2026-08-23 13:00:00,34.9,43.0,1004.4,AWS004,Chennai,13.0827,80.2707,False,13,6,8
2026-08-23 14:00:00,34.2,47.0,1003.4,AWS004,Chennai,13.0827,80.2707,False,14,6,8
2026-08-23 15:00:00,32.3,62.0,1003.2,AWS004,Chennai,13.0827,80.2707,False,15,6,8
2026-08-23 16:00:00,31.8,66.0,1003.0,AWS004,Chennai,13.0827,80.2707,False,16,6,8
2026-08-23 17:00:00,31.1,65.0,1003.6,AWS004,Chennai,13.0827,80.2707,False,17,6,8
2026-08-23 18:00:00,30.8,71.0,1004.8,AWS004,Chennai,13.0827,80.2707,False,18,6,8
2026-08-23 19:00:00,30.1,73.0,1005.3,AWS004,Chennai,13.0827,80.2707,False,19,6,8
2026-08-23 20:00:00,28.2,87.0,1006.5,AWS004,Chennai,13.0827,80.2707,False,20,6,8
2026-08-23 21:00:00,27.3,94.0,1007.3,AWS004,Chennai,13.0827,80.2707,False,21,6,8
2026-08-23 22:00:00,26.9,91.0,1007.8,AWS004,Chennai,13.0827,80.2707,False,22,6,8
2026-08-23 23:00:00,27.3,89.0,1007.1,AWS004,Chennai,13.0827,80.2707,False,23,6,8
2026-08-24 00:00:00,26.9,92.0,1006.5,AWS004,Chennai,13.0827,80.2707,False,0,0,8
2026-08-24 01:00:00,26.7,93.0,1005.8,AWS004,Chennai,13.0827,80.2707,False,1,0,8
2026-08-24 02:00:00,26.7,94.0,1005.3,AWS004,Chennai,13.0827,80.2707,False,2,0,8
2026-08-24 03:00:00,26.8,94.0,1005.0,AWS004,Chennai,13.0827,80.2707,False,3,0,8
2026-08-24 04:00:00,26.9,92.0,1005.0,AWS004,Chennai,13.0827,80.2707,False,4,0,8
2026-08-24 05:00:00,27.4,91.0,1005.3,AWS004,Chennai,13.0827,80.2707,False,5,0,8
2026-08-24 06:00:00,27.2,84.0,1005.9,AWS004,Chennai,13.0827,80.2707,False,6,0,8
2026-08-24 07:00:00,27.6,78.0,1006.4,AWS004,Chennai,13.0827,80.2707,False,7,0,8
2026-08-24 08:00:00,28.6,76.0,1007.0,AWS004,Chennai,13.0827,80.2707,False,8,0,8
2026-08-24 09:00:00,29.7,70.0,1007.3,AWS004,Chennai,13.0827,80.2707,False,9,0,8
2026-08-24 10:00:00,30.8,64.0,1006.9,AWS004,Chennai,13.0827,80.2707,False,10,0,8
2026-08-24 11:00:00,31.6,59.0,1006.9,AWS004,Chennai,13.0827,80.2707,False,11,0,8
2026-08-24 12:00:00,31.8,59.0,1006.4,AWS004,Chennai,13.0827,80.2707,False,12,0,8
2026-08-24 13:00:00,32.5,58.0,1005.0,AWS004,Chennai,13.0827,80.2707,False,13,0,8
2026-08-24 14:00:00,32.4,58.0,1004.1,AWS004,Chennai,13.0827,80.2707,False,14,0,8
2026-08-24 15:00:00,29.7,69.0,1004.4,AWS004,Chennai,13.0827,80.2707,False,15,0,8
2026-08-24 16:00:00,27.2,89.0,1004.5,AWS004,Chennai,13.0827,80.2707,False,16,0,8
2026-08-24 17:00:00,30.1,76.0,1004.1,AWS004,Chennai,13.0827,80.2707,False,17,0,8
2026-08-24 18:00:00,29.0,78.0,1005.2,AWS004,Chennai,13.0827,80.2707,False,18,0,8
2026-08-24 19:00:00,28.1,84.0,1006.7,AWS004,Chennai,13.0827,80.2707,False,19,0,8
2026-08-24 20:00:00,26.0,95.0,1007.4,AWS004,Chennai,13.0827,80.2707,False,20,0,8
2026-08-24 21:00:00,26.2,94.0,1007.8,AWS004,Chennai,13.0827,80.2707,False,21,0,8
2026-08-24 22:00:00,26.3,94.0,1008.0,AWS004,Chennai,13.0827,80.2707,False,22,0,8
2026-08-24 23:00:00,26.1,93.0,1007.9,AWS004,Chennai,13.0827,80.2707,False,23,0,8
2026-08-25 00:00:00,25.8,90.0,1007.3,AWS004,Chennai,13.0827,80.2707,False,0,1,8
2026-08-25 01:00:00,25.9,89.0,1006.7,AWS004,Chennai,13.0827,80.2707,False,1,1,8
2026-08-25 02:00:00,25.9,90.0,1006.1,AWS004,Chennai,13.0827,80.2707,False,2,1,8
2026-08-25 03:00:00,25.9,89.0,1005.6,AWS004,Chennai,13.0827,80.2707,False,3,1,8
2026-08-25 04:00:00,26.0,88.0,1005.8,AWS004,Chennai,13.0827,80.2707,False,4,1,8
2026-08-25 05:00:00,26.7,87.0,1006.0,AWS004,Chennai,13.0827,80.2707,False,5,1,8
2026-08-25 06:00:00,26.8,86.0,1006.3,AWS004,Chennai,13.0827,80.2707,False,6,1,8
2026-08-25 07:00:00,27.6,82.0,1007.5,AWS004,Chennai,13.0827,80.2707,False,7,1,8
2026-08-25 08:00:00,28.4,80.0,1008.0,AWS004,Chennai,13.0827,80.2707,False,8,1,8
2026-08-25 09:00:00,29.7,72.0,1008.2,AWS004,Chennai,13.0827,80.2707,False,9,1,8
2026-08-25 10:00:00,30.8,67.0,1008.0,AWS004,Chennai,13.0827,80.2707,False,10,1,8
2026-08-25 11:00:00,32.5,61.0,1007.4,AWS004,Chennai,13.0827,80.2707,False,11,1,8
2026-08-25 12:00:00,32.3,60.0,1006.9,AWS004,Chennai,13.0827,80.2707,False,12,1,8
2026-08-25 13:00:00,32.8,58.0,1005.8,AWS004,Chennai,13.0827,80.2707,False,13,1,8
2026-08-25 14:00:00,32.3,60.0,1004.6,AWS004,Chennai,13.0827,80.2707,False,14,1,8
2026-08-25 15:00:00,32.1,62.0,1004.0,AWS004,Chennai,13.0827,80.2707,False,15,1,8
2026-08-25 16:00:00,31.9,65.0,1004.0,AWS004,Chennai,13.0827,80.2707,False,16,1,8
2026-08-25 17:00:00,30.7,74.0,1003.9,AWS004,Chennai,13.0827,80.2707,False,17,1,8
2026-08-25 18:00:00,29.6,79.0,1005.4,AWS004,Chennai,13.0827,80.2707,False,18,1,8
2026-08-25 19:00:00,28.7,86.0,1006.2,AWS004,Chennai,13.0827,80.2707,False,19,1,8
2026-08-25 20:00:00,28.6,87.0,1007.0,AWS004,Chennai,13.0827,80.2707,False,20,1,8
2026-08-25 21:00:00,28.8,86.0,1007.5,AWS004,Chennai,13.0827,80.2707,False,21,1,8
2026-08-25 22:00:00,28.6,85.0,1007.7,AWS004,Chennai,13.0827,80.2707,False,22,1,8
2026-08-25 23:00:00,29.6,77.0,1007.1,AWS004,Chennai,13.0827,80.2707,False,23,1,8
2026-08-26 00:00:00,27.8,80.0,1007.4,AWS004,Chennai,13.0827,80.2707,False,0,2,8
2026-08-26 01:00:00,26.5,86.0,1006.9,AWS004,Chennai,13.0827,80.2707,False,1,2,8
2026-08-26 02:00:00,26.6,87.0,1006.5,AWS004,Chennai,13.0827,80.2707,False,2,2,8
2026-08-26 03:00:00,26.6,88.0,1006.0,AWS004,Chennai,13.0827,80.2707,False,3,2,8
2026-08-26 04:00:00,26.7,88.0,1006.3,AWS004,Chennai,13.0827,80.2707,False,4,2,8
2026-08-26 05:00:00,28.6,73.0,1006.0,AWS004,Chennai,13.0827,80.2707,False,5,2,8
2026-08-26 06:00:00,28.3,71.0,1006.6,AWS004,Chennai,13.0827,80.2707,False,6,2,8
2026-08-26 07:00:00,29.0,69.0,1007.5,AWS004,Chennai,13.0827,80.2707,False,7,2,8
2026-08-26 08:00:00,30.0,67.0,1008.2,AWS004,Chennai,13.0827,80.2707,False,8,2,8
2026-08-26 09:00:00,31.0,62.0,1008.1,AWS004,Chennai,13.0827,80.2707,False,9,2,8
2026-08-26 10:00:00,32.0,59.0,1007.7,AWS004,Chennai,13.0827,80.2707,False,10,2,8
2026-08-26 11:00:00,33.3,53.0,1007.6,AWS004,Chennai,13.0827,80.2707,False,11,2,8
2026-08-26 12:00:00,33.7,54.0,1006.7,AWS004,Chennai,13.0827,80.2707,False,12,2,8
2026-08-26 13:00:00,34.3,51.0,1005.6,AWS004,Chennai,13.0827,80.2707,False,13,2,8
2026-08-26 14:00:00,34.6,51.0,1004.5,AWS004,Chennai,13.0827,80.2707,False,14,2,8
2026-08-26 15:00:00,34.6,51.0,1003.7,AWS004,Chennai,13.0827,80.2707,False,15,2,8
2026-08-26 16:00:00,33.9,54.0,1003.2,AWS004,Chennai,13.0827,80.2707,False,16,2,8
2026-08-26 17:00:00,31.6,70.0,1004.1,AWS004,Chennai,13.0827,80.2707,False,17,2,8
2026-08-26 18:00:00,30.8,71.0,1005.1,AWS004,Chennai,13.0827,80.2707,False,18,2,8
2026-08-26 19:00:00,30.5,73.0,1006.1,AWS004,Chennai,13.0827,80.2707,False,19,2,8
2026-08-26 20:00:00,29.9,76.0,1006.5,AWS004,Chennai,13.0827,80.2707,False,20,2,8
2026-08-26 21:00:00,29.4,74.0,1007.3,AWS004,Chennai,13.0827,80.2707,False,21,2,8
2026-08-26 22:00:00,29.1,74.0,1007.7,AWS004,Chennai,13.0827,80.2707,False,22,2,8
2026-08-26 23:00:00,29.4,73.0,1007.0,AWS004,Chennai,13.0827,80.2707,False,23,2,8
2026-08-27 00:00:00,28.8,76.0,1006.5,AWS004,Chennai,13.0827,80.2707,False,0,3,8
2026-08-27 01:00:00,28.4,79.0,1006.2,AWS004,Chennai,13.0827,80.2707,False,1,3,8
2026-08-27 02:00:00,28.1,81.0,1005.4,AWS004,Chennai,13.0827,80.2707,False,2,3,8
2026-08-27 03:00:00,28.0,81.0,1005.2,AWS004,Chennai,13.0827,80.2707,False,3,3,8
2026-08-27 04:00:00,28.0,78.0,1005.8,AWS004,Chennai,13.0827,80.2707,False,4,3,8
2026-08-27 05:00:00,28.5,73.0,1006.0,AWS004,Chennai,13.0827,80.2707,False,5,3,8
2026-08-27 06:00:00,28.2,72.0,1006.3,AWS004,Chennai,13.0827,80.2707,False,6,3,8
2026-08-27 07:00:00,29.2,69.0,1007.1,AWS004,Chennai,13.0827,80.2707,False,7,3,8
2026-08-27 08:00:00,30.8,62.0,1007.7,AWS004,Chennai,13.0827,80.2707,False,8,3,8
2026-08-27 09:00:00,31.9,58.0,1007.3,AWS004,Chennai,13.0827,80.2707,False,9,3,8
2026-08-27 10:00:00,33.1,54.0,1007.1,AWS004,Chennai,13.0827,80.2707,False,10,3,8
2026-08-27 11:00:00,34.3,51.0,1006.9,AWS004,Chennai,13.0827,80.2707,False,11,3,8
2026-08-27 12:00:00,34.6,51.0,1006.1,AWS004,Chennai,13.0827,80.2707,False,12,3,8
2026-08-27 13:00:00,34.7,49.0,1005.4,AWS004,Chennai,13.0827,80.2707,False,13,3,8
2026-08-27 14:00:00,33.6,53.0,1004.4,AWS004,Chennai,13.0827,80.2707,False,14,3,8
2026-08-27 15:00:00,33.5,54.0,1003.9,AWS004,Chennai,13.0827,80.2707,False,15,3,8
2026-08-27 16:00:00,31.4,66.0,1003.5,AWS004,Chennai,13.0827,80.2707,False,16,3,8
2026-08-27 17:00:00,31.7,68.0,1004.2,AWS004,Chennai,13.0827,80.2707,False,17,3,8
2026-08-27 18:00:00,31.5,67.0,1005.1,AWS004,Chennai,13.0827,80.2707,False,18,3,8
2026-08-27 19:00:00,31.1,71.0,1005.9,AWS004,Chennai,13.0827,80.2707,False,19,3,8
2026-08-27 20:00:00,30.7,73.0,1006.8,AWS004,Chennai,13.0827,80.2707,False,20,3,8
2026-08-27 21:00:00,30.3,80.0,1007.6,AWS004,Chennai,13.0827,80.2707,False,21,3,8
2026-08-27 22:00:00,30.0,84.0,1007.5,AWS004,Chennai,13.0827,80.2707,False,22,3,8
2026-08-27 23:00:00,30.0,85.0,1006.7,AWS004,Chennai,13.0827,80.2707,False,23,3,8
2026-08-28 00:00:00,29.6,85.0,1006.0,AWS004,Chennai,13.0827,80.2707,False,0,4,8
2026-08-28 01:00:00,29.1,85.0,1005.3,AWS004,Chennai,13.0827,80.2707,False,1,4,8
2026-08-28 02:00:00,28.8,80.0,1005.0,AWS004,Chennai,13.0827,80.2707,False,2,4,8
2026-08-28 03:00:00,28.9,68.0,1004.8,AWS004,Chennai,13.0827,80.2707,False,3,4,8
2026-08-28 04:00:00,28.6,67.0,1005.0,AWS004,Chennai,13.0827,80.2707,False,4,4,8
2026-08-28 05:00:00,29.0,67.0,1005.6,AWS004,Chennai,13.0827,80.2707,False,5,4,8
2026-08-28 06:00:00,28.5,68.0,1006.2,AWS004,Chennai,13.0827,80.2707,False,6,4,8
2026-08-28 07:00:00,29.7,64.0,1007.1,AWS004,Chennai,13.0827,80.2707,False,7,4,8
2026-08-28 08:00:00,30.9,58.0,1007.4,AWS004,Chennai,13.0827,80.2707,False,8,4,8
2026-08-28 09:00:00,32.0,56.0,1007.3,AWS004,Chennai,13.0827,80.2707,False,9,4,8
2026-08-28 10:00:00,33.0,53.0,1007.1,AWS004,Chennai,13.0827,80.2707,False,10,4,8
2026-08-28 11:00:00,34.2,49.0,1006.7,AWS004,Chennai,13.0827,80.2707,False,11,4,8
2026-08-28 12:00:00,35.4,45.0,1005.6,AWS004,Chennai,13.0827,80.2707,False,12,4,8
2026-08-28 13:00:00,35.9,43.0,1004.4,AWS004,Chennai,13.0827,80.2707,False,13,4,8
2026-08-28 14:00:00,35.9,42.0,1003.8,AWS004,Chennai,13.0827,80.2707,False,14,4,8
2026-08-28 15:00:00,33.8,51.0,1003.7,AWS004,Chennai,13.0827,80.2707,False,15,4,8
2026-08-28 16:00:00,32.6,58.0,1003.4,AWS004,Chennai,13.0827,80.2707,False,16,4,8
2026-08-28 17:00:00,30.2,74.0,1004.1,AWS004,Chennai,13.0827,80.2707,False,17,4,8
2026-08-28 18:00:00,31.2,62.0,1004.5,AWS004,Chennai,13.0827,80.2707,False,18,4,8
2026-08-28 19:00:00,31.1,63.0,1005.5,AWS004,Chennai,13.0827,80.2707,False,19,4,8
2026-08-28 20:00:00,30.3,74.0,1006.6,AWS004,Chennai,13.0827,80.2707,False,20,4,8
2026-08-28 21:00:00,30.2,76.0,1007.5,AWS004,Chennai,13.0827,80.2707,False,21,4,8
2026-08-28 22:00:00,29.8,77.0,1007.7,AWS004,Chennai,13.0827,80.2707,False,22,4,8
2026-08-28 23:00:00,29.0,75.0,1006.7,AWS004,Chennai,13.0827,80.2707,False,23,4,8
2026-08-29 00:00:00,28.8,76.0,1006.1,AWS004,Chennai,13.0827,80.2707,False,0,5,8
2026-08-29 01:00:00,29.7,61.0,1005.7,AWS004,Chennai,13.0827,80.2707,False,1,5,8
2026-08-29 02:00:00,29.7,56.0,1005.1,AWS004,Chennai,13.0827,80.2707,False,2,5,8
2026-08-29 03:00:00,29.7,57.0,1004.9,AWS004,Chennai,13.0827,80.2707,False,3,5,8
2026-08-29 04:00:00,29.3,59.0,1005.0,AWS004,Chennai,13.0827,80.2707,False,4,5,8
2026-08-29 05:00:00,29.5,60.0,1005.3,AWS004,Chennai,13.0827,80.2707,False,5,5,8
2026-08-29 06:00:00,28.8,63.0,1005.9,AWS004,Chennai,13.0827,80.2707,False,6,5,8
2026-08-29 07:00:00,29.5,63.0,1006.7,AWS004,Chennai,13.0827,80.2707,False,7,5,8
2026-08-29 08:00:00,30.5,59.0,1007.1,AWS004,Chennai,13.0827,80.2707,False,8,5,8
2026-08-29 09:00:00,31.5,57.0,1007.1,AWS004,Chennai,13.0827,80.2707,False,9,5,8
2026-08-29 10:00:00,32.8,53.0,1007.0,AWS004,Chennai,13.0827,80.2707,False,10,5,8
2026-08-29 11:00:00,34.0,50.0,1006.5,AWS004,Chennai,13.0827,80.2707,False,11,5,8
2026-08-29 12:00:00,34.9,47.0,1005.9,AWS004,Chennai,13.0827,80.2707,False,12,5,8
2026-08-29 13:00:00,36.0,43.0,1005.0,AWS004,Chennai,13.0827,80.2707,False,13,5,8
2026-08-29 14:00:00,36.6,40.0,1003.7,AWS004,Chennai,13.0827,80.2707,False,14,5,8
2026-08-29 15:00:00,35.2,44.0,1003.4,AWS004,Chennai,13.0827,80.2707,False,15,5,8
2026-08-29 16:00:00,32.0,60.0,1003.1,AWS004,Chennai,13.0827,80.2707,False,16,5,8
2026-08-29 17:00:00,30.8,62.0,1003.8,AWS004,Chennai,13.0827,80.2707,False,17,5,8
2026-08-29 18:00:00,31.0,61.0,1004.3,AWS004,Chennai,13.0827,80.2707,False,18,5,8
2026-08-29 19:00:00,30.9,68.0,1005.3,AWS004,Chennai,13.0827,80.2707,False,19,5,8
2026-08-29 20:00:00,30.7,67.0,1006.3,AWS004,Chennai,13.0827,80.2707,False,20,5,8
2026-08-29 21:00:00,30.4,62.0,1007.2,AWS004,Chennai,13.0827,80.2707,False,21,5,8
2026-08-29 22:00:00,29.6,62.0,1007.7,AWS004,Chennai,13.0827,80.2707,False,22,5,8
2026-08-29 23:00:00,29.7,64.0,1006.3,AWS004,Chennai,13.0827,80.2707,False,23,5,8
2026-08-30 00:00:00,29.1,68.0,1006.3,AWS004,Chennai,13.0827,80.2707,False,0,6,8
2026-08-30 01:00:00,29.0,65.0,1006.1,AWS004,Chennai,13.0827,80.2707,False,1,6,8
2026-08-30 02:00:00,28.8,61.0,1005.8,AWS004,Chennai,13.0827,80.2707,False,2,6,8
2026-08-30 03:00:00,28.4,60.0,1005.5,AWS004,Chennai,13.0827,80.2707,False,3,6,8
2026-08-30 04:00:00,28.1,60.0,1005.4,AWS004,Chennai,13.0827,80.2707,False,4,6,8
2026-08-30 05:00:00,28.9,56.0,1005.9,AWS004,Chennai,13.0827,80.2707,False,5,6,8
2026-08-30 06:00:00,28.5,58.0,1006.4,AWS004,Chennai,13.0827,80.2707,False,6,6,8
2026-08-30 07:00:00,29.4,57.0,1007.2,AWS004,Chennai,13.0827,80.2707,False,7,6,8
2026-08-30 08:00:00,30.5,54.0,1007.5,AWS004,Chennai,13.0827,80.2707,False,8,6,8
2026-08-30 09:00:00,31.5,52.0,1007.7,AWS004,Chennai,13.0827,80.2707,False,9,6,8
2026-08-30 10:00:00,32.5,50.0,1007.3,AWS004,Chennai,13.0827,80.2707,False,10,6,8
2026-08-30 11:00:00,33.8,47.0,1007.1,AWS004,Chennai,13.0827,80.2707,False,11,6,8
2026-08-30 12:00:00,34.8,45.0,1006.1,AWS004,Chennai,13.0827,80.2707,False,12,6,8
2026-08-30 13:00:00,35.6,42.0,1004.9,AWS004,Chennai,13.0827,80.2707,False,13,6,8
2026-08-30 14:00:00,36.3,38.0,1003.8,AWS004,Chennai,13.0827,80.2707,False,14,6,8
2026-08-30 15:00:00,36.0,37.0,1003.5,AWS004,Chennai,13.0827,80.2707,False,15,6,8
2026-08-30 16:00:00,34.4,47.0,1003.3,AWS004,Chennai,13.0827,80.2707,False,16,6,8
2026-08-30 17:00:00,31.9,66.0,1004.0,AWS004,Chennai,13.0827,80.2707,False,17,6,8
2026-08-30 18:00:00,30.5,74.0,1004.9,AWS004,Chennai,13.0827,80.2707,False,18,6,8
2026-08-30 19:00:00,29.9,76.0,1005.5,AWS004,Chennai,13.0827,80.2707,False,19,6,8
2026-08-30 20:00:00,29.7,74.0,1006.3,AWS004,Chennai,13.0827,80.2707,False,20,6,8
2026-08-30 21:00:00,29.6,78.0,1007.1,AWS004,Chennai,13.0827,80.2707,False,21,6,8
2026-08-30 22:00:00,29.0,82.0,1007.9,AWS004,Chennai,13.0827,80.2707,False,22,6,8
2026-08-30 23:00:00,29.2,76.0,1007.0,AWS004,Chennai,13.0827,80.2707,False,23,6,8
2026-08-31 00:00:00,28.9,69.0,1006.6,AWS004,Chennai,13.0827,80.2707,False,0,0,8
2026-08-31 01:00:00,28.6,68.0,1006.5,AWS004,Chennai,13.0827,80.2707,False,1,0,8
2026-08-31 02:00:00,27.5,72.0,1006.3,AWS004,Chennai,13.0827,80.2707,False,2,0,8
2026-08-31 03:00:00,27.2,73.0,1006.1,AWS004,Chennai,13.0827,80.2707,False,3,0,8
2026-08-31 04:00:00,27.4,71.0,1006.6,AWS004,Chennai,13.0827,80.2707,False,4,0,8
2026-08-31 05:00:00,28.2,67.0,1006.3,AWS004,Chennai,13.0827,80.2707,False,5,0,8
2026-08-31 06:00:00,27.7,68.0,1007.0,AWS004,Chennai,13.0827,80.2707,False,6,0,8
2026-08-31 07:00:00,28.6,66.0,1007.6,AWS004,Chennai,13.0827,80.2707,False,7,0,8
2026-08-31 08:00:00,29.8,61.0,1007.7,AWS004,Chennai,13.0827,80.2707,False,8,0,8
2026-08-31 09:00:00,31.0,55.0,1007.5,AWS004,Chennai,13.0827,80.2707,False,9,0,8
2026-08-31 10:00:00,32.2,52.0,1007.1,AWS004,Chennai,13.0827,80.2707,False,10,0,8
2026-08-31 11:00:00,33.5,49.0,1006.6,AWS004,Chennai,13.0827,80.2707,False,11,0,8
2026-08-31 12:00:00,34.2,48.0,1005.9,AWS004,Chennai,13.0827,80.2707,False,12,0,8
2026-08-31 13:00:00,34.9,45.0,1004.8,AWS004,Chennai,13.0827,80.2707,False,13,0,8
2026-08-31 14:00:00,35.4,42.0,1003.7,AWS004,Chennai,13.0827,80.2707,False,14,0,8
2026-08-31 15:00:00,35.3,41.0,1003.1,AWS004,Chennai,13.0827,80.2707,False,15,0,8
2026-08-31 16:00:00,34.7,43.0,1002.9,AWS004,Chennai,13.0827,80.2707,False,16,0,8
2026-08-31 17:00:00,31.6,67.0,1003.6,AWS004,Chennai,13.0827,80.2707,False,17,0,8
2026-08-31 18:00:00,30.1,73.0,1004.6,AWS004,Chennai,13.0827,80.2707,False,18,0,8
2026-08-31 19:00:00,30.0,75.0,1005.6,AWS004,Chennai,13.0827,80.2707,False,19,0,8
2026-08-31 20:00:00,29.8,76.0,1006.1,AWS004,Chennai,13.0827,80.2707,False,20,0,8
2026-08-31 21:00:00,29.5,75.0,1006.7,AWS004,Chennai,13.0827,80.2707,False,21,0,8
2026-08-31 22:00:00,29.1,80.0,1007.2,AWS004,Chennai,13.0827,80.2707,False,22,0,8
2026-08-31 23:00:00,29.7,78.0,1006.5,AWS004,Chennai,13.0827,80.2707,False,23,0,8
2026-09-01 00:00:00,29.2,81.0,1006.1,AWS004,Chennai,13.0827,80.2707,False,0,1,9
2026-09-01 01:00:00,29.0,85.0,1005.9,AWS004,Chennai,13.0827,80.2707,False,1,1,9
2026-09-01 02:00:00,28.7,85.0,1005.4,AWS004,Chennai,13.0827,80.2707,False,2,1,9
2026-09-01 03:00:00,28.1,84.0,1005.2,AWS004,Chennai,13.0827,80.2707,False,3,1,9
2026-09-01 04:00:00,27.6,83.0,1005.4,AWS004,Chennai,13.0827,80.2707,False,4,1,9
2026-09-01 05:00:00,28.4,78.0,1005.6,AWS004,Chennai,13.0827,80.2707,False,5,1,9
2026-09-01 06:00:00,28.2,77.0,1006.2,AWS004,Chennai,13.0827,80.2707,False,6,1,9
2026-09-01 07:00:00,29.5,71.0,1007.0,AWS004,Chennai,13.0827,80.2707,False,7,1,9
2026-09-01 08:00:00,31.3,59.0,1007.4,AWS004,Chennai,13.0827,80.2707,False,8,1,9
2026-09-01 09:00:00,32.4,53.0,1007.3,AWS004,Chennai,13.0827,80.2707,False,9,1,9
2026-09-01 10:00:00,33.5,51.0,1007.2,AWS004,Chennai,13.0827,80.2707,False,10,1,9
2026-09-01 11:00:00,34.2,48.0,1007.2,AWS004,Chennai,13.0827,80.2707,False,11,1,9
2026-09-01 12:00:00,34.4,50.0,1006.4,AWS004,Chennai,13.0827,80.2707,False,12,1,9
2026-09-01 13:00:00,34.2,51.0,1005.6,AWS004,Chennai,13.0827,80.2707,False,13,1,9
2026-09-01 14:00:00,34.0,52.0,1004.8,AWS004,Chennai,13.0827,80.2707,False,14,1,9
2026-09-01 15:00:00,33.4,54.0,1004.5,AWS004,Chennai,13.0827,80.2707,False,15,1,9
2026-09-01 16:00:00,32.1,59.0,1004.6,AWS004,Chennai,13.0827,80.2707,False,16,1,9
2026-09-01 17:00:00,31.9,60.0,1005.1,AWS004,Chennai,13.0827,80.2707,False,17,1,9
2026-09-01 18:00:00,31.2,64.0,1006.0,AWS004,Chennai,13.0827,80.2707,False,18,1,9
2026-09-01 19:00:00,30.9,70.0,1006.8,AWS004,Chennai,13.0827,80.2707,False,19,1,9
2026-09-01 20:00:00,30.8,69.0,1007.7,AWS004,Chennai,13.0827,80.2707,False,20,1,9
2026-09-01 21:00:00,30.4,71.0,1008.5,AWS004,Chennai,13.0827,80.2707,False,21,1,9
2026-09-01 22:00:00,29.8,71.0,1009.0,AWS004,Chennai,13.0827,80.2707,False,22,1,9
2026-09-01 23:00:00,30.3,67.0,1007.9,AWS004,Chennai,13.0827,80.2707,False,23,1,9
2026-09-02 00:00:00,29.7,71.0,1007.6,AWS004,Chennai,13.0827,80.2707,False,0,2,9
2026-09-02 01:00:00,29.1,72.0,1007.2,AWS004,Chennai,13.0827,80.2707,False,1,2,9
2026-09-02 02:00:00,28.8,73.0,1006.6,AWS004,Chennai,13.0827,80.2707,False,2,2,9
2026-09-02 03:00:00,28.5,75.0,1006.8,AWS004,Chennai,13.0827,80.2707,False,3,2,9
2026-09-02 04:00:00,28.2,75.0,1006.9,AWS004,Chennai,13.0827,80.2707,False,4,2,9
2026-09-02 05:00:00,27.6,79.0,1007.5,AWS004,Chennai,13.0827,80.2707,False,5,2,9
2026-09-02 06:00:00,26.7,84.0,1007.1,AWS004,Chennai,13.0827,80.2707,False,6,2,9
2026-09-02 07:00:00,28.6,77.0,1007.8,AWS004,Chennai,13.0827,80.2707,False,7,2,9
2026-09-02 08:00:00,30.9,67.0,1008.3,AWS004,Chennai,13.0827,80.2707,False,8,2,9
2026-09-02 09:00:00,32.8,56.0,1008.1,AWS004,Chennai,13.0827,80.2707,False,9,2,9
2026-09-02 10:00:00,34.2,49.0,1008.1,AWS004,Chennai,13.0827,80.2707,False,10,2,9
2026-09-02 11:00:00,35.2,47.0,1007.6,AWS004,Chennai,13.0827,80.2707,False,11,2,9
2026-09-02 12:00:00,35.5,46.0,1006.8,AWS004,Chennai,13.0827,80.2707,False,12,2,9
2026-09-02 13:00:00,35.6,44.0,1005.9,AWS004,Chennai,13.0827,80.2707,False,13,2,9
2026-09-02 14:00:00,34.4,49.0,1005.0,AWS004,Chennai,13.0827,80.2707,False,14,2,9
2026-09-02 15:00:00,32.0,62.0,1004.7,AWS004,Chennai,13.0827,80.2707,False,15,2,9
2026-09-02 16:00:00,31.2,64.0,1004.7,AWS004,Chennai,13.0827,80.2707,False,16,2,9
2026-09-02 17:00:00,31.8,62.0,1005.0,AWS004,Chennai,13.0827,80.2707,False,17,2,9
2026-09-02 18:00:00,31.1,70.0,1006.1,AWS004,Chennai,13.0827,80.2707,False,18,2,9
2026-09-02 19:00:00,30.9,69.0,1006.7,AWS004,Chennai,13.0827,80.2707,False,19,2,9
2026-09-02 20:00:00,30.8,69.0,1007.5,AWS004,Chennai,13.0827,80.2707,False,20,2,9
2026-09-02 21:00:00,30.4,76.0,1008.0,AWS004,Chennai,13.0827,80.2707,False,21,2,9
2026-09-02 22:00:00,30.1,73.0,1008.4,AWS004,Chennai,13.0827,80.2707,False,22,2,9
2026-09-02 23:00:00,30.5,73.0,1007.5,AWS004,Chennai,13.0827,80.2707,False,23,2,9
2026-09-03 00:00:00,30.1,72.0,1007.1,AWS004,Chennai,13.0827,80.2707,False,0,3,9
2026-09-03 01:00:00,28.7,78.0,1007.0,AWS004,Chennai,13.0827,80.2707,False,1,3,9
2026-09-03 02:00:00,26.9,80.0,1007.3,AWS004,Chennai,13.0827,80.2707,False,2,3,9
2026-09-03 03:00:00,26.6,81.0,1007.0,AWS004,Chennai,13.0827,80.2707,False,3,3,9
2026-09-03 04:00:00,26.8,81.0,1007.1,AWS004,Chennai,13.0827,80.2707,False,4,3,9
2026-09-03 05:00:00,26.8,85.0,1007.5,AWS004,Chennai,13.0827,80.2707,False,5,3,9
2026-09-03 06:00:00,26.6,86.0,1007.4,AWS004,Chennai,13.0827,80.2707,False,6,3,9
2026-09-03 07:00:00,27.9,80.0,1007.8,AWS004,Chennai,13.0827,80.2707,False,7,3,9
2026-09-03 08:00:00,29.9,72.0,1008.3,AWS004,Chennai,13.0827,80.2707,False,8,3,9
2026-09-03 09:00:00,32.0,59.0,1008.4,AWS004,Chennai,13.0827,80.2707,False,9,3,9
2026-09-03 10:00:00,33.2,53.0,1008.2,AWS004,Chennai,13.0827,80.2707,False,10,3,9
2026-09-03 11:00:00,34.8,47.0,1007.4,AWS004,Chennai,13.0827,80.2707,False,11,3,9
2026-09-03 12:00:00,34.2,48.0,1006.6,AWS004,Chennai,13.0827,80.2707,False,12,3,9
2026-09-03 13:00:00,34.2,48.0,1005.6,AWS004,Chennai,13.0827,80.2707,False,13,3,9
2026-09-03 14:00:00,34.2,50.0,1004.5,AWS004,Chennai,13.0827,80.2707,False,14,3,9
2026-09-03 15:00:00,32.2,64.0,1003.9,AWS004,Chennai,13.0827,80.2707,False,15,3,9
2026-09-03 16:00:00,31.4,65.0,1003.9,AWS004,Chennai,13.0827,80.2707,False,16,3,9
2026-09-03 17:00:00,31.9,64.0,1004.6,AWS004,Chennai,13.0827,80.2707,False,17,3,9
2026-09-03 18:00:00,31.5,67.0,1005.3,AWS004,Chennai,13.0827,80.2707,False,18,3,9
2026-09-03 19:00:00,31.4,67.0,1005.9,AWS004,Chennai,13.0827,80.2707,False,19,3,9
2026-09-03 20:00:00,31.2,68.0,1006.8,AWS004,Chennai,13.0827,80.2707,False,20,3,9
2026-09-03 21:00:00,31.0,70.0,1007.4,AWS004,Chennai,13.0827,80.2707,False,21,3,9
2026-09-03 22:00:00,30.4,72.0,1007.8,AWS004,Chennai,13.0827,80.2707,False,22,3,9
2026-09-03 23:00:00,29.8,76.0,1007.4,AWS004,Chennai,13.0827,80.2707,False,23,3,9
2026-09-04 00:00:00,28.6,80.0,1007.3,AWS004,Chennai,13.0827,80.2707,False,0,4,9
2026-09-04 01:00:00,27.0,90.0,1007.3,AWS004,Chennai,13.0827,80.2707,False,1,4,9
2026-09-04 02:00:00,26.7,90.0,1006.6,AWS004,Chennai,13.0827,80.2707,False,2,4,9
2026-09-04 03:00:00,26.6,86.0,1006.6,AWS004,Chennai,13.0827,80.2707,False,3,4,9
2026-09-04 04:00:00,26.2,87.0,1007.2,AWS004,Chennai,13.0827,80.2707,False,4,4,9
2026-09-04 05:00:00,26.2,91.0,1007.6,AWS004,Chennai,13.0827,80.2707,False,5,4,9
2026-09-04 06:00:00,25.9,90.0,1007.8,AWS004,Chennai,13.0827,80.2707,False,6,4,9
2026-09-04 07:00:00,26.7,87.0,1008.5,AWS004,Chennai,13.0827,80.2707,False,7,4,9
2026-09-04 08:00:00,27.7,83.0,1009.1,AWS004,Chennai,13.0827,80.2707,False,8,4,9
2026-09-04 09:00:00,28.4,79.0,1009.3,AWS004,Chennai,13.0827,80.2707,False,9,4,9
2026-09-04 10:00:00,29.1,76.0,1008.7,AWS004,Chennai,13.0827,80.2707,False,10,4,9
2026-09-04 11:00:00,30.3,72.0,1008.3,AWS004,Chennai,13.0827,80.2707,False,11,4,9
2026-09-04 12:00:00,30.5,70.0,1007.8,AWS004,Chennai,13.0827,80.2707,False,12,4,9
2026-09-04 13:00:00,31.2,68.0,1006.9,AWS004,Chennai,13.0827,80.2707,False,13,4,9
2026-09-04 14:00:00,31.5,68.0,1006.1,AWS004,Chennai,13.0827,80.2707,False,14,4,9
2026-09-04 15:00:00,32.0,67.0,1005.7,AWS004,Chennai,13.0827,80.2707,False,15,4,9
2026-09-04 16:00:00,31.5,69.0,1005.4,AWS004,Chennai,13.0827,80.2707,False,16,4,9
2026-09-04 17:00:00,30.6,76.0,1005.6,AWS004,Chennai,13.0827,80.2707,False,17,4,9
2026-09-04 18:00:00,29.7,78.0,1006.7,AWS004,Chennai,13.0827,80.2707,False,18,4,9
2026-09-04 19:00:00,29.2,80.0,1007.6,AWS004,Chennai,13.0827,80.2707,False,19,4,9
2026-09-04 20:00:00,29.0,83.0,1008.2,AWS004,Chennai,13.0827,80.2707,False,20,4,9
2026-09-04 21:00:00,28.8,84.0,1009.0,AWS004,Chennai,13.0827,80.2707,False,21,4,9
2026-09-04 22:00:00,28.5,85.0,1009.2,AWS004,Chennai,13.0827,80.2707,False,22,4,9
2026-09-04 23:00:00,29.0,83.0,1008.9,AWS004,Chennai,13.0827,80.2707,False,23,4,9
2026-09-05 00:00:00,27.4,87.0,1008.9,AWS004,Chennai,13.0827,80.2707,False,0,5,9
2026-09-05 01:00:00,27.0,88.0,1008.7,AWS004,Chennai,13.0827,80.2707,False,1,5,9
2026-09-05 02:00:00,26.9,88.0,1007.8,AWS004,Chennai,13.0827,80.2707,False,2,5,9
2026-09-05 03:00:00,26.8,88.0,1007.8,AWS004,Chennai,13.0827,80.2707,False,3,5,9
2026-09-05 04:00:00,26.4,87.0,1008.2,AWS004,Chennai,13.0827,80.2707,False,4,5,9
2026-09-05 05:00:00,26.6,90.0,1008.9,AWS004,Chennai,13.0827,80.2707,False,5,5,9
2026-09-05 06:00:00,25.9,94.0,1009.3,AWS004,Chennai,13.0827,80.2707,False,6,5,9
2026-09-05 07:00:00,27.3,92.0,1009.8,AWS004,Chennai,13.0827,80.2707,False,7,5,9
2026-09-05 08:00:00,29.0,82.0,1010.2,AWS004,Chennai,13.0827,80.2707,False,8,5,9
2026-09-05 09:00:00,30.7,73.0,1010.0,AWS004,Chennai,13.0827,80.2707,False,9,5,9
2026-09-05 10:00:00,32.2,65.0,1009.5,AWS004,Chennai,13.0827,80.2707,False,10,5,9
2026-09-05 11:00:00,33.4,61.0,1009.1,AWS004,Chennai,13.0827,80.2707,False,11,5,9
2026-09-05 12:00:00,33.8,59.0,1008.4,AWS004,Chennai,13.0827,80.2707,False,12,5,9
2026-09-05 13:00:00,33.8,60.0,1007.5,AWS004,Chennai,13.0827,80.2707,False,13,5,9
2026-09-05 14:00:00,33.5,63.0,1006.3,AWS004,Chennai,13.0827,80.2707,False,14,5,9
2026-09-05 15:00:00,32.0,67.0,1006.0,AWS004,Chennai,13.0827,80.2707,False,15,5,9
2026-09-05 16:00:00,31.4,73.0,1006.1,AWS004,Chennai,13.0827,80.2707,False,16,5,9
2026-09-05 17:00:00,31.8,70.0,1005.9,AWS004,Chennai,13.0827,80.2707,False,17,5,9
2026-09-05 18:00:00,30.4,79.0,1007.0,AWS004,Chennai,13.0827,80.2707,False,18,5,9
2026-09-05 19:00:00,30.0,83.0,1007.6,AWS004,Chennai,13.0827,80.2707,False,19,5,9
2026-09-05 20:00:00,29.7,82.0,1008.3,AWS004,Chennai,13.0827,80.2707,False,20,5,9
2026-09-05 21:00:00,29.5,83.0,1009.1,AWS004,Chennai,13.0827,80.2707,False,21,5,9
2026-09-05 22:00:00,29.2,86.0,1009.5,AWS004,Chennai,13.0827,80.2707,False,22,5,9
2026-09-05 23:00:00,29.3,83.0,1009.3,AWS004,Chennai,13.0827,80.2707,False,23,5,9
2026-09-06 00:00:00,29.0,84.0,1008.8,AWS004,Chennai,13.0827,80.2707,False,0,6,9
2026-09-06 01:00:00,28.8,83.0,1008.5,AWS004,Chennai,13.0827,80.2707,False,1,6,9
2026-09-06 02:00:00,28.5,82.0,1008.4,AWS004,Chennai,13.0827,80.2707,False,2,6,9
2026-09-06 03:00:00,27.6,80.0,1008.4,AWS004,Chennai,13.0827,80.2707,False,3,6,9
2026-09-06 04:00:00,26.7,84.0,1008.6,AWS004,Chennai,13.0827,80.2707,False,4,6,9
2026-09-06 05:00:00,26.7,88.0,1008.5,AWS004,Chennai,13.0827,80.2707,False,5,6,9
2026-09-06 06:00:00,26.7,88.0,1009.2,AWS004,Chennai,13.0827,80.2707,False,6,6,9
2026-09-06 07:00:00,27.7,85.0,1009.9,AWS004,Chennai,13.0827,80.2707,False,7,6,9
2026-09-06 08:00:00,28.8,81.0,1010.3,AWS004,Chennai,13.0827,80.2707,False,8,6,9
2026-09-06 09:00:00,30.5,75.0,1010.2,AWS004,Chennai,13.0827,80.2707,False,9,6,9
2026-09-06 10:00:00,32.4,65.0,1009.8,AWS004,Chennai,13.0827,80.2707,False,10,6,9
2026-09-06 11:00:00,34.2,55.0,1009.3,AWS004,Chennai,13.0827,80.2707,False,11,6,9
2026-09-06 12:00:00,34.9,53.0,1008.7,AWS004,Chennai,13.0827,80.2707,False,12,6,9
2026-09-06 13:00:00,34.9,52.0,1007.4,AWS004,Chennai,13.0827,80.2707,False,13,6,9
2026-09-06 14:00:00,34.5,55.0,1006.4,AWS004,Chennai,13.0827,80.2707,False,14,6,9
2026-09-06 15:00:00,34.2,58.0,1006.0,AWS004,Chennai,13.0827,80.2707,False,15,6,9
2026-09-06 16:00:00,32.4,75.0,1006.3,AWS004,Chennai,13.0827,80.2707,False,16,6,9
2026-09-06 17:00:00,31.9,76.0,1006.6,AWS004,Chennai,13.0827,80.2707,False,17,6,9
2026-09-06 18:00:00,30.4,84.0,1007.7,AWS004,Chennai,13.0827,80.2707,False,18,6,9
2026-09-06 19:00:00,29.9,85.0,1008.7,AWS004,Chennai,13.0827,80.2707,False,19,6,9
2026-09-06 20:00:00,29.4,88.0,1010.1,AWS004,Chennai,13.0827,80.2707,False,20,6,9
2026-09-06 21:00:00,28.5,90.0,1010.4,AWS004,Chennai,13.0827,80.2707,False,21,6,9
2026-09-06 22:00:00,27.7,91.0,1010.6,AWS004,Chennai,13.0827,80.2707,False,22,6,9
2026-09-06 23:00:00,27.5,85.0,1009.5,AWS004,Chennai,13.0827,80.2707,False,23,6,9
2026-07-09 00:00:00,28.4,90.0,1000.3,AWS005,Kolkata,22.5726,88.3639,False,0,3,7
2026-07-09 01:00:00,28.6,89.0,1000.0,AWS005,Kolkata,22.5726,88.3639,False,1,3,7
2026-07-09 02:00:00,28.4,88.0,999.7,AWS005,Kolkata,22.5726,88.3639,False,2,3,7
2026-07-09 03:00:00,28.4,87.0,1000.2,AWS005,Kolkata,22.5726,88.3639,False,3,3,7
2026-07-09 04:00:00,28.3,86.0,1000.2,AWS005,Kolkata,22.5726,88.3639,False,4,3,7
2026-07-09 05:00:00,28.7,85.0,1000.4,AWS005,Kolkata,22.5726,88.3639,False,5,3,7
2026-07-09 06:00:00,28.9,86.0,1000.7,AWS005,Kolkata,22.5726,88.3639,False,6,3,7
2026-07-09 07:00:00,27.8,89.0,1001.8,AWS005,Kolkata,22.5726,88.3639,False,7,3,7
2026-07-09 08:00:00,27.4,94.0,1001.8,AWS005,Kolkata,22.5726,88.3639,False,8,3,7
2026-07-09 09:00:00,27.9,94.0,1001.8,AWS005,Kolkata,22.5726,88.3639,False,9,3,7
2026-07-09 10:00:00,28.1,89.0,1001.8,AWS005,Kolkata,22.5726,88.3639,False,10,3,7
2026-07-09 11:00:00,28.1,89.0,1002.2,AWS005,Kolkata,22.5726,88.3639,False,11,3,7
2026-07-09 12:00:00,27.7,93.0,1000.9,AWS005,Kolkata,22.5726,88.3639,False,12,3,7
2026-07-09 13:00:00,27.6,92.0,1000.9,AWS005,Kolkata,22.5726,88.3639,False,13,3,7
2026-07-09 14:00:00,27.7,94.0,1000.3,AWS005,Kolkata,22.5726,88.3639,False,14,3,7
2026-07-09 15:00:00,27.8,93.0,999.7,AWS005,Kolkata,22.5726,88.3639,False,15,3,7
2026-07-09 16:00:00,27.7,93.0,999.5,AWS005,Kolkata,22.5726,88.3639,False,16,3,7
2026-07-09 17:00:00,29.2,85.0,999.1,AWS005,Kolkata,22.5726,88.3639,False,17,3,7
2026-07-09 18:00:00,28.5,88.0,999.9,AWS005,Kolkata,22.5726,88.3639,False,18,3,7
2026-07-09 19:00:00,27.7,92.0,1000.7,AWS005,Kolkata,22.5726,88.3639,False,19,3,7
2026-07-09 20:00:00,27.7,95.0,1001.2,AWS005,Kolkata,22.5726,88.3639,False,20,3,7
2026-07-09 21:00:00,27.4,95.0,1002.0,AWS005,Kolkata,22.5726,88.3639,False,21,3,7
2026-07-09 22:00:00,26.3,97.0,1001.7,AWS005,Kolkata,22.5726,88.3639,False,22,3,7
2026-07-09 23:00:00,27.0,97.0,1000.8,AWS005,Kolkata,22.5726,88.3639,False,23,3,7
2026-07-10 00:00:00,26.6,96.0,999.6,AWS005,Kolkata,22.5726,88.3639,False,0,4,7
2026-07-10 01:00:00,26.6,96.0,999.7,AWS005,Kolkata,22.5726,88.3639,False,1,4,7
2026-07-10 02:00:00,26.4,96.0,999.0,AWS005,Kolkata,22.5726,88.3639,False,2,4,7
2026-07-10 03:00:00,26.3,96.0,999.3,AWS005,Kolkata,22.5726,88.3639,False,3,4,7
2026-07-10 04:00:00,26.1,97.0,999.5,AWS005,Kolkata,22.5726,88.3639,False,4,4,7
2026-07-10 05:00:00,27.5,95.0,999.0,AWS005,Kolkata,22.5726,88.3639,False,5,4,7
2026-07-10 06:00:00,27.4,96.0,1000.0,AWS005,Kolkata,22.5726,88.3639,False,6,4,7
2026-07-10 07:00:00,27.4,96.0,1000.8,AWS005,Kolkata,22.5726,88.3639,False,7,4,7
2026-07-10 08:00:00,27.4,96.0,1001.2,AWS005,Kolkata,22.5726,88.3639,False,8,4,7
2026-07-10 09:00:00,27.7,96.0,1000.7,AWS005,Kolkata,22.5726,88.3639,False,9,4,7
2026-07-10 10:00:00,28.5,94.0,1000.9,AWS005,Kolkata,22.5726,88.3639,False,10,4,7
2026-07-10 11:00:00,28.3,93.0,1000.8,AWS005,Kolkata,22.5726,88.3639,False,11,4,7
2026-07-10 12:00:00,28.3,94.0,999.7,AWS005,Kolkata,22.5726,88.3639,False,12,4,7
2026-07-10 13:00:00,29.4,86.0,998.9,AWS005,Kolkata,22.5726,88.3639,False,13,4,7
2026-07-10 14:00:00,29.8,82.0,998.8,AWS005,Kolkata,22.5726,88.3639,False,14,4,7
2026-07-10 15:00:00,29.6,84.0,998.4,AWS005,Kolkata,22.5726,88.3639,False,15,4,7
2026-07-10 16:00:00,27.9,89.0,998.4,AWS005,Kolkata,22.5726,88.3639,False,16,4,7
2026-07-10 17:00:00,27.1,94.0,999.7,AWS005,Kolkata,22.5726,88.3639,False,17,4,7
2026-07-10 18:00:00,26.6,95.0,999.4,AWS005,Kolkata,22.5726,88.3639,False,18,4,7
2026-07-10 19:00:00,26.6,95.0,999.9,AWS005,Kolkata,22.5726,88.3639,False,19,4,7
2026-07-10 20:00:00,26.6,95.0,1000.4,AWS005,Kolkata,22.5726,88.3639,False,20,4,7
2026-07-10 21:00:00,26.7,95.0,1000.7,AWS005,Kolkata,22.5726,88.3639,False,21,4,7
2026-07-10 22:00:00,26.8,94.0,1000.5,AWS005,Kolkata,22.5726,88.3639,False,22,4,7
2026-07-10 23:00:00,26.9,94.0,1000.5,AWS005,Kolkata,22.5726,88.3639,False,23,4,7
2026-07-11 00:00:00,26.6,95.0,1000.2,AWS005,Kolkata,22.5726,88.3639,False,0,5,7
2026-07-11 01:00:00,26.5,95.0,998.8,AWS005,Kolkata,22.5726,88.3639,False,1,5,7
2026-07-11 02:00:00,26.6,96.0,998.7,AWS005,Kolkata,22.5726,88.3639,False,2,5,7
2026-07-11 03:00:00,26.7,96.0,998.7,AWS005,Kolkata,22.5726,88.3639,False,3,5,7
2026-07-11 04:00:00,26.7,96.0,998.8,AWS005,Kolkata,22.5726,88.3639,False,4,5,7
2026-07-11 05:00:00,27.1,96.0,999.0,AWS005,Kolkata,22.5726,88.3639,False,5,5,7
2026-07-11 06:00:00,27.5,95.0,999.2,AWS005,Kolkata,22.5726,88.3639,False,6,5,7
2026-07-11 07:00:00,28.7,90.0,999.7,AWS005,Kolkata,22.5726,88.3639,False,7,5,7
2026-07-11 08:00:00,30.1,81.0,999.7,AWS005,Kolkata,22.5726,88.3639,False,8,5,7
2026-07-11 09:00:00,31.3,73.0,1000.0,AWS005,Kolkata,22.5726,88.3639,False,9,5,7
2026-07-11 10:00:00,32.3,67.0,999.7,AWS005,Kolkata,22.5726,88.3639,False,10,5,7
2026-07-11 11:00:00,32.6,66.0,999.4,AWS005,Kolkata,22.5726,88.3639,False,11,5,7
2026-07-11 12:00:00,32.3,68.0,998.7,AWS005,Kolkata,22.5726,88.3639,False,12,5,7
2026-07-11 13:00:00,32.5,70.0,997.5,AWS005,Kolkata,22.5726,88.3639,False,13,5,7
2026-07-11 14:00:00,30.4,80.0,997.2,AWS005,Kolkata,22.5726,88.3639,False,14,5,7
2026-07-11 15:00:00,30.2,82.0,996.4,AWS005,Kolkata,22.5726,88.3639,False,15,5,7
2026-07-11 16:00:00,29.3,87.0,996.0,AWS005,Kolkata,22.5726,88.3639,False,16,5,7
2026-07-11 17:00:00,30.2,84.0,996.7,AWS005,Kolkata,22.5726,88.3639,False,17,5,7
2026-07-11 18:00:00,26.7,98.0,997.7,AWS005,Kolkata,22.5726,88.3639,False,18,5,7
2026-07-11 19:00:00,27.1,96.0,998.0,AWS005,Kolkata,22.5726,88.3639,False,19,5,7
2026-07-11 20:00:00,27.2,97.0,998.2,AWS005,Kolkata,22.5726,88.3639,False,20,5,7
2026-07-11 21:00:00,27.5,95.0,998.6,AWS005,Kolkata,22.5726,88.3639,False,21,5,7
2026-07-11 22:00:00,27.6,95.0,998.6,AWS005,Kolkata,22.5726,88.3639,False,22,5,7
2026-07-11 23:00:00,28.8,94.0,997.6,AWS005,Kolkata,22.5726,88.3639,False,23,5,7
2026-07-12 00:00:00,28.1,95.0,996.6,AWS005,Kolkata,22.5726,88.3639,False,0,6,7
2026-07-12 01:00:00,27.7,96.0,996.2,AWS005,Kolkata,22.5726,88.3639,False,1,6,7
2026-07-12 02:00:00,27.2,96.0,996.2,AWS005,Kolkata,22.5726,88.3639,False,2,6,7
2026-07-12 03:00:00,27.0,95.0,995.9,AWS005,Kolkata,22.5726,88.3639,False,3,6,7
2026-07-12 04:00:00,26.8,95.0,996.2,AWS005,Kolkata,22.5726,88.3639,False,4,6,7
2026-07-12 05:00:00,27.8,93.0,995.8,AWS005,Kolkata,22.5726,88.3639,False,5,6,7
2026-07-12 06:00:00,27.9,89.0,996.6,AWS005,Kolkata,22.5726,88.3639,False,6,6,7
2026-07-12 07:00:00,28.3,88.0,997.1,AWS005,Kolkata,22.5726,88.3639,False,7,6,7
2026-07-12 08:00:00,29.2,85.0,997.3,AWS005,Kolkata,22.5726,88.3639,False,8,6,7
2026-07-12 09:00:00,29.5,86.0,997.2,AWS005,Kolkata,22.5726,88.3639,False,9,6,7
2026-07-12 10:00:00,31.7,76.0,997.0,AWS005,Kolkata,22.5726,88.3639,False,10,6,7
2026-07-12 11:00:00,31.2,77.0,997.5,AWS005,Kolkata,22.5726,88.3639,False,11,6,7
2026-07-12 12:00:00,31.1,77.0,996.7,AWS005,Kolkata,22.5726,88.3639,False,12,6,7
2026-07-12 13:00:00,31.1,78.0,996.0,AWS005,Kolkata,22.5726,88.3639,False,13,6,7
2026-07-12 14:00:00,31.3,79.0,995.6,AWS005,Kolkata,22.5726,88.3639,False,14,6,7
2026-07-12 15:00:00,31.3,77.0,995.4,AWS005,Kolkata,22.5726,88.3639,False,15,6,7
2026-07-12 16:00:00,30.0,82.0,995.5,AWS005,Kolkata,22.5726,88.3639,False,16,6,7
2026-07-12 17:00:00,27.8,94.0,996.1,AWS005,Kolkata,22.5726,88.3639,False,17,6,7
2026-07-12 18:00:00,28.0,97.0,996.4,AWS005,Kolkata,22.5726,88.3639,False,18,6,7
2026-07-12 19:00:00,28.0,94.0,997.0,AWS005,Kolkata,22.5726,88.3639,False,19,6,7
2026-07-12 20:00:00,28.2,93.0,997.6,AWS005,Kolkata,22.5726,88.3639,False,20,6,7
2026-07-12 21:00:00,28.4,92.0,998.4,AWS005,Kolkata,22.5726,88.3639,False,21,6,7
2026-07-12 22:00:00,28.4,91.0,998.5,AWS005,Kolkata,22.5726,88.3639,False,22,6,7
2026-07-12 23:00:00,29.4,88.0,997.7,AWS005,Kolkata,22.5726,88.3639,False,23,6,7
2026-07-13 00:00:00,29.1,88.0,997.2,AWS005,Kolkata,22.5726,88.3639,False,0,0,7
2026-07-13 01:00:00,28.9,89.0,996.8,AWS005,Kolkata,22.5726,88.3639,False,1,0,7
2026-07-13 02:00:00,28.8,91.0,996.3,AWS005,Kolkata,22.5726,88.3639,False,2,0,7
2026-07-13 03:00:00,28.7,92.0,996.1,AWS005,Kolkata,22.5726,88.3639,False,3,0,7
2026-07-13 04:00:00,28.4,94.0,996.6,AWS005,Kolkata,22.5726,88.3639,False,4,0,7
2026-07-13 05:00:00,29.0,90.0,996.2,AWS005,Kolkata,22.5726,88.3639,False,5,0,7
2026-07-13 06:00:00,29.5,89.0,997.0,AWS005,Kolkata,22.5726,88.3639,False,6,0,7
2026-07-13 07:00:00,30.1,86.0,997.5,AWS005,Kolkata,22.5726,88.3639,False,7,0,7
2026-07-13 08:00:00,31.4,81.0,997.8,AWS005,Kolkata,22.5726,88.3639,False,8,0,7
2026-07-13 09:00:00,32.5,74.0,997.9,AWS005,Kolkata,22.5726,88.3639,False,9,0,7
2026-07-13 10:00:00,30.3,82.0,998.5,AWS005,Kolkata,22.5726,88.3639,False,10,0,7
2026-07-13 11:00:00,30.3,82.0,998.7,AWS005,Kolkata,22.5726,88.3639,False,11,0,7
2026-07-13 12:00:00,30.2,79.0,998.0,AWS005,Kolkata,22.5726,88.3639,False,12,0,7
2026-07-13 13:00:00,30.2,80.0,997.5,AWS005,Kolkata,22.5726,88.3639,False,13,0,7
2026-07-13 14:00:00,29.6,84.0,997.0,AWS005,Kolkata,22.5726,88.3639,False,14,0,7
2026-07-13 15:00:00,29.1,87.0,996.8,AWS005,Kolkata,22.5726,88.3639,False,15,0,7
2026-07-13 16:00:00,28.9,88.0,996.6,AWS005,Kolkata,22.5726,88.3639,False,16,0,7
2026-07-13 17:00:00,27.2,95.0,998.3,AWS005,Kolkata,22.5726,88.3639,False,17,0,7
2026-07-13 18:00:00,27.1,95.0,998.3,AWS005,Kolkata,22.5726,88.3639,False,18,0,7
2026-07-13 19:00:00,26.6,97.0,999.0,AWS005,Kolkata,22.5726,88.3639,False,19,0,7
2026-07-13 20:00:00,26.3,98.0,999.3,AWS005,Kolkata,22.5726,88.3639,False,20,0,7
2026-07-13 21:00:00,26.3,98.0,999.6,AWS005,Kolkata,22.5726,88.3639,False,21,0,7
2026-07-13 22:00:00,26.1,98.0,999.8,AWS005,Kolkata,22.5726,88.3639,False,22,0,7
2026-07-13 23:00:00,27.2,93.0,998.8,AWS005,Kolkata,22.5726,88.3639,False,23,0,7
2026-07-14 00:00:00,26.8,95.0,998.6,AWS005,Kolkata,22.5726,88.3639,False,0,1,7
2026-07-14 01:00:00,26.8,95.0,998.3,AWS005,Kolkata,22.5726,88.3639,False,1,1,7
2026-07-14 02:00:00,26.6,97.0,998.3,AWS005,Kolkata,22.5726,88.3639,False,2,1,7
2026-07-14 03:00:00,26.6,95.0,998.5,AWS005,Kolkata,22.5726,88.3639,False,3,1,7
2026-07-14 04:00:00,26.3,97.0,998.4,AWS005,Kolkata,22.5726,88.3639,False,4,1,7
2026-07-14 05:00:00,26.9,97.0,998.3,AWS005,Kolkata,22.5726,88.3639,False,5,1,7
2026-07-14 06:00:00,26.4,99.0,998.5,AWS005,Kolkata,22.5726,88.3639,False,6,1,7
2026-07-14 07:00:00,27.4,94.0,998.9,AWS005,Kolkata,22.5726,88.3639,False,7,1,7
2026-07-14 08:00:00,29.3,84.0,999.6,AWS005,Kolkata,22.5726,88.3639,False,8,1,7
2026-07-14 09:00:00,30.4,80.0,999.8,AWS005,Kolkata,22.5726,88.3639,False,9,1,7
2026-07-14 10:00:00,30.5,79.0,999.5,AWS005,Kolkata,22.5726,88.3639,False,10,1,7
2026-07-14 11:00:00,31.8,72.0,999.2,AWS005,Kolkata,22.5726,88.3639,False,11,1,7
2026-07-14 12:00:00,32.2,70.0,998.3,AWS005,Kolkata,22.5726,88.3639,False,12,1,7
2026-07-14 13:00:00,32.5,69.0,997.2,AWS005,Kolkata,22.5726,88.3639,False,13,1,7
2026-07-14 14:00:00,32.2,71.0,997.2,AWS005,Kolkata,22.5726,88.3639,False,14,1,7
2026-07-14 15:00:00,29.0,87.0,997.1,AWS005,Kolkata,22.5726,88.3639,False,15,1,7
2026-07-14 16:00:00,29.6,84.0,996.7,AWS005,Kolkata,22.5726,88.3639,False,16,1,7
2026-07-14 17:00:00,29.0,85.0,997.4,AWS005,Kolkata,22.5726,88.3639,False,17,1,7
2026-07-14 18:00:00,28.4,88.0,998.0,AWS005,Kolkata,22.5726,88.3639,False,18,1,7
2026-07-14 19:00:00,28.0,89.0,998.6,AWS005,Kolkata,22.5726,88.3639,False,19,1,7
2026-07-14 20:00:00,27.9,91.0,999.4,AWS005,Kolkata,22.5726,88.3639,False,20,1,7
2026-07-14 21:00:00,27.8,92.0,1000.1,AWS005,Kolkata,22.5726,88.3639,False,21,1,7
2026-07-14 22:00:00,27.8,92.0,1000.2,AWS005,Kolkata,22.5726,88.3639,False,22,1,7
2026-07-14 23:00:00,28.3,90.0,999.6,AWS005,Kolkata,22.5726,88.3639,False,23,1,7
2026-07-15 00:00:00,27.8,92.0,998.7,AWS005,Kolkata,22.5726,88.3639,False,0,2,7
2026-07-15 01:00:00,27.4,95.0,998.3,AWS005,Kolkata,22.5726,88.3639,False,1,2,7
2026-07-15 02:00:00,27.2,95.0,998.4,AWS005,Kolkata,22.5726,88.3639,False,2,2,7
2026-07-15 03:00:00,27.1,95.0,998.4,AWS005,Kolkata,22.5726,88.3639,False,3,2,7
2026-07-15 04:00:00,26.9,95.0,998.7,AWS005,Kolkata,22.5726,88.3639,False,4,2,7
2026-07-15 05:00:00,27.6,91.0,998.7,AWS005,Kolkata,22.5726,88.3639,False,5,2,7
2026-07-15 06:00:00,28.2,89.0,999.1,AWS005,Kolkata,22.5726,88.3639,False,6,2,7
2026-07-15 07:00:00,29.2,83.0,999.5,AWS005,Kolkata,22.5726,88.3639,False,7,2,7
2026-07-15 08:00:00,29.9,79.0,999.6,AWS005,Kolkata,22.5726,88.3639,False,8,2,7
2026-07-15 09:00:00,31.0,73.0,999.8,AWS005,Kolkata,22.5726,88.3639,False,9,2,7
2026-07-15 10:00:00,31.9,71.0,999.4,AWS005,Kolkata,22.5726,88.3639,False,10,2,7
2026-07-15 11:00:00,32.4,67.0,999.5,AWS005,Kolkata,22.5726,88.3639,False,11,2,7
2026-07-15 12:00:00,32.5,69.0,998.5,AWS005,Kolkata,22.5726,88.3639,False,12,2,7
2026-07-15 13:00:00,32.2,70.0,997.7,AWS005,Kolkata,22.5726,88.3639,False,13,2,7
2026-07-15 14:00:00,32.4,67.0,996.9,AWS005,Kolkata,22.5726,88.3639,False,14,2,7
2026-07-15 15:00:00,31.1,72.0,996.7,AWS005,Kolkata,22.5726,88.3639,False,15,2,7
2026-07-15 16:00:00,30.1,76.0,996.8,AWS005,Kolkata,22.5726,88.3639,False,16,2,7
2026-07-15 17:00:00,30.4,79.0,997.0,AWS005,Kolkata,22.5726,88.3639,False,17,2,7
2026-07-15 18:00:00,29.8,79.0,997.9,AWS005,Kolkata,22.5726,88.3639,False,18,2,7
2026-07-15 19:00:00,28.9,80.0,998.8,AWS005,Kolkata,22.5726,88.3639,False,19,2,7
2026-07-15 20:00:00,28.4,83.0,999.3,AWS005,Kolkata,22.5726,88.3639,False,20,2,7
2026-07-15 21:00:00,28.2,85.0,1000.0,AWS005,Kolkata,22.5726,88.3639,False,21,2,7
2026-07-15 22:00:00,27.9,86.0,1000.4,AWS005,Kolkata,22.5726,88.3639,False,22,2,7
2026-07-15 23:00:00,28.1,87.0,999.5,AWS005,Kolkata,22.5726,88.3639,False,23,2,7
2026-07-16 00:00:00,27.7,86.0,998.6,AWS005,Kolkata,22.5726,88.3639,False,0,3,7
2026-07-16 01:00:00,27.5,89.0,998.2,AWS005,Kolkata,22.5726,88.3639,False,1,3,7
2026-07-16 02:00:00,27.2,90.0,998.0,AWS005,Kolkata,22.5726,88.3639,False,2,3,7
2026-07-16 03:00:00,27.0,90.0,998.3,AWS005,Kolkata,22.5726,88.3639,False,3,3,7
2026-07-16 04:00:00,26.8,91.0,998.5,AWS005,Kolkata,22.5726,88.3639,False,4,3,7
2026-07-16 05:00:00,27.0,94.0,998.3,AWS005,Kolkata,22.5726,88.3639,False,5,3,7
2026-07-16 06:00:00,27.8,89.0,998.7,AWS005,Kolkata,22.5726,88.3639,False,6,3,7
2026-07-16 07:00:00,28.5,85.0,999.0,AWS005,Kolkata,22.5726,88.3639,False,7,3,7
2026-07-16 08:00:00,29.2,82.0,999.3,AWS005,Kolkata,22.5726,88.3639,False,8,3,7
2026-07-16 09:00:00,29.7,79.0,999.5,AWS005,Kolkata,22.5726,88.3639,False,9,3,7
2026-07-16 10:00:00,30.6,77.0,999.5,AWS005,Kolkata,22.5726,88.3639,False,10,3,7
2026-07-16 11:00:00,30.2,78.0,998.7,AWS005,Kolkata,22.5726,88.3639,False,11,3,7
2026-07-16 12:00:00,30.7,75.0,998.3,AWS005,Kolkata,22.5726,88.3639,False,12,3,7
2026-07-16 13:00:00,31.3,73.0,997.3,AWS005,Kolkata,22.5726,88.3639,False,13,3,7
2026-07-16 14:00:00,30.1,79.0,996.8,AWS005,Kolkata,22.5726,88.3639,False,14,3,7
2026-07-16 15:00:00,30.4,81.0,996.5,AWS005,Kolkata,22.5726,88.3639,False,15,3,7
2026-07-16 16:00:00,31.2,73.0,996.3,AWS005,Kolkata,22.5726,88.3639,False,16,3,7
2026-07-16 17:00:00,30.3,79.0,996.5,AWS005,Kolkata,22.5726,88.3639,False,17,3,7
2026-07-16 18:00:00,29.4,80.0,997.4,AWS005,Kolkata,22.5726,88.3639,False,18,3,7
2026-07-16 19:00:00,28.7,85.0,998.4,AWS005,Kolkata,22.5726,88.3639,False,19,3,7
2026-07-16 20:00:00,28.5,85.0,999.0,AWS005,Kolkata,22.5726,88.3639,False,20,3,7
2026-07-16 21:00:00,28.0,87.0,999.8,AWS005,Kolkata,22.5726,88.3639,False,21,3,7
2026-07-16 22:00:00,27.8,87.0,1000.0,AWS005,Kolkata,22.5726,88.3639,False,22,3,7
2026-07-16 23:00:00,27.9,87.0,999.1,AWS005,Kolkata,22.5726,88.3639,False,23,3,7
2026-07-17 00:00:00,27.5,89.0,998.5,AWS005,Kolkata,22.5726,88.3639,False,0,4,7
2026-07-17 01:00:00,27.3,90.0,998.0,AWS005,Kolkata,22.5726,88.3639,False,1,4,7
2026-07-17 02:00:00,27.2,90.0,997.5,AWS005,Kolkata,22.5726,88.3639,False,2,4,7
2026-07-17 03:00:00,27.1,91.0,997.5,AWS005,Kolkata,22.5726,88.3639,False,3,4,7
2026-07-17 04:00:00,27.0,92.0,997.8,AWS005,Kolkata,22.5726,88.3639,False,4,4,7
2026-07-17 05:00:00,27.5,92.0,997.7,AWS005,Kolkata,22.5726,88.3639,False,5,4,7
2026-07-17 06:00:00,28.2,90.0,998.7,AWS005,Kolkata,22.5726,88.3639,False,6,4,7
2026-07-17 07:00:00,29.5,84.0,999.0,AWS005,Kolkata,22.5726,88.3639,False,7,4,7
2026-07-17 08:00:00,30.4,79.0,999.4,AWS005,Kolkata,22.5726,88.3639,False,8,4,7
2026-07-17 09:00:00,30.3,80.0,999.5,AWS005,Kolkata,22.5726,88.3639,False,9,4,7
2026-07-17 10:00:00,30.6,78.0,999.5,AWS005,Kolkata,22.5726,88.3639,False,10,4,7
2026-07-17 11:00:00,30.8,73.0,999.8,AWS005,Kolkata,22.5726,88.3639,False,11,4,7
2026-07-17 12:00:00,30.6,78.0,999.5,AWS005,Kolkata,22.5726,88.3639,False,12,4,7
2026-07-17 13:00:00,31.0,76.0,998.7,AWS005,Kolkata,22.5726,88.3639,False,13,4,7
2026-07-17 14:00:00,30.2,80.0,998.3,AWS005,Kolkata,22.5726,88.3639,False,14,4,7
2026-07-17 15:00:00,30.3,79.0,997.8,AWS005,Kolkata,22.5726,88.3639,False,15,4,7
2026-07-17 16:00:00,30.2,80.0,997.3,AWS005,Kolkata,22.5726,88.3639,False,16,4,7
2026-07-17 17:00:00,29.9,79.0,998.3,AWS005,Kolkata,22.5726,88.3639,False,17,4,7
2026-07-17 18:00:00,29.2,81.0,998.7,AWS005,Kolkata,22.5726,88.3639,False,18,4,7
2026-07-17 19:00:00,28.7,85.0,999.8,AWS005,Kolkata,22.5726,88.3639,False,19,4,7
2026-07-17 20:00:00,28.4,86.0,1000.4,AWS005,Kolkata,22.5726,88.3639,False,20,4,7
2026-07-17 21:00:00,28.3,86.0,1001.1,AWS005,Kolkata,22.5726,88.3639,False,21,4,7
2026-07-17 22:00:00,27.6,87.0,1001.4,AWS005,Kolkata,22.5726,88.3639,False,22,4,7
2026-07-17 23:00:00,27.4,90.0,1000.6,AWS005,Kolkata,22.5726,88.3639,False,23,4,7
2026-07-18 00:00:00,26.8,95.0,1000.4,AWS005,Kolkata,22.5726,88.3639,False,0,5,7
2026-07-18 01:00:00,26.4,97.0,999.9,AWS005,Kolkata,22.5726,88.3639,False,1,5,7
2026-07-18 02:00:00,26.4,97.0,999.7,AWS005,Kolkata,22.5726,88.3639,False,2,5,7
2026-07-18 03:00:00,26.3,97.0,999.8,AWS005,Kolkata,22.5726,88.3639,False,3,5,7
2026-07-18 04:00:00,26.5,96.0,1000.1,AWS005,Kolkata,22.5726,88.3639,False,4,5,7
2026-07-18 05:00:00,27.0,96.0,999.9,AWS005,Kolkata,22.5726,88.3639,False,5,5,7
2026-07-18 06:00:00,27.5,95.0,1000.6,AWS005,Kolkata,22.5726,88.3639,False,6,5,7
2026-07-18 07:00:00,28.8,87.0,1001.2,AWS005,Kolkata,22.5726,88.3639,False,7,5,7
2026-07-18 08:00:00,30.1,82.0,1000.9,AWS005,Kolkata,22.5726,88.3639,False,8,5,7
2026-07-18 09:00:00,31.1,76.0,1000.8,AWS005,Kolkata,22.5726,88.3639,False,9,5,7
2026-07-18 10:00:00,31.6,74.0,1000.8,AWS005,Kolkata,22.5726,88.3639,False,10,5,7
2026-07-18 11:00:00,32.2,70.0,1000.6,AWS005,Kolkata,22.5726,88.3639,False,11,5,7
2026-07-18 12:00:00,32.3,70.0,999.7,AWS005,Kolkata,22.5726,88.3639,False,12,5,7
2026-07-18 13:00:00,31.7,71.0,999.6,AWS005,Kolkata,22.5726,88.3639,False,13,5,7
2026-07-18 14:00:00,31.2,75.0,999.3,AWS005,Kolkata,22.5726,88.3639,False,14,5,7
2026-07-18 15:00:00,31.1,73.0,998.4,AWS005,Kolkata,22.5726,88.3639,False,15,5,7
2026-07-18 16:00:00,30.7,72.0,998.7,AWS005,Kolkata,22.5726,88.3639,False,16,5,7
2026-07-18 17:00:00,30.7,75.0,999.2,AWS005,Kolkata,22.5726,88.3639,False,17,5,7
2026-07-18 18:00:00,29.8,79.0,999.9,AWS005,Kolkata,22.5726,88.3639,False,18,5,7
2026-07-18 19:00:00,29.1,82.0,1000.7,AWS005,Kolkata,22.5726,88.3639,False,19,5,7
2026-07-18 20:00:00,28.8,83.0,1001.6,AWS005,Kolkata,22.5726,88.3639,False,20,5,7
2026-07-18 21:00:00,28.4,84.0,1002.3,AWS005,Kolkata,22.5726,88.3639,False,21,5,7
2026-07-18 22:00:00,28.1,86.0,1002.6,AWS005,Kolkata,22.5726,88.3639,False,22,5,7
2026-07-18 23:00:00,28.3,86.0,1002.1,AWS005,Kolkata,22.5726,88.3639,False,23,5,7
2026-07-19 00:00:00,28.0,88.0,1001.1,AWS005,Kolkata,22.5726,88.3639,False,0,6,7
2026-07-19 01:00:00,27.8,90.0,1000.8,AWS005,Kolkata,22.5726,88.3639,False,1,6,7
2026-07-19 02:00:00,27.5,91.0,1000.6,AWS005,Kolkata,22.5726,88.3639,False,2,6,7
2026-07-19 03:00:00,27.4,90.0,1000.9,AWS005,Kolkata,22.5726,88.3639,False,3,6,7
2026-07-19 04:00:00,25.9,96.0,1001.7,AWS005,Kolkata,22.5726,88.3639,False,4,6,7
2026-07-19 05:00:00,27.7,89.0,1001.4,AWS005,Kolkata,22.5726,88.3639,False,5,6,7
2026-07-19 06:00:00,28.4,86.0,1001.7,AWS005,Kolkata,22.5726,88.3639,False,6,6,7
2026-07-19 07:00:00,29.1,84.0,1002.5,AWS005,Kolkata,22.5726,88.3639,False,7,6,7
2026-07-19 08:00:00,28.3,88.0,1002.9,AWS005,Kolkata,22.5726,88.3639,False,8,6,7
2026-07-19 09:00:00,29.4,83.0,1002.8,AWS005,Kolkata,22.5726,88.3639,False,9,6,7
2026-07-19 10:00:00,29.4,83.0,1002.8,AWS005,Kolkata,22.5726,88.3639,False,10,6,7
2026-07-19 11:00:00,31.1,74.0,1001.9,AWS005,Kolkata,22.5726,88.3639,False,11,6,7
2026-07-19 12:00:00,30.6,78.0,1001.0,AWS005,Kolkata,22.5726,88.3639,False,12,6,7
2026-07-19 13:00:00,31.2,75.0,1000.7,AWS005,Kolkata,22.5726,88.3639,False,13,6,7
2026-07-19 14:00:00,28.9,83.0,1000.9,AWS005,Kolkata,22.5726,88.3639,False,14,6,7
2026-07-19 15:00:00,28.1,89.0,1000.9,AWS005,Kolkata,22.5726,88.3639,False,15,6,7
2026-07-19 16:00:00,27.9,90.0,1000.4,AWS005,Kolkata,22.5726,88.3639,False,16,6,7
2026-07-19 17:00:00,30.3,82.0,1000.3,AWS005,Kolkata,22.5726,88.3639,False,17,6,7
2026-07-19 18:00:00,29.3,84.0,1001.3,AWS005,Kolkata,22.5726,88.3639,False,18,6,7
2026-07-19 19:00:00,29.1,84.0,1002.1,AWS005,Kolkata,22.5726,88.3639,False,19,6,7
2026-07-19 20:00:00,29.0,83.0,1002.9,AWS005,Kolkata,22.5726,88.3639,False,20,6,7
2026-07-19 21:00:00,28.2,85.0,1003.0,AWS005,Kolkata,22.5726,88.3639,False,21,6,7
2026-07-19 22:00:00,28.1,87.0,1003.0,AWS005,Kolkata,22.5726,88.3639,False,22,6,7
2026-07-19 23:00:00,28.1,88.0,1002.8,AWS005,Kolkata,22.5726,88.3639,False,23,6,7
2026-07-20 00:00:00,27.8,90.0,1001.9,AWS005,Kolkata,22.5726,88.3639,False,0,0,7
2026-07-20 01:00:00,27.4,90.0,1001.6,AWS005,Kolkata,22.5726,88.3639,False,1,0,7
2026-07-20 02:00:00,27.4,91.0,1001.3,AWS005,Kolkata,22.5726,88.3639,False,2,0,7
2026-07-20 03:00:00,27.0,93.0,1001.5,AWS005,Kolkata,22.5726,88.3639,False,3,0,7
2026-07-20 04:00:00,27.0,93.0,1001.8,AWS005,Kolkata,22.5726,88.3639,False,4,0,7
2026-07-20 05:00:00,27.7,91.0,1001.5,AWS005,Kolkata,22.5726,88.3639,False,5,0,7
2026-07-20 06:00:00,28.3,90.0,1002.0,AWS005,Kolkata,22.5726,88.3639,False,6,0,7
2026-07-20 07:00:00,28.0,90.0,1002.7,AWS005,Kolkata,22.5726,88.3639,False,7,0,7
2026-07-20 08:00:00,27.9,91.0,1002.9,AWS005,Kolkata,22.5726,88.3639,False,8,0,7
2026-07-20 09:00:00,28.7,88.0,1003.3,AWS005,Kolkata,22.5726,88.3639,False,9,0,7
2026-07-20 10:00:00,28.5,88.0,1003.5,AWS005,Kolkata,22.5726,88.3639,False,10,0,7
2026-07-20 11:00:00,30.3,75.0,1002.3,AWS005,Kolkata,22.5726,88.3639,False,11,0,7
2026-07-20 12:00:00,31.2,72.0,1001.5,AWS005,Kolkata,22.5726,88.3639,False,12,0,7
2026-07-20 13:00:00,29.8,76.0,1001.6,AWS005,Kolkata,22.5726,88.3639,False,13,0,7
2026-07-20 14:00:00,27.7,90.0,1001.4,AWS005,Kolkata,22.5726,88.3639,False,14,0,7
2026-07-20 15:00:00,27.8,88.0,1000.9,AWS005,Kolkata,22.5726,88.3639,False,15,0,7
2026-07-20 16:00:00,27.9,86.0,1001.1,AWS005,Kolkata,22.5726,88.3639,False,16,0,7
2026-07-20 17:00:00,27.8,91.0,1001.4,AWS005,Kolkata,22.5726,88.3639,False,17,0,7
2026-07-20 18:00:00,27.5,91.0,1001.6,AWS005,Kolkata,22.5726,88.3639,False,18,0,7
2026-07-20 19:00:00,27.3,92.0,1001.8,AWS005,Kolkata,22.5726,88.3639,False,19,0,7
2026-07-20 20:00:00,27.0,95.0,1002.6,AWS005,Kolkata,22.5726,88.3639,False,20,0,7
2026-07-20 21:00:00,26.9,95.0,1003.4,AWS005,Kolkata,22.5726,88.3639,False,21,0,7
2026-07-20 22:00:00,26.8,96.0,1003.4,AWS005,Kolkata,22.5726,88.3639,False,22,0,7
2026-07-20 23:00:00,26.9,97.0,1002.6,AWS005,Kolkata,22.5726,88.3639,False,23,0,7
2026-07-21 00:00:00,25.9,96.0,1002.3,AWS005,Kolkata,22.5726,88.3639,False,0,1,7
2026-07-21 01:00:00,25.6,96.0,1001.6,AWS005,Kolkata,22.5726,88.3639,False,1,1,7
2026-07-21 02:00:00,25.2,98.0,1001.8,AWS005,Kolkata,22.5726,88.3639,False,2,1,7
2026-07-21 03:00:00,25.4,97.0,1001.8,AWS005,Kolkata,22.5726,88.3639,False,3,1,7
2026-07-21 04:00:00,25.2,97.0,1001.9,AWS005,Kolkata,22.5726,88.3639,False,4,1,7
2026-07-21 05:00:00,25.3,97.0,1001.8,AWS005,Kolkata,22.5726,88.3639,False,5,1,7
2026-07-21 06:00:00,25.9,96.0,1002.3,AWS005,Kolkata,22.5726,88.3639,False,6,1,7
2026-07-21 07:00:00,26.1,96.0,1002.5,AWS005,Kolkata,22.5726,88.3639,False,7,1,7
2026-07-21 08:00:00,26.5,93.0,1002.8,AWS005,Kolkata,22.5726,88.3639,False,8,1,7
2026-07-21 09:00:00,27.2,88.0,1002.7,AWS005,Kolkata,22.5726,88.3639,False,9,1,7
2026-07-21 10:00:00,28.5,84.0,1002.4,AWS005,Kolkata,22.5726,88.3639,False,10,1,7
2026-07-21 11:00:00,28.8,85.0,1002.0,AWS005,Kolkata,22.5726,88.3639,False,11,1,7
2026-07-21 12:00:00,28.8,83.0,1001.0,AWS005,Kolkata,22.5726,88.3639,False,12,1,7
2026-07-21 13:00:00,28.5,83.0,1000.2,AWS005,Kolkata,22.5726,88.3639,False,13,1,7
2026-07-21 14:00:00,28.1,82.0,1000.1,AWS005,Kolkata,22.5726,88.3639,False,14,1,7
2026-07-21 15:00:00,26.9,93.0,1000.0,AWS005,Kolkata,22.5726,88.3639,False,15,1,7
2026-07-21 16:00:00,26.7,94.0,1000.0,AWS005,Kolkata,22.5726,88.3639,False,16,1,7
2026-07-21 17:00:00,27.9,89.0,1000.0,AWS005,Kolkata,22.5726,88.3639,False,17,1,7
2026-07-21 18:00:00,27.6,90.0,1000.5,AWS005,Kolkata,22.5726,88.3639,False,18,1,7
2026-07-21 19:00:00,27.3,92.0,1001.3,AWS005,Kolkata,22.5726,88.3639,False,19,1,7
2026-07-21 20:00:00,27.2,92.0,1001.9,AWS005,Kolkata,22.5726,88.3639,False,20,1,7
2026-07-21 21:00:00,27.0,93.0,1002.6,AWS005,Kolkata,22.5726,88.3639,False,21,1,7
2026-07-21 22:00:00,26.7,94.0,1002.6,AWS005,Kolkata,22.5726,88.3639,False,22,1,7
2026-07-21 23:00:00,27.2,92.0,1002.4,AWS005,Kolkata,22.5726,88.3639,False,23,1,7
2026-07-22 00:00:00,25.4,96.0,1002.0,AWS005,Kolkata,22.5726,88.3639,False,0,2,7
2026-07-22 01:00:00,24.9,98.0,1001.4,AWS005,Kolkata,22.5726,88.3639,False,1,2,7
2026-07-22 02:00:00,24.9,97.0,1001.5,AWS005,Kolkata,22.5726,88.3639,False,2,2,7
2026-07-22 03:00:00,24.9,97.0,1001.1,AWS005,Kolkata,22.5726,88.3639,False,3,2,7
2026-07-22 04:00:00,24.9,97.0,1000.9,AWS005,Kolkata,22.5726,88.3639,False,4,2,7
2026-07-22 05:00:00,25.4,98.0,1000.8,AWS005,Kolkata,22.5726,88.3639,False,5,2,7
2026-07-22 06:00:00,26.3,95.0,1001.8,AWS005,Kolkata,22.5726,88.3639,False,6,2,7
2026-07-22 07:00:00,26.5,92.0,1002.1,AWS005,Kolkata,22.5726,88.3639,False,7,2,7
2026-07-22 08:00:00,27.3,88.0,1002.7,AWS005,Kolkata,22.5726,88.3639,False,8,2,7
2026-07-22 09:00:00,27.5,85.0,1002.8,AWS005,Kolkata,22.5726,88.3639,False,9,2,7
2026-07-22 10:00:00,27.6,84.0,1002.2,AWS005,Kolkata,22.5726,88.3639,False,10,2,7
2026-07-22 11:00:00,28.4,79.0,1002.5,AWS005,Kolkata,22.5726,88.3639,False,11,2,7
2026-07-22 12:00:00,27.1,88.0,1002.3,AWS005,Kolkata,22.5726,88.3639,False,12,2,7
2026-07-22 13:00:00,26.8,90.0,1001.7,AWS005,Kolkata,22.5726,88.3639,False,13,2,7
2026-07-22 14:00:00,26.4,91.0,1001.3,AWS005,Kolkata,22.5726,88.3639,False,14,2,7
2026-07-22 15:00:00,26.7,90.0,1000.8,AWS005,Kolkata,22.5726,88.3639,False,15,2,7
2026-07-22 16:00:00,26.3,95.0,1000.6,AWS005,Kolkata,22.5726,88.3639,False,16,2,7
2026-07-22 17:00:00,27.2,89.0,1000.9,AWS005,Kolkata,22.5726,88.3639,False,17,2,7
2026-07-22 18:00:00,26.5,93.0,1001.0,AWS005,Kolkata,22.5726,88.3639,False,18,2,7
2026-07-22 19:00:00,26.5,94.0,1001.8,AWS005,Kolkata,22.5726,88.3639,False,19,2,7
2026-07-22 20:00:00,26.5,95.0,1002.8,AWS005,Kolkata,22.5726,88.3639,False,20,2,7
2026-07-22 21:00:00,26.2,96.0,1003.7,AWS005,Kolkata,22.5726,88.3639,False,21,2,7
2026-07-22 22:00:00,26.0,96.0,1003.3,AWS005,Kolkata,22.5726,88.3639,False,22,2,7
2026-07-22 23:00:00,27.1,92.0,1003.2,AWS005,Kolkata,22.5726,88.3639,False,23,2,7
2026-07-23 00:00:00,26.7,92.0,1002.4,AWS005,Kolkata,22.5726,88.3639,False,0,3,7
2026-07-23 01:00:00,26.7,91.0,1001.6,AWS005,Kolkata,22.5726,88.3639,False,1,3,7
2026-07-23 02:00:00,25.2,93.0,1001.6,AWS005,Kolkata,22.5726,88.3639,False,2,3,7
2026-07-23 03:00:00,24.5,96.0,1001.7,AWS005,Kolkata,22.5726,88.3639,False,3,3,7
2026-07-23 04:00:00,24.8,96.0,1002.0,AWS005,Kolkata,22.5726,88.3639,False,4,3,7
2026-07-23 05:00:00,26.2,95.0,1001.4,AWS005,Kolkata,22.5726,88.3639,False,5,3,7
2026-07-23 06:00:00,26.4,96.0,1001.9,AWS005,Kolkata,22.5726,88.3639,False,6,3,7
2026-07-23 07:00:00,27.4,93.0,1002.3,AWS005,Kolkata,22.5726,88.3639,False,7,3,7
2026-07-23 08:00:00,26.5,91.0,1002.9,AWS005,Kolkata,22.5726,88.3639,False,8,3,7
2026-07-23 09:00:00,26.8,92.0,1002.9,AWS005,Kolkata,22.5726,88.3639,False,9,3,7
2026-07-23 10:00:00,27.7,88.0,1002.3,AWS005,Kolkata,22.5726,88.3639,False,10,3,7
2026-07-23 11:00:00,27.2,93.0,1001.9,AWS005,Kolkata,22.5726,88.3639,False,11,3,7
2026-07-23 12:00:00,28.7,82.0,1001.3,AWS005,Kolkata,22.5726,88.3639,False,12,3,7
2026-07-23 13:00:00,27.1,88.0,1000.3,AWS005,Kolkata,22.5726,88.3639,False,13,3,7
2026-07-23 14:00:00,27.7,87.0,1000.3,AWS005,Kolkata,22.5726,88.3639,False,14,3,7
2026-07-23 15:00:00,27.3,89.0,1000.3,AWS005,Kolkata,22.5726,88.3639,False,15,3,7
2026-07-23 16:00:00,26.9,88.0,999.8,AWS005,Kolkata,22.5726,88.3639,False,16,3,7
2026-07-23 17:00:00,27.2,87.0,1000.6,AWS005,Kolkata,22.5726,88.3639,False,17,3,7
2026-07-23 18:00:00,26.5,93.0,1001.0,AWS005,Kolkata,22.5726,88.3639,False,18,3,7
2026-07-23 19:00:00,26.1,95.0,1001.3,AWS005,Kolkata,22.5726,88.3639,False,19,3,7
2026-07-23 20:00:00,26.1,96.0,1002.1,AWS005,Kolkata,22.5726,88.3639,False,20,3,7
2026-07-23 21:00:00,26.4,95.0,1002.5,AWS005,Kolkata,22.5726,88.3639,False,21,3,7
2026-07-23 22:00:00,26.4,94.0,1002.5,AWS005,Kolkata,22.5726,88.3639,False,22,3,7
2026-07-23 23:00:00,27.0,93.0,1002.0,AWS005,Kolkata,22.5726,88.3639,False,23,3,7
2026-07-24 00:00:00,26.0,96.0,1001.3,AWS005,Kolkata,22.5726,88.3639,False,0,4,7
2026-07-24 01:00:00,25.1,98.0,1000.8,AWS005,Kolkata,22.5726,88.3639,False,1,4,7
2026-07-24 02:00:00,25.1,96.0,1000.5,AWS005,Kolkata,22.5726,88.3639,False,2,4,7
2026-07-24 03:00:00,25.0,97.0,1000.0,AWS005,Kolkata,22.5726,88.3639,False,3,4,7
2026-07-24 04:00:00,25.0,97.0,1000.4,AWS005,Kolkata,22.5726,88.3639,False,4,4,7
2026-07-24 05:00:00,25.5,97.0,1000.0,AWS005,Kolkata,22.5726,88.3639,False,5,4,7
2026-07-24 06:00:00,25.9,97.0,1000.4,AWS005,Kolkata,22.5726,88.3639,False,6,4,7
2026-07-24 07:00:00,25.9,95.0,1000.6,AWS005,Kolkata,22.5726,88.3639,False,7,4,7
2026-07-24 08:00:00,26.4,95.0,1001.1,AWS005,Kolkata,22.5726,88.3639,False,8,4,7
2026-07-24 09:00:00,26.5,95.0,1001.0,AWS005,Kolkata,22.5726,88.3639,False,9,4,7
2026-07-24 10:00:00,27.0,90.0,1000.6,AWS005,Kolkata,22.5726,88.3639,False,10,4,7
2026-07-24 11:00:00,28.6,80.0,1000.7,AWS005,Kolkata,22.5726,88.3639,False,11,4,7
2026-07-24 12:00:00,27.8,86.0,999.7,AWS005,Kolkata,22.5726,88.3639,False,12,4,7
2026-07-24 13:00:00,29.4,82.0,998.7,AWS005,Kolkata,22.5726,88.3639,False,13,4,7
2026-07-24 14:00:00,30.2,75.0,998.0,AWS005,Kolkata,22.5726,88.3639,False,14,4,7
2026-07-24 15:00:00,28.4,82.0,997.6,AWS005,Kolkata,22.5726,88.3639,False,15,4,7
2026-07-24 16:00:00,28.1,84.0,997.6,AWS005,Kolkata,22.5726,88.3639,False,16,4,7
2026-07-24 17:00:00,28.9,79.0,998.0,AWS005,Kolkata,22.5726,88.3639,False,17,4,7
2026-07-24 18:00:00,27.8,87.0,998.6,AWS005,Kolkata,22.5726,88.3639,False,18,4,7
2026-07-24 19:00:00,27.3,90.0,999.4,AWS005,Kolkata,22.5726,88.3639,False,19,4,7
2026-07-24 20:00:00,26.8,92.0,1000.3,AWS005,Kolkata,22.5726,88.3639,False,20,4,7
2026-07-24 21:00:00,26.8,93.0,1000.7,AWS005,Kolkata,22.5726,88.3639,False,21,4,7
2026-07-24 22:00:00,26.3,96.0,1001.0,AWS005,Kolkata,22.5726,88.3639,False,22,4,7
2026-07-24 23:00:00,27.1,93.0,1000.4,AWS005,Kolkata,22.5726,88.3639,False,23,4,7
2026-07-25 00:00:00,26.9,95.0,999.7,AWS005,Kolkata,22.5726,88.3639,False,0,5,7
2026-07-25 01:00:00,26.5,97.0,999.1,AWS005,Kolkata,22.5726,88.3639,False,1,5,7
2026-07-25 02:00:00,25.8,95.0,999.2,AWS005,Kolkata,22.5726,88.3639,False,2,5,7
2026-07-25 03:00:00,25.8,96.0,999.1,AWS005,Kolkata,22.5726,88.3639,False,3,5,7
2026-07-25 04:00:00,25.8,97.0,999.3,AWS005,Kolkata,22.5726,88.3639,False,4,5,7
2026-07-25 05:00:00,26.1,99.0,998.8,AWS005,Kolkata,22.5726,88.3639,False,5,5,7
2026-07-25 06:00:00,26.7,94.0,1000.0,AWS005,Kolkata,22.5726,88.3639,False,6,5,7
2026-07-25 07:00:00,27.4,90.0,1000.0,AWS005,Kolkata,22.5726,88.3639,False,7,5,7
2026-07-25 08:00:00,28.9,81.0,999.6,AWS005,Kolkata,22.5726,88.3639,False,8,5,7
2026-07-25 09:00:00,29.9,76.0,999.4,AWS005,Kolkata,22.5726,88.3639,False,9,5,7
2026-07-25 10:00:00,30.9,74.0,999.3,AWS005,Kolkata,22.5726,88.3639,False,10,5,7
2026-07-25 11:00:00,29.1,77.0,999.3,AWS005,Kolkata,22.5726,88.3639,False,11,5,7
2026-07-25 12:00:00,30.0,78.0,998.2,AWS005,Kolkata,22.5726,88.3639,False,12,5,7
2026-07-25 13:00:00,31.0,70.0,997.8,AWS005,Kolkata,22.5726,88.3639,False,13,5,7
2026-07-25 14:00:00,30.9,70.0,997.5,AWS005,Kolkata,22.5726,88.3639,False,14,5,7
2026-07-25 15:00:00,30.3,73.0,996.7,AWS005,Kolkata,22.5726,88.3639,False,15,5,7
2026-07-25 16:00:00,29.8,74.0,996.5,AWS005,Kolkata,22.5726,88.3639,False,16,5,7
2026-07-25 17:00:00,29.3,79.0,997.0,AWS005,Kolkata,22.5726,88.3639,False,17,5,7
2026-07-25 18:00:00,28.3,83.0,997.6,AWS005,Kolkata,22.5726,88.3639,False,18,5,7
2026-07-25 19:00:00,27.7,86.0,998.1,AWS005,Kolkata,22.5726,88.3639,False,19,5,7
2026-07-25 20:00:00,27.5,86.0,998.8,AWS005,Kolkata,22.5726,88.3639,False,20,5,7
2026-07-25 21:00:00,27.3,87.0,999.7,AWS005,Kolkata,22.5726,88.3639,False,21,5,7
2026-07-25 22:00:00,27.0,88.0,1000.3,AWS005,Kolkata,22.5726,88.3639,False,22,5,7
2026-07-25 23:00:00,27.4,86.0,999.5,AWS005,Kolkata,22.5726,88.3639,False,23,5,7
2026-07-26 00:00:00,26.8,89.0,998.8,AWS005,Kolkata,22.5726,88.3639,False,0,6,7
2026-07-26 01:00:00,26.4,90.0,998.5,AWS005,Kolkata,22.5726,88.3639,False,1,6,7
2026-07-26 02:00:00,26.2,92.0,997.9,AWS005,Kolkata,22.5726,88.3639,False,2,6,7
2026-07-26 03:00:00,26.1,92.0,997.8,AWS005,Kolkata,22.5726,88.3639,False,3,6,7
2026-07-26 04:00:00,25.9,92.0,997.6,AWS005,Kolkata,22.5726,88.3639,False,4,6,7
2026-07-26 05:00:00,26.5,91.0,998.0,AWS005,Kolkata,22.5726,88.3639,False,5,6,7
2026-07-26 06:00:00,27.0,90.0,998.2,AWS005,Kolkata,22.5726,88.3639,False,6,6,7
2026-07-26 07:00:00,28.2,82.0,998.4,AWS005,Kolkata,22.5726,88.3639,False,7,6,7
2026-07-26 08:00:00,29.1,77.0,998.5,AWS005,Kolkata,22.5726,88.3639,False,8,6,7
2026-07-26 09:00:00,30.3,72.0,998.5,AWS005,Kolkata,22.5726,88.3639,False,9,6,7
2026-07-26 10:00:00,31.1,71.0,997.8,AWS005,Kolkata,22.5726,88.3639,False,10,6,7
2026-07-26 11:00:00,31.2,69.0,998.0,AWS005,Kolkata,22.5726,88.3639,False,11,6,7
2026-07-26 12:00:00,31.1,71.0,997.0,AWS005,Kolkata,22.5726,88.3639,False,12,6,7
2026-07-26 13:00:00,31.7,68.0,995.7,AWS005,Kolkata,22.5726,88.3639,False,13,6,7
2026-07-26 14:00:00,30.1,74.0,995.2,AWS005,Kolkata,22.5726,88.3639,False,14,6,7
2026-07-26 15:00:00,29.5,75.0,994.9,AWS005,Kolkata,22.5726,88.3639,False,15,6,7
2026-07-26 16:00:00,29.3,77.0,994.8,AWS005,Kolkata,22.5726,88.3639,False,16,6,7
2026-07-26 17:00:00,29.7,78.0,994.8,AWS005,Kolkata,22.5726,88.3639,False,17,6,7
2026-07-26 18:00:00,28.7,83.0,995.2,AWS005,Kolkata,22.5726,88.3639,False,18,6,7
2026-07-26 19:00:00,28.3,83.0,995.9,AWS005,Kolkata,22.5726,88.3639,False,19,6,7
2026-07-26 20:00:00,27.7,84.0,996.8,AWS005,Kolkata,22.5726,88.3639,False,20,6,7
2026-07-26 21:00:00,27.1,88.0,997.7,AWS005,Kolkata,22.5726,88.3639,False,21,6,7
2026-07-26 22:00:00,26.8,89.0,997.7,AWS005,Kolkata,22.5726,88.3639,False,22,6,7
2026-07-26 23:00:00,27.8,88.0,996.8,AWS005,Kolkata,22.5726,88.3639,False,23,6,7
2026-07-27 00:00:00,27.2,89.0,995.8,AWS005,Kolkata,22.5726,88.3639,False,0,0,7
2026-07-27 01:00:00,26.3,93.0,995.3,AWS005,Kolkata,22.5726,88.3639,False,1,0,7
2026-07-27 02:00:00,25.4,96.0,995.1,AWS005,Kolkata,22.5726,88.3639,False,2,0,7
2026-07-27 03:00:00,25.2,97.0,994.5,AWS005,Kolkata,22.5726,88.3639,False,3,0,7
2026-07-27 04:00:00,25.4,96.0,994.5,AWS005,Kolkata,22.5726,88.3639,False,4,0,7
2026-07-27 05:00:00,26.5,94.0,994.7,AWS005,Kolkata,22.5726,88.3639,False,5,0,7
2026-07-27 06:00:00,26.3,94.0,995.4,AWS005,Kolkata,22.5726,88.3639,False,6,0,7
2026-07-27 07:00:00,27.0,94.0,995.0,AWS005,Kolkata,22.5726,88.3639,False,7,0,7
2026-07-27 08:00:00,27.6,92.0,994.8,AWS005,Kolkata,22.5726,88.3639,False,8,0,7
2026-07-27 09:00:00,26.9,92.0,995.2,AWS005,Kolkata,22.5726,88.3639,False,9,0,7
2026-07-27 10:00:00,26.8,92.0,994.7,AWS005,Kolkata,22.5726,88.3639,False,10,0,7
2026-07-27 11:00:00,28.2,83.0,994.8,AWS005,Kolkata,22.5726,88.3639,False,11,0,7
2026-07-27 12:00:00,30.6,74.0,993.7,AWS005,Kolkata,22.5726,88.3639,False,12,0,7
2026-07-27 13:00:00,28.5,83.0,992.7,AWS005,Kolkata,22.5726,88.3639,False,13,0,7
2026-07-27 14:00:00,30.3,74.0,992.3,AWS005,Kolkata,22.5726,88.3639,False,14,0,7
2026-07-27 15:00:00,28.1,84.0,992.0,AWS005,Kolkata,22.5726,88.3639,False,15,0,7
2026-07-27 16:00:00,26.5,93.0,992.3,AWS005,Kolkata,22.5726,88.3639,False,16,0,7
2026-07-27 17:00:00,28.0,89.0,992.1,AWS005,Kolkata,22.5726,88.3639,False,17,0,7
2026-07-27 18:00:00,27.8,87.0,992.1,AWS005,Kolkata,22.5726,88.3639,False,18,0,7
2026-07-27 19:00:00,27.3,89.0,993.0,AWS005,Kolkata,22.5726,88.3639,False,19,0,7
2026-07-27 20:00:00,26.6,92.0,993.9,AWS005,Kolkata,22.5726,88.3639,False,20,0,7
2026-07-27 21:00:00,26.7,90.0,994.5,AWS005,Kolkata,22.5726,88.3639,False,21,0,7
2026-07-27 22:00:00,25.9,95.0,994.8,AWS005,Kolkata,22.5726,88.3639,False,22,0,7
2026-07-27 23:00:00,26.0,97.0,993.6,AWS005,Kolkata,22.5726,88.3639,False,23,0,7
2026-07-28 00:00:00,26.0,97.0,993.0,AWS005,Kolkata,22.5726,88.3639,False,0,1,7
2026-07-28 01:00:00,26.0,96.0,992.4,AWS005,Kolkata,22.5726,88.3639,False,1,1,7
2026-07-28 02:00:00,26.1,95.0,992.3,AWS005,Kolkata,22.5726,88.3639,False,2,1,7
2026-07-28 03:00:00,26.2,94.0,992.5,AWS005,Kolkata,22.5726,88.3639,False,3,1,7
2026-07-28 04:00:00,26.0,94.0,992.5,AWS005,Kolkata,22.5726,88.3639,False,4,1,7
2026-07-28 05:00:00,26.6,93.0,992.2,AWS005,Kolkata,22.5726,88.3639,False,5,1,7
2026-07-28 06:00:00,26.9,91.0,993.4,AWS005,Kolkata,22.5726,88.3639,False,6,1,7
2026-07-28 07:00:00,27.9,86.0,993.9,AWS005,Kolkata,22.5726,88.3639,False,7,1,7
2026-07-28 08:00:00,28.5,83.0,994.7,AWS005,Kolkata,22.5726,88.3639,False,8,1,7
2026-07-28 09:00:00,29.0,78.0,995.2,AWS005,Kolkata,22.5726,88.3639,False,9,1,7
2026-07-28 10:00:00,30.3,73.0,995.0,AWS005,Kolkata,22.5726,88.3639,False,10,1,7
2026-07-28 11:00:00,30.1,68.0,995.8,AWS005,Kolkata,22.5726,88.3639,False,11,1,7
2026-07-28 12:00:00,28.6,80.0,996.0,AWS005,Kolkata,22.5726,88.3639,False,12,1,7
2026-07-28 13:00:00,29.3,77.0,994.9,AWS005,Kolkata,22.5726,88.3639,False,13,1,7
2026-07-28 14:00:00,29.4,76.0,994.6,AWS005,Kolkata,22.5726,88.3639,False,14,1,7
2026-07-28 15:00:00,29.5,75.0,994.3,AWS005,Kolkata,22.5726,88.3639,False,15,1,7
2026-07-28 16:00:00,29.3,76.0,994.0,AWS005,Kolkata,22.5726,88.3639,False,16,1,7
2026-07-28 17:00:00,28.9,80.0,994.6,AWS005,Kolkata,22.5726,88.3639,False,17,1,7
2026-07-28 18:00:00,28.4,82.0,995.1,AWS005,Kolkata,22.5726,88.3639,False,18,1,7
2026-07-28 19:00:00,28.2,81.0,995.9,AWS005,Kolkata,22.5726,88.3639,False,19,1,7
2026-07-28 20:00:00,27.8,84.0,996.8,AWS005,Kolkata,22.5726,88.3639,False,20,1,7
2026-07-28 21:00:00,27.3,86.0,997.6,AWS005,Kolkata,22.5726,88.3639,False,21,1,7
2026-07-28 22:00:00,27.0,89.0,997.8,AWS005,Kolkata,22.5726,88.3639,False,22,1,7
2026-07-28 23:00:00,27.2,91.0,997.6,AWS005,Kolkata,22.5726,88.3639,False,23,1,7
2026-07-29 00:00:00,26.7,92.0,997.5,AWS005,Kolkata,22.5726,88.3639,False,0,2,7
2026-07-29 01:00:00,26.4,91.0,997.3,AWS005,Kolkata,22.5726,88.3639,False,1,2,7
2026-07-29 02:00:00,26.0,92.0,997.0,AWS005,Kolkata,22.5726,88.3639,False,2,2,7
2026-07-29 03:00:00,25.8,94.0,996.5,AWS005,Kolkata,22.5726,88.3639,False,3,2,7
2026-07-29 04:00:00,25.8,93.0,996.8,AWS005,Kolkata,22.5726,88.3639,False,4,2,7
2026-07-29 05:00:00,26.8,93.0,996.6,AWS005,Kolkata,22.5726,88.3639,False,5,2,7
2026-07-29 06:00:00,27.3,91.0,997.0,AWS005,Kolkata,22.5726,88.3639,False,6,2,7
2026-07-29 07:00:00,28.6,85.0,997.5,AWS005,Kolkata,22.5726,88.3639,False,7,2,7
2026-07-29 08:00:00,29.5,80.0,997.9,AWS005,Kolkata,22.5726,88.3639,False,8,2,7
2026-07-29 09:00:00,27.6,90.0,998.5,AWS005,Kolkata,22.5726,88.3639,False,9,2,7
2026-07-29 10:00:00,30.1,77.0,998.2,AWS005,Kolkata,22.5726,88.3639,False,10,2,7
2026-07-29 11:00:00,30.9,75.0,997.5,AWS005,Kolkata,22.5726,88.3639,False,11,2,7
2026-07-29 12:00:00,30.1,77.0,997.4,AWS005,Kolkata,22.5726,88.3639,False,12,2,7
2026-07-29 13:00:00,30.9,76.0,996.1,AWS005,Kolkata,22.5726,88.3639,False,13,2,7
2026-07-29 14:00:00,27.8,88.0,996.3,AWS005,Kolkata,22.5726,88.3639,False,14,2,7
2026-07-29 15:00:00,27.9,91.0,995.9,AWS005,Kolkata,22.5726,88.3639,False,15,2,7
2026-07-29 16:00:00,28.0,89.0,995.2,AWS005,Kolkata,22.5726,88.3639,False,16,2,7
2026-07-29 17:00:00,29.4,79.0,995.3,AWS005,Kolkata,22.5726,88.3639,False,17,2,7
2026-07-29 18:00:00,28.5,84.0,996.2,AWS005,Kolkata,22.5726,88.3639,False,18,2,7
2026-07-29 19:00:00,27.6,89.0,996.9,AWS005,Kolkata,22.5726,88.3639,False,19,2,7
2026-07-29 20:00:00,27.4,90.0,997.6,AWS005,Kolkata,22.5726,88.3639,False,20,2,7
2026-07-29 21:00:00,27.3,90.0,998.5,AWS005,Kolkata,22.5726,88.3639,False,21,2,7
2026-07-29 22:00:00,27.4,88.0,998.8,AWS005,Kolkata,22.5726,88.3639,False,22,2,7
2026-07-29 23:00:00,26.8,92.0,998.4,AWS005,Kolkata,22.5726,88.3639,False,23,2,7
2026-07-30 00:00:00,26.2,95.0,997.9,AWS005,Kolkata,22.5726,88.3639,False,0,3,7
2026-07-30 01:00:00,26.1,96.0,997.7,AWS005,Kolkata,22.5726,88.3639,False,1,3,7
2026-07-30 02:00:00,26.3,95.0,997.5,AWS005,Kolkata,22.5726,88.3639,False,2,3,7
2026-07-30 03:00:00,26.1,95.0,997.4,AWS005,Kolkata,22.5726,88.3639,False,3,3,7
2026-07-30 04:00:00,25.8,94.0,997.2,AWS005,Kolkata,22.5726,88.3639,False,4,3,7
2026-07-30 05:00:00,26.4,94.0,997.3,AWS005,Kolkata,22.5726,88.3639,False,5,3,7
2026-07-30 06:00:00,27.2,90.0,998.2,AWS005,Kolkata,22.5726,88.3639,False,6,3,7
2026-07-30 07:00:00,27.6,86.0,998.5,AWS005,Kolkata,22.5726,88.3639,False,7,3,7
2026-07-30 08:00:00,28.3,86.0,999.2,AWS005,Kolkata,22.5726,88.3639,False,8,3,7
2026-07-30 09:00:00,28.9,83.0,999.4,AWS005,Kolkata,22.5726,88.3639,False,9,3,7
2026-07-30 10:00:00,28.9,81.0,999.2,AWS005,Kolkata,22.5726,88.3639,False,10,3,7
2026-07-30 11:00:00,29.4,78.0,999.3,AWS005,Kolkata,22.5726,88.3639,False,11,3,7
2026-07-30 12:00:00,29.3,78.0,999.0,AWS005,Kolkata,22.5726,88.3639,False,12,3,7
2026-07-30 13:00:00,29.3,81.0,998.1,AWS005,Kolkata,22.5726,88.3639,False,13,3,7
2026-07-30 14:00:00,30.1,77.0,998.0,AWS005,Kolkata,22.5726,88.3639,False,14,3,7
2026-07-30 15:00:00,29.5,76.0,997.5,AWS005,Kolkata,22.5726,88.3639,False,15,3,7
2026-07-30 16:00:00,29.3,77.0,996.9,AWS005,Kolkata,22.5726,88.3639,False,16,3,7
2026-07-30 17:00:00,29.4,77.0,997.7,AWS005,Kolkata,22.5726,88.3639,False,17,3,7
2026-07-30 18:00:00,28.2,83.0,998.8,AWS005,Kolkata,22.5726,88.3639,False,18,3,7
2026-07-30 19:00:00,27.9,85.0,999.6,AWS005,Kolkata,22.5726,88.3639,False,19,3,7
2026-07-30 20:00:00,27.8,86.0,1000.3,AWS005,Kolkata,22.5726,88.3639,False,20,3,7
2026-07-30 21:00:00,27.6,86.0,1001.2,AWS005,Kolkata,22.5726,88.3639,False,21,3,7
2026-07-30 22:00:00,27.2,88.0,1001.6,AWS005,Kolkata,22.5726,88.3639,False,22,3,7
2026-07-30 23:00:00,27.5,88.0,1001.3,AWS005,Kolkata,22.5726,88.3639,False,23,3,7
2026-07-31 00:00:00,27.1,89.0,1000.8,AWS005,Kolkata,22.5726,88.3639,False,0,4,7
2026-07-31 01:00:00,26.9,90.0,1000.2,AWS005,Kolkata,22.5726,88.3639,False,1,4,7
2026-07-31 02:00:00,26.8,90.0,1000.4,AWS005,Kolkata,22.5726,88.3639,False,2,4,7
2026-07-31 03:00:00,26.7,90.0,1000.4,AWS005,Kolkata,22.5726,88.3639,False,3,4,7
2026-07-31 04:00:00,26.6,90.0,1000.4,AWS005,Kolkata,22.5726,88.3639,False,4,4,7
2026-07-31 05:00:00,26.5,94.0,1000.5,AWS005,Kolkata,22.5726,88.3639,False,5,4,7
2026-07-31 06:00:00,27.0,91.0,1001.3,AWS005,Kolkata,22.5726,88.3639,False,6,4,7
2026-07-31 07:00:00,28.0,87.0,1001.6,AWS005,Kolkata,22.5726,88.3639,False,7,4,7
2026-07-31 08:00:00,29.1,85.0,1002.0,AWS005,Kolkata,22.5726,88.3639,False,8,4,7
2026-07-31 09:00:00,28.2,86.0,1002.3,AWS005,Kolkata,22.5726,88.3639,False,9,4,7
2026-07-31 10:00:00,28.2,89.0,1002.2,AWS005,Kolkata,22.5726,88.3639,False,10,4,7
2026-07-31 11:00:00,31.7,73.0,1001.7,AWS005,Kolkata,22.5726,88.3639,False,11,4,7
2026-07-31 12:00:00,29.4,79.0,1001.4,AWS005,Kolkata,22.5726,88.3639,False,12,4,7
2026-07-31 13:00:00,31.5,70.0,1000.2,AWS005,Kolkata,22.5726,88.3639,False,13,4,7
2026-07-31 14:00:00,31.3,69.0,999.6,AWS005,Kolkata,22.5726,88.3639,False,14,4,7
2026-07-31 15:00:00,31.1,69.0,999.0,AWS005,Kolkata,22.5726,88.3639,False,15,4,7
2026-07-31 16:00:00,30.4,73.0,998.9,AWS005,Kolkata,22.5726,88.3639,False,16,4,7
2026-07-31 17:00:00,30.2,76.0,999.1,AWS005,Kolkata,22.5726,88.3639,False,17,4,7
2026-07-31 18:00:00,29.3,80.0,999.6,AWS005,Kolkata,22.5726,88.3639,False,18,4,7
2026-07-31 19:00:00,28.8,81.0,1000.6,AWS005,Kolkata,22.5726,88.3639,False,19,4,7
2026-07-31 20:00:00,28.3,83.0,1001.4,AWS005,Kolkata,22.5726,88.3639,False,20,4,7
2026-07-31 21:00:00,27.8,86.0,1001.9,AWS005,Kolkata,22.5726,88.3639,False,21,4,7
2026-07-31 22:00:00,27.6,88.0,1001.9,AWS005,Kolkata,22.5726,88.3639,False,22,4,7
2026-07-31 23:00:00,27.9,89.0,1001.3,AWS005,Kolkata,22.5726,88.3639,False,23,4,7
2026-08-01 00:00:00,27.6,90.0,1001.0,AWS005,Kolkata,22.5726,88.3639,False,0,5,8
2026-08-01 01:00:00,27.3,91.0,1000.6,AWS005,Kolkata,22.5726,88.3639,False,1,5,8
2026-08-01 02:00:00,26.9,92.0,1000.2,AWS005,Kolkata,22.5726,88.3639,False,2,5,8
2026-08-01 03:00:00,26.3,95.0,1000.5,AWS005,Kolkata,22.5726,88.3639,False,3,5,8
2026-08-01 04:00:00,25.7,95.0,1000.8,AWS005,Kolkata,22.5726,88.3639,False,4,5,8
2026-08-01 05:00:00,26.4,96.0,1000.8,AWS005,Kolkata,22.5726,88.3639,False,5,5,8
2026-08-01 06:00:00,25.8,97.0,1001.3,AWS005,Kolkata,22.5726,88.3639,False,6,5,8
2026-08-01 07:00:00,26.4,95.0,1001.8,AWS005,Kolkata,22.5726,88.3639,False,7,5,8
2026-08-01 08:00:00,27.1,94.0,1001.7,AWS005,Kolkata,22.5726,88.3639,False,8,5,8
2026-08-01 09:00:00,29.0,87.0,1001.6,AWS005,Kolkata,22.5726,88.3639,False,9,5,8
2026-08-01 10:00:00,30.3,80.0,1001.4,AWS005,Kolkata,22.5726,88.3639,False,10,5,8
2026-08-01 11:00:00,30.5,77.0,1001.0,AWS005,Kolkata,22.5726,88.3639,False,11,5,8
2026-08-01 12:00:00,31.4,75.0,1000.1,AWS005,Kolkata,22.5726,88.3639,False,12,5,8
2026-08-01 13:00:00,28.3,87.0,999.6,AWS005,Kolkata,22.5726,88.3639,False,13,5,8
2026-08-01 14:00:00,28.9,87.0,998.9,AWS005,Kolkata,22.5726,88.3639,False,14,5,8
2026-08-01 15:00:00,30.1,79.0,998.3,AWS005,Kolkata,22.5726,88.3639,False,15,5,8
2026-08-01 16:00:00,29.7,81.0,998.1,AWS005,Kolkata,22.5726,88.3639,False,16,5,8
2026-08-01 17:00:00,30.6,78.0,998.5,AWS005,Kolkata,22.5726,88.3639,False,17,5,8
2026-08-01 18:00:00,29.5,82.0,999.2,AWS005,Kolkata,22.5726,88.3639,False,18,5,8
2026-08-01 19:00:00,29.1,83.0,1000.1,AWS005,Kolkata,22.5726,88.3639,False,19,5,8
2026-08-01 20:00:00,28.8,84.0,1001.0,AWS005,Kolkata,22.5726,88.3639,False,20,5,8
2026-08-01 21:00:00,28.6,85.0,1001.7,AWS005,Kolkata,22.5726,88.3639,False,21,5,8
2026-08-01 22:00:00,28.3,87.0,1002.0,AWS005,Kolkata,22.5726,88.3639,False,22,5,8
2026-08-01 23:00:00,28.7,86.0,1001.1,AWS005,Kolkata,22.5726,88.3639,False,23,5,8
2026-08-02 00:00:00,28.4,88.0,1000.7,AWS005,Kolkata,22.5726,88.3639,False,0,6,8
2026-08-02 01:00:00,28.2,89.0,1000.3,AWS005,Kolkata,22.5726,88.3639,False,1,6,8
2026-08-02 02:00:00,27.9,90.0,1000.4,AWS005,Kolkata,22.5726,88.3639,False,2,6,8
2026-08-02 03:00:00,27.8,90.0,1000.2,AWS005,Kolkata,22.5726,88.3639,False,3,6,8
2026-08-02 04:00:00,27.7,91.0,1000.7,AWS005,Kolkata,22.5726,88.3639,False,4,6,8
2026-08-02 05:00:00,26.7,97.0,1001.1,AWS005,Kolkata,22.5726,88.3639,False,5,6,8
2026-08-02 06:00:00,27.0,96.0,1001.7,AWS005,Kolkata,22.5726,88.3639,False,6,6,8
2026-08-02 07:00:00,28.2,92.0,1002.0,AWS005,Kolkata,22.5726,88.3639,False,7,6,8
2026-08-02 08:00:00,29.9,86.0,1001.8,AWS005,Kolkata,22.5726,88.3639,False,8,6,8
2026-08-02 09:00:00,31.4,79.0,1001.8,AWS005,Kolkata,22.5726,88.3639,False,9,6,8
2026-08-02 10:00:00,31.8,77.0,1001.5,AWS005,Kolkata,22.5726,88.3639,False,10,6,8
2026-08-02 11:00:00,32.5,74.0,1001.3,AWS005,Kolkata,22.5726,88.3639,False,11,6,8
2026-08-02 12:00:00,28.4,86.0,1000.6,AWS005,Kolkata,22.5726,88.3639,False,12,6,8
2026-08-02 13:00:00,27.4,92.0,999.9,AWS005,Kolkata,22.5726,88.3639,False,13,6,8
2026-08-02 14:00:00,28.6,90.0,999.7,AWS005,Kolkata,22.5726,88.3639,False,14,6,8
2026-08-02 15:00:00,29.5,86.0,999.0,AWS005,Kolkata,22.5726,88.3639,False,15,6,8
2026-08-02 16:00:00,29.8,84.0,998.8,AWS005,Kolkata,22.5726,88.3639,False,16,6,8
2026-08-02 17:00:00,29.5,85.0,999.2,AWS005,Kolkata,22.5726,88.3639,False,17,6,8
2026-08-02 18:00:00,28.9,88.0,999.5,AWS005,Kolkata,22.5726,88.3639,False,18,6,8
2026-08-02 19:00:00,28.5,91.0,1000.0,AWS005,Kolkata,22.5726,88.3639,False,19,6,8
2026-08-02 20:00:00,28.4,91.0,1001.1,AWS005,Kolkata,22.5726,88.3639,False,20,6,8
2026-08-02 21:00:00,28.2,92.0,1001.8,AWS005,Kolkata,22.5726,88.3639,False,21,6,8
2026-08-02 22:00:00,28.1,93.0,1002.1,AWS005,Kolkata,22.5726,88.3639,False,22,6,8
2026-08-02 23:00:00,28.7,92.0,1001.6,AWS005,Kolkata,22.5726,88.3639,False,23,6,8
2026-08-03 00:00:00,28.3,94.0,1001.1,AWS005,Kolkata,22.5726,88.3639,False,0,0,8
2026-08-03 01:00:00,28.1,95.0,1000.7,AWS005,Kolkata,22.5726,88.3639,False,1,0,8
2026-08-03 02:00:00,28.1,95.0,1000.2,AWS005,Kolkata,22.5726,88.3639,False,2,0,8
2026-08-03 03:00:00,28.0,95.0,1000.6,AWS005,Kolkata,22.5726,88.3639,False,3,0,8
2026-08-03 04:00:00,27.1,95.0,1001.0,AWS005,Kolkata,22.5726,88.3639,False,4,0,8
2026-08-03 05:00:00,28.3,96.0,1000.6,AWS005,Kolkata,22.5726,88.3639,False,5,0,8
2026-08-03 06:00:00,27.7,94.0,1002.0,AWS005,Kolkata,22.5726,88.3639,False,6,0,8
2026-08-03 07:00:00,27.7,95.0,1001.7,AWS005,Kolkata,22.5726,88.3639,False,7,0,8
2026-08-03 08:00:00,29.1,90.0,1002.4,AWS005,Kolkata,22.5726,88.3639,False,8,0,8
2026-08-03 09:00:00,30.1,84.0,1002.2,AWS005,Kolkata,22.5726,88.3639,False,9,0,8
2026-08-03 10:00:00,31.4,77.0,1002.2,AWS005,Kolkata,22.5726,88.3639,False,10,0,8
2026-08-03 11:00:00,33.0,74.0,1002.0,AWS005,Kolkata,22.5726,88.3639,False,11,0,8
2026-08-03 12:00:00,32.7,75.0,1001.1,AWS005,Kolkata,22.5726,88.3639,False,12,0,8
2026-08-03 13:00:00,27.7,92.0,1001.5,AWS005,Kolkata,22.5726,88.3639,False,13,0,8
2026-08-03 14:00:00,28.0,91.0,1000.8,AWS005,Kolkata,22.5726,88.3639,False,14,0,8
2026-08-03 15:00:00,29.1,88.0,1000.2,AWS005,Kolkata,22.5726,88.3639,False,15,0,8
2026-08-03 16:00:00,29.7,85.0,999.8,AWS005,Kolkata,22.5726,88.3639,False,16,0,8
2026-08-03 17:00:00,30.2,82.0,1000.5,AWS005,Kolkata,22.5726,88.3639,False,17,0,8
2026-08-03 18:00:00,29.8,85.0,1001.1,AWS005,Kolkata,22.5726,88.3639,False,18,0,8
2026-08-03 19:00:00,29.8,84.0,1001.9,AWS005,Kolkata,22.5726,88.3639,False,19,0,8
2026-08-03 20:00:00,29.5,85.0,1002.6,AWS005,Kolkata,22.5726,88.3639,False,20,0,8
2026-08-03 21:00:00,29.2,85.0,1002.9,AWS005,Kolkata,22.5726,88.3639,False,21,0,8
2026-08-03 22:00:00,28.8,88.0,1002.9,AWS005,Kolkata,22.5726,88.3639,False,22,0,8
2026-08-03 23:00:00,29.0,89.0,1002.5,AWS005,Kolkata,22.5726,88.3639,False,23,0,8
2026-08-04 00:00:00,28.6,92.0,1002.2,AWS005,Kolkata,22.5726,88.3639,False,0,1,8
2026-08-04 01:00:00,28.5,92.0,1001.7,AWS005,Kolkata,22.5726,88.3639,False,1,1,8
2026-08-04 02:00:00,28.3,94.0,1001.4,AWS005,Kolkata,22.5726,88.3639,False,2,1,8
2026-08-04 03:00:00,28.2,95.0,1001.3,AWS005,Kolkata,22.5726,88.3639,False,3,1,8
2026-08-04 04:00:00,26.6,97.0,1001.7,AWS005,Kolkata,22.5726,88.3639,False,4,1,8
2026-08-04 05:00:00,27.5,96.0,1001.8,AWS005,Kolkata,22.5726,88.3639,False,5,1,8
2026-08-04 06:00:00,28.0,96.0,1002.5,AWS005,Kolkata,22.5726,88.3639,False,6,1,8
2026-08-04 07:00:00,28.7,92.0,1003.0,AWS005,Kolkata,22.5726,88.3639,False,7,1,8
2026-08-04 08:00:00,30.1,85.0,1003.1,AWS005,Kolkata,22.5726,88.3639,False,8,1,8
2026-08-04 09:00:00,31.5,80.0,1003.3,AWS005,Kolkata,22.5726,88.3639,False,9,1,8
2026-08-04 10:00:00,32.4,75.0,1003.1,AWS005,Kolkata,22.5726,88.3639,False,10,1,8
2026-08-04 11:00:00,32.5,74.0,1002.9,AWS005,Kolkata,22.5726,88.3639,False,11,1,8
2026-08-04 12:00:00,32.4,75.0,1001.8,AWS005,Kolkata,22.5726,88.3639,False,12,1,8
2026-08-04 13:00:00,31.0,81.0,1001.1,AWS005,Kolkata,22.5726,88.3639,False,13,1,8
2026-08-04 14:00:00,29.9,85.0,1000.5,AWS005,Kolkata,22.5726,88.3639,False,14,1,8
2026-08-04 15:00:00,29.8,83.0,1000.3,AWS005,Kolkata,22.5726,88.3639,False,15,1,8
2026-08-04 16:00:00,29.3,85.0,999.9,AWS005,Kolkata,22.5726,88.3639,False,16,1,8
2026-08-04 17:00:00,29.5,84.0,999.9,AWS005,Kolkata,22.5726,88.3639,False,17,1,8
2026-08-04 18:00:00,29.0,87.0,1000.7,AWS005,Kolkata,22.5726,88.3639,False,18,1,8
2026-08-04 19:00:00,29.0,88.0,1001.4,AWS005,Kolkata,22.5726,88.3639,False,19,1,8
2026-08-04 20:00:00,28.8,89.0,1002.0,AWS005,Kolkata,22.5726,88.3639,False,20,1,8
2026-08-04 21:00:00,28.7,89.0,1002.3,AWS005,Kolkata,22.5726,88.3639,False,21,1,8
2026-08-04 22:00:00,28.5,89.0,1002.1,AWS005,Kolkata,22.5726,88.3639,False,22,1,8
2026-08-04 23:00:00,28.9,88.0,1001.5,AWS005,Kolkata,22.5726,88.3639,False,23,1,8
2026-08-05 00:00:00,28.5,90.0,1000.7,AWS005,Kolkata,22.5726,88.3639,False,0,2,8
2026-08-05 01:00:00,28.5,89.0,1000.2,AWS005,Kolkata,22.5726,88.3639,False,1,2,8
2026-08-05 02:00:00,28.2,89.0,1000.1,AWS005,Kolkata,22.5726,88.3639,False,2,2,8
2026-08-05 03:00:00,27.0,95.0,1000.2,AWS005,Kolkata,22.5726,88.3639,False,3,2,8
2026-08-05 04:00:00,26.6,96.0,1000.0,AWS005,Kolkata,22.5726,88.3639,False,4,2,8
2026-08-05 05:00:00,28.6,91.0,999.8,AWS005,Kolkata,22.5726,88.3639,False,5,2,8
2026-08-05 06:00:00,29.0,90.0,1000.5,AWS005,Kolkata,22.5726,88.3639,False,6,2,8
2026-08-05 07:00:00,30.0,85.0,1000.2,AWS005,Kolkata,22.5726,88.3639,False,7,2,8
2026-08-05 08:00:00,29.7,84.0,1000.5,AWS005,Kolkata,22.5726,88.3639,False,8,2,8
2026-08-05 09:00:00,29.7,89.0,1000.7,AWS005,Kolkata,22.5726,88.3639,False,9,2,8
2026-08-05 10:00:00,27.3,95.0,1001.1,AWS005,Kolkata,22.5726,88.3639,False,10,2,8
2026-08-05 11:00:00,29.2,85.0,1000.3,AWS005,Kolkata,22.5726,88.3639,False,11,2,8
2026-08-05 12:00:00,30.5,82.0,999.4,AWS005,Kolkata,22.5726,88.3639,False,12,2,8
2026-08-05 13:00:00,31.2,81.0,999.0,AWS005,Kolkata,22.5726,88.3639,False,13,2,8
2026-08-05 14:00:00,28.9,86.0,999.0,AWS005,Kolkata,22.5726,88.3639,False,14,2,8
2026-08-05 15:00:00,28.9,86.0,998.3,AWS005,Kolkata,22.5726,88.3639,False,15,2,8
2026-08-05 16:00:00,29.4,83.0,998.4,AWS005,Kolkata,22.5726,88.3639,False,16,2,8
2026-08-05 17:00:00,28.7,84.0,999.0,AWS005,Kolkata,22.5726,88.3639,False,17,2,8
2026-08-05 18:00:00,28.2,88.0,999.7,AWS005,Kolkata,22.5726,88.3639,False,18,2,8
2026-08-05 19:00:00,28.0,89.0,1000.8,AWS005,Kolkata,22.5726,88.3639,False,19,2,8
2026-08-05 20:00:00,27.8,91.0,1001.6,AWS005,Kolkata,22.5726,88.3639,False,20,2,8
2026-08-05 21:00:00,27.7,93.0,1001.8,AWS005,Kolkata,22.5726,88.3639,False,21,2,8
2026-08-05 22:00:00,27.4,96.0,1001.6,AWS005,Kolkata,22.5726,88.3639,False,22,2,8
2026-08-05 23:00:00,27.4,93.0,1001.5,AWS005,Kolkata,22.5726,88.3639,False,23,2,8
2026-08-06 00:00:00,27.1,96.0,1000.4,AWS005,Kolkata,22.5726,88.3639,False,0,3,8
2026-08-06 01:00:00,26.9,97.0,1000.2,AWS005,Kolkata,22.5726,88.3639,False,1,3,8
2026-08-06 02:00:00,26.8,97.0,1000.1,AWS005,Kolkata,22.5726,88.3639,False,2,3,8
2026-08-06 03:00:00,26.6,97.0,999.8,AWS005,Kolkata,22.5726,88.3639,False,3,3,8
2026-08-06 04:00:00,26.6,96.0,999.7,AWS005,Kolkata,22.5726,88.3639,False,4,3,8
2026-08-06 05:00:00,27.0,96.0,1000.0,AWS005,Kolkata,22.5726,88.3639,False,5,3,8
2026-08-06 06:00:00,27.2,92.0,1000.5,AWS005,Kolkata,22.5726,88.3639,False,6,3,8
2026-08-06 07:00:00,27.4,88.0,1000.5,AWS005,Kolkata,22.5726,88.3639,False,7,3,8
2026-08-06 08:00:00,27.7,85.0,1000.8,AWS005,Kolkata,22.5726,88.3639,False,8,3,8
2026-08-06 09:00:00,28.5,79.0,1001.1,AWS005,Kolkata,22.5726,88.3639,False,9,3,8
2026-08-06 10:00:00,28.7,76.0,1001.1,AWS005,Kolkata,22.5726,88.3639,False,10,3,8
2026-08-06 11:00:00,28.5,75.0,1000.5,AWS005,Kolkata,22.5726,88.3639,False,11,3,8
2026-08-06 12:00:00,28.9,74.0,999.4,AWS005,Kolkata,22.5726,88.3639,False,12,3,8
2026-08-06 13:00:00,28.8,76.0,998.7,AWS005,Kolkata,22.5726,88.3639,False,13,3,8
2026-08-06 14:00:00,28.7,77.0,998.4,AWS005,Kolkata,22.5726,88.3639,False,14,3,8
2026-08-06 15:00:00,29.2,76.0,998.0,AWS005,Kolkata,22.5726,88.3639,False,15,3,8
2026-08-06 16:00:00,29.0,79.0,997.7,AWS005,Kolkata,22.5726,88.3639,False,16,3,8
2026-08-06 17:00:00,28.4,86.0,998.1,AWS005,Kolkata,22.5726,88.3639,False,17,3,8
2026-08-06 18:00:00,27.7,92.0,998.7,AWS005,Kolkata,22.5726,88.3639,False,18,3,8
2026-08-06 19:00:00,27.6,93.0,999.3,AWS005,Kolkata,22.5726,88.3639,False,19,3,8
2026-08-06 20:00:00,27.6,93.0,999.8,AWS005,Kolkata,22.5726,88.3639,False,20,3,8
2026-08-06 21:00:00,27.6,93.0,1000.2,AWS005,Kolkata,22.5726,88.3639,False,21,3,8
2026-08-06 22:00:00,27.4,94.0,1000.5,AWS005,Kolkata,22.5726,88.3639,False,22,3,8
2026-08-06 23:00:00,27.5,94.0,999.7,AWS005,Kolkata,22.5726,88.3639,False,23,3,8
2026-08-07 00:00:00,27.0,95.0,999.3,AWS005,Kolkata,22.5726,88.3639,False,0,4,8
2026-08-07 01:00:00,26.0,93.0,998.9,AWS005,Kolkata,22.5726,88.3639,False,1,4,8
2026-08-07 02:00:00,25.9,97.0,998.5,AWS005,Kolkata,22.5726,88.3639,False,2,4,8
2026-08-07 03:00:00,25.7,98.0,998.3,AWS005,Kolkata,22.5726,88.3639,False,3,4,8
2026-08-07 04:00:00,25.5,97.0,998.5,AWS005,Kolkata,22.5726,88.3639,False,4,4,8
2026-08-07 05:00:00,26.7,92.0,998.1,AWS005,Kolkata,22.5726,88.3639,False,5,4,8
2026-08-07 06:00:00,26.3,94.0,999.0,AWS005,Kolkata,22.5726,88.3639,False,6,4,8
2026-08-07 07:00:00,26.4,93.0,999.5,AWS005,Kolkata,22.5726,88.3639,False,7,4,8
2026-08-07 08:00:00,26.8,92.0,999.6,AWS005,Kolkata,22.5726,88.3639,False,8,4,8
2026-08-07 09:00:00,28.0,86.0,999.6,AWS005,Kolkata,22.5726,88.3639,False,9,4,8
2026-08-07 10:00:00,28.8,83.0,999.4,AWS005,Kolkata,22.5726,88.3639,False,10,4,8
2026-08-07 11:00:00,28.1,86.0,999.4,AWS005,Kolkata,22.5726,88.3639,False,11,4,8
2026-08-07 12:00:00,27.4,91.0,998.6,AWS005,Kolkata,22.5726,88.3639,False,12,4,8
2026-08-07 13:00:00,28.3,87.0,997.9,AWS005,Kolkata,22.5726,88.3639,False,13,4,8
2026-08-07 14:00:00,29.0,84.0,997.3,AWS005,Kolkata,22.5726,88.3639,False,14,4,8
2026-08-07 15:00:00,28.8,85.0,996.9,AWS005,Kolkata,22.5726,88.3639,False,15,4,8
2026-08-07 16:00:00,28.1,86.0,996.6,AWS005,Kolkata,22.5726,88.3639,False,16,4,8
2026-08-07 17:00:00,28.6,84.0,997.2,AWS005,Kolkata,22.5726,88.3639,False,17,4,8
2026-08-07 18:00:00,27.8,86.0,998.0,AWS005,Kolkata,22.5726,88.3639,False,18,4,8
2026-08-07 19:00:00,27.4,90.0,998.9,AWS005,Kolkata,22.5726,88.3639,False,19,4,8
2026-08-07 20:00:00,27.2,90.0,999.7,AWS005,Kolkata,22.5726,88.3639,False,20,4,8
2026-08-07 21:00:00,26.7,92.0,1000.6,AWS005,Kolkata,22.5726,88.3639,False,21,4,8
2026-08-07 22:00:00,26.3,93.0,1000.7,AWS005,Kolkata,22.5726,88.3639,False,22,4,8
2026-08-07 23:00:00,26.7,95.0,1000.0,AWS005,Kolkata,22.5726,88.3639,False,23,4,8
2026-08-08 00:00:00,26.5,95.0,999.4,AWS005,Kolkata,22.5726,88.3639,False,0,5,8
2026-08-08 01:00:00,25.4,96.0,999.2,AWS005,Kolkata,22.5726,88.3639,False,1,5,8
2026-08-08 02:00:00,25.5,96.0,999.0,AWS005,Kolkata,22.5726,88.3639,False,2,5,8
2026-08-08 03:00:00,25.0,96.0,999.1,AWS005,Kolkata,22.5726,88.3639,False,3,5,8
2026-08-08 04:00:00,25.0,97.0,999.3,AWS005,Kolkata,22.5726,88.3639,False,4,5,8
2026-08-08 05:00:00,25.9,97.0,999.4,AWS005,Kolkata,22.5726,88.3639,False,5,5,8
2026-08-08 06:00:00,25.9,97.0,999.9,AWS005,Kolkata,22.5726,88.3639,False,6,5,8
2026-08-08 07:00:00,27.0,92.0,1000.0,AWS005,Kolkata,22.5726,88.3639,False,7,5,8
2026-08-08 08:00:00,28.0,89.0,1000.9,AWS005,Kolkata,22.5726,88.3639,False,8,5,8
2026-08-08 09:00:00,29.4,82.0,1001.1,AWS005,Kolkata,22.5726,88.3639,False,9,5,8
2026-08-08 10:00:00,30.6,76.0,1000.7,AWS005,Kolkata,22.5726,88.3639,False,10,5,8
2026-08-08 11:00:00,30.6,76.0,1000.5,AWS005,Kolkata,22.5726,88.3639,False,11,5,8
2026-08-08 12:00:00,28.4,90.0,1000.6,AWS005,Kolkata,22.5726,88.3639,False,12,5,8
2026-08-08 13:00:00,28.6,88.0,999.5,AWS005,Kolkata,22.5726,88.3639,False,13,5,8
2026-08-08 14:00:00,29.5,81.0,999.1,AWS005,Kolkata,22.5726,88.3639,False,14,5,8
2026-08-08 15:00:00,29.9,78.0,998.3,AWS005,Kolkata,22.5726,88.3639,False,15,5,8
2026-08-08 16:00:00,30.1,77.0,998.1,AWS005,Kolkata,22.5726,88.3639,False,16,5,8
2026-08-08 17:00:00,30.1,76.0,998.6,AWS005,Kolkata,22.5726,88.3639,False,17,5,8
2026-08-08 18:00:00,29.3,80.0,999.7,AWS005,Kolkata,22.5726,88.3639,False,18,5,8
2026-08-08 19:00:00,28.9,81.0,1000.9,AWS005,Kolkata,22.5726,88.3639,False,19,5,8
2026-08-08 20:00:00,28.5,83.0,1002.1,AWS005,Kolkata,22.5726,88.3639,False,20,5,8
2026-08-08 21:00:00,28.1,85.0,1002.9,AWS005,Kolkata,22.5726,88.3639,False,21,5,8
2026-08-08 22:00:00,27.8,87.0,1002.9,AWS005,Kolkata,22.5726,88.3639,False,22,5,8
2026-08-08 23:00:00,27.9,88.0,1002.6,AWS005,Kolkata,22.5726,88.3639,False,23,5,8
2026-08-09 00:00:00,27.3,91.0,1001.9,AWS005,Kolkata,22.5726,88.3639,False,0,6,8
2026-08-09 01:00:00,27.2,92.0,1001.3,AWS005,Kolkata,22.5726,88.3639,False,1,6,8
2026-08-09 02:00:00,27.0,92.0,1001.0,AWS005,Kolkata,22.5726,88.3639,False,2,6,8
2026-08-09 03:00:00,26.8,93.0,1001.2,AWS005,Kolkata,22.5726,88.3639,False,3,6,8
2026-08-09 04:00:00,26.7,93.0,1001.5,AWS005,Kolkata,22.5726,88.3639,False,4,6,8
2026-08-09 05:00:00,27.3,90.0,1001.0,AWS005,Kolkata,22.5726,88.3639,False,5,6,8
2026-08-09 06:00:00,28.0,88.0,1001.8,AWS005,Kolkata,22.5726,88.3639,False,6,6,8
2026-08-09 07:00:00,28.6,81.0,1002.1,AWS005,Kolkata,22.5726,88.3639,False,7,6,8
2026-08-09 08:00:00,28.7,85.0,1002.6,AWS005,Kolkata,22.5726,88.3639,False,8,6,8
2026-08-09 09:00:00,30.6,78.0,1002.5,AWS005,Kolkata,22.5726,88.3639,False,9,6,8
2026-08-09 10:00:00,28.2,86.0,1002.3,AWS005,Kolkata,22.5726,88.3639,False,10,6,8
2026-08-09 11:00:00,30.6,78.0,1001.8,AWS005,Kolkata,22.5726,88.3639,False,11,6,8
2026-08-09 12:00:00,31.5,76.0,1001.1,AWS005,Kolkata,22.5726,88.3639,False,12,6,8
2026-08-09 13:00:00,31.4,75.0,999.9,AWS005,Kolkata,22.5726,88.3639,False,13,6,8
2026-08-09 14:00:00,30.7,78.0,999.8,AWS005,Kolkata,22.5726,88.3639,False,14,6,8
2026-08-09 15:00:00,30.7,78.0,999.5,AWS005,Kolkata,22.5726,88.3639,False,15,6,8
2026-08-09 16:00:00,29.6,83.0,998.7,AWS005,Kolkata,22.5726,88.3639,False,16,6,8
2026-08-09 17:00:00,28.9,86.0,999.3,AWS005,Kolkata,22.5726,88.3639,False,17,6,8
2026-08-09 18:00:00,28.5,89.0,1000.1,AWS005,Kolkata,22.5726,88.3639,False,18,6,8
2026-08-09 19:00:00,28.4,89.0,1000.8,AWS005,Kolkata,22.5726,88.3639,False,19,6,8
2026-08-09 20:00:00,28.5,90.0,1001.6,AWS005,Kolkata,22.5726,88.3639,False,20,6,8
2026-08-09 21:00:00,28.4,90.0,1002.2,AWS005,Kolkata,22.5726,88.3639,False,21,6,8
2026-08-09 22:00:00,28.2,90.0,1002.2,AWS005,Kolkata,22.5726,88.3639,False,22,6,8
2026-08-09 23:00:00,27.9,92.0,1001.8,AWS005,Kolkata,22.5726,88.3639,False,23,6,8
2026-08-10 00:00:00,27.6,93.0,1001.2,AWS005,Kolkata,22.5726,88.3639,False,0,0,8
2026-08-10 01:00:00,27.5,94.0,1000.7,AWS005,Kolkata,22.5726,88.3639,False,1,0,8
2026-08-10 02:00:00,27.4,92.0,1000.3,AWS005,Kolkata,22.5726,88.3639,False,2,0,8
2026-08-10 03:00:00,26.7,95.0,1000.2,AWS005,Kolkata,22.5726,88.3639,False,3,0,8
2026-08-10 04:00:00,26.5,96.0,1000.3,AWS005,Kolkata,22.5726,88.3639,False,4,0,8
2026-08-10 05:00:00,26.5,95.0,1000.5,AWS005,Kolkata,22.5726,88.3639,False,5,0,8
2026-08-10 06:00:00,27.0,94.0,1001.1,AWS005,Kolkata,22.5726,88.3639,False,6,0,8
2026-08-10 07:00:00,28.3,87.0,1001.2,AWS005,Kolkata,22.5726,88.3639,False,7,0,8
2026-08-10 08:00:00,29.7,79.0,1001.3,AWS005,Kolkata,22.5726,88.3639,False,8,0,8
2026-08-10 09:00:00,30.8,76.0,1001.3,AWS005,Kolkata,22.5726,88.3639,False,9,0,8
2026-08-10 10:00:00,31.4,72.0,1001.0,AWS005,Kolkata,22.5726,88.3639,False,10,0,8
2026-08-10 11:00:00,31.5,67.0,1000.6,AWS005,Kolkata,22.5726,88.3639,False,11,0,8
2026-08-10 12:00:00,31.2,70.0,999.7,AWS005,Kolkata,22.5726,88.3639,False,12,0,8
2026-08-10 13:00:00,31.6,70.0,998.6,AWS005,Kolkata,22.5726,88.3639,False,13,0,8
2026-08-10 14:00:00,31.6,71.0,997.7,AWS005,Kolkata,22.5726,88.3639,False,14,0,8
2026-08-10 15:00:00,31.7,71.0,996.8,AWS005,Kolkata,22.5726,88.3639,False,15,0,8
2026-08-10 16:00:00,31.7,71.0,996.7,AWS005,Kolkata,22.5726,88.3639,False,16,0,8
2026-08-10 17:00:00,30.3,84.0,997.4,AWS005,Kolkata,22.5726,88.3639,False,17,0,8
2026-08-10 18:00:00,29.2,91.0,998.1,AWS005,Kolkata,22.5726,88.3639,False,18,0,8
2026-08-10 19:00:00,28.1,95.0,999.2,AWS005,Kolkata,22.5726,88.3639,False,19,0,8
2026-08-10 20:00:00,27.1,97.0,1000.5,AWS005,Kolkata,22.5726,88.3639,False,20,0,8
2026-08-10 21:00:00,27.3,96.0,1001.1,AWS005,Kolkata,22.5726,88.3639,False,21,0,8
2026-08-10 22:00:00,27.1,97.0,1000.8,AWS005,Kolkata,22.5726,88.3639,False,22,0,8
2026-08-10 23:00:00,27.1,95.0,1000.1,AWS005,Kolkata,22.5726,88.3639,False,23,0,8
2026-08-11 00:00:00,26.9,95.0,999.2,AWS005,Kolkata,22.5726,88.3639,False,0,1,8
2026-08-11 01:00:00,26.8,96.0,998.6,AWS005,Kolkata,22.5726,88.3639,False,1,1,8
2026-08-11 02:00:00,26.7,96.0,998.2,AWS005,Kolkata,22.5726,88.3639,False,2,1,8
2026-08-11 03:00:00,26.6,96.0,998.4,AWS005,Kolkata,22.5726,88.3639,False,3,1,8
2026-08-11 04:00:00,26.6,96.0,998.6,AWS005,Kolkata,22.5726,88.3639,False,4,1,8
2026-08-11 05:00:00,27.1,96.0,998.6,AWS005,Kolkata,22.5726,88.3639,False,5,1,8
2026-08-11 06:00:00,27.6,92.0,999.2,AWS005,Kolkata,22.5726,88.3639,False,6,1,8
2026-08-11 07:00:00,28.5,88.0,999.5,AWS005,Kolkata,22.5726,88.3639,False,7,1,8
2026-08-11 08:00:00,29.2,83.0,999.9,AWS005,Kolkata,22.5726,88.3639,False,8,1,8
2026-08-11 09:00:00,29.1,83.0,1000.2,AWS005,Kolkata,22.5726,88.3639,False,9,1,8
2026-08-11 10:00:00,30.4,79.0,1000.0,AWS005,Kolkata,22.5726,88.3639,False,10,1,8
2026-08-11 11:00:00,32.2,70.0,999.2,AWS005,Kolkata,22.5726,88.3639,False,11,1,8
2026-08-11 12:00:00,31.6,71.0,998.0,AWS005,Kolkata,22.5726,88.3639,False,12,1,8
2026-08-11 13:00:00,32.3,71.0,997.3,AWS005,Kolkata,22.5726,88.3639,False,13,1,8
2026-08-11 14:00:00,32.2,74.0,996.7,AWS005,Kolkata,22.5726,88.3639,False,14,1,8
2026-08-11 15:00:00,29.3,85.0,996.2,AWS005,Kolkata,22.5726,88.3639,False,15,1,8
2026-08-11 16:00:00,27.5,95.0,996.3,AWS005,Kolkata,22.5726,88.3639,False,16,1,8
2026-08-11 17:00:00,29.3,90.0,996.8,AWS005,Kolkata,22.5726,88.3639,False,17,1,8
2026-08-11 18:00:00,29.2,90.0,997.6,AWS005,Kolkata,22.5726,88.3639,False,18,1,8
2026-08-11 19:00:00,28.2,93.0,998.7,AWS005,Kolkata,22.5726,88.3639,False,19,1,8
2026-08-11 20:00:00,26.9,97.0,999.5,AWS005,Kolkata,22.5726,88.3639,False,20,1,8
2026-08-11 21:00:00,26.9,98.0,1000.5,AWS005,Kolkata,22.5726,88.3639,False,21,1,8
2026-08-11 22:00:00,26.6,98.0,1000.6,AWS005,Kolkata,22.5726,88.3639,False,22,1,8
2026-08-11 23:00:00,27.3,95.0,1000.0,AWS005,Kolkata,22.5726,88.3639,False,23,1,8
2026-08-12 00:00:00,26.5,94.0,999.4,AWS005,Kolkata,22.5726,88.3639,False,0,2,8
2026-08-12 01:00:00,26.7,95.0,999.0,AWS005,Kolkata,22.5726,88.3639,False,1,2,8
2026-08-12 02:00:00,26.8,97.0,998.7,AWS005,Kolkata,22.5726,88.3639,False,2,2,8
2026-08-12 03:00:00,26.8,96.0,998.3,AWS005,Kolkata,22.5726,88.3639,False,3,2,8
2026-08-12 04:00:00,26.8,97.0,998.2,AWS005,Kolkata,22.5726,88.3639,False,4,2,8
2026-08-12 05:00:00,27.6,92.0,998.3,AWS005,Kolkata,22.5726,88.3639,False,5,2,8
2026-08-12 06:00:00,28.2,90.0,998.9,AWS005,Kolkata,22.5726,88.3639,False,6,2,8
2026-08-12 07:00:00,28.9,88.0,999.0,AWS005,Kolkata,22.5726,88.3639,False,7,2,8
2026-08-12 08:00:00,30.1,84.0,999.4,AWS005,Kolkata,22.5726,88.3639,False,8,2,8
2026-08-12 09:00:00,31.1,78.0,1000.1,AWS005,Kolkata,22.5726,88.3639,False,9,2,8
2026-08-12 10:00:00,32.0,71.0,999.8,AWS005,Kolkata,22.5726,88.3639,False,10,2,8
2026-08-12 11:00:00,32.7,68.0,999.8,AWS005,Kolkata,22.5726,88.3639,False,11,2,8
2026-08-12 12:00:00,33.4,68.0,998.6,AWS005,Kolkata,22.5726,88.3639,False,12,2,8
2026-08-12 13:00:00,31.7,77.0,997.5,AWS005,Kolkata,22.5726,88.3639,False,13,2,8
2026-08-12 14:00:00,29.3,83.0,998.0,AWS005,Kolkata,22.5726,88.3639,False,14,2,8
2026-08-12 15:00:00,28.7,90.0,997.5,AWS005,Kolkata,22.5726,88.3639,False,15,2,8
2026-08-12 16:00:00,28.8,88.0,997.6,AWS005,Kolkata,22.5726,88.3639,False,16,2,8
2026-08-12 17:00:00,29.0,89.0,997.5,AWS005,Kolkata,22.5726,88.3639,False,17,2,8
2026-08-12 18:00:00,28.7,91.0,998.1,AWS005,Kolkata,22.5726,88.3639,False,18,2,8
2026-08-12 19:00:00,28.1,95.0,999.0,AWS005,Kolkata,22.5726,88.3639,False,19,2,8
2026-08-12 20:00:00,27.9,93.0,1000.2,AWS005,Kolkata,22.5726,88.3639,False,20,2,8
2026-08-12 21:00:00,27.7,93.0,1000.3,AWS005,Kolkata,22.5726,88.3639,False,21,2,8
2026-08-12 22:00:00,27.6,93.0,1000.8,AWS005,Kolkata,22.5726,88.3639,False,22,2,8
2026-08-12 23:00:00,28.2,95.0,999.5,AWS005,Kolkata,22.5726,88.3639,False,23,2,8
2026-08-13 00:00:00,27.0,94.0,999.1,AWS005,Kolkata,22.5726,88.3639,False,0,3,8
2026-08-13 01:00:00,27.0,97.0,998.1,AWS005,Kolkata,22.5726,88.3639,False,1,3,8
2026-08-13 02:00:00,26.8,97.0,997.2,AWS005,Kolkata,22.5726,88.3639,False,2,3,8
2026-08-13 03:00:00,27.0,97.0,996.7,AWS005,Kolkata,22.5726,88.3639,False,3,3,8
2026-08-13 04:00:00,26.8,93.0,997.0,AWS005,Kolkata,22.5726,88.3639,False,4,3,8
2026-08-13 05:00:00,27.2,96.0,997.1,AWS005,Kolkata,22.5726,88.3639,False,5,3,8
2026-08-13 06:00:00,27.3,96.0,997.5,AWS005,Kolkata,22.5726,88.3639,False,6,3,8
2026-08-13 07:00:00,28.1,90.0,997.6,AWS005,Kolkata,22.5726,88.3639,False,7,3,8
2026-08-13 08:00:00,28.9,86.0,997.5,AWS005,Kolkata,22.5726,88.3639,False,8,3,8
2026-08-13 09:00:00,29.4,85.0,997.5,AWS005,Kolkata,22.5726,88.3639,False,9,3,8
2026-08-13 10:00:00,29.9,83.0,997.6,AWS005,Kolkata,22.5726,88.3639,False,10,3,8
2026-08-13 11:00:00,30.3,79.0,998.1,AWS005,Kolkata,22.5726,88.3639,False,11,3,8
2026-08-13 12:00:00,30.8,75.0,997.3,AWS005,Kolkata,22.5726,88.3639,False,12,3,8
2026-08-13 13:00:00,30.9,77.0,996.4,AWS005,Kolkata,22.5726,88.3639,False,13,3,8
2026-08-13 14:00:00,30.8,76.0,995.6,AWS005,Kolkata,22.5726,88.3639,False,14,3,8
2026-08-13 15:00:00,30.2,77.0,995.7,AWS005,Kolkata,22.5726,88.3639,False,15,3,8
2026-08-13 16:00:00,29.3,80.0,995.6,AWS005,Kolkata,22.5726,88.3639,False,16,3,8
2026-08-13 17:00:00,28.9,86.0,996.4,AWS005,Kolkata,22.5726,88.3639,False,17,3,8
2026-08-13 18:00:00,28.4,87.0,997.3,AWS005,Kolkata,22.5726,88.3639,False,18,3,8
2026-08-13 19:00:00,28.3,87.0,998.4,AWS005,Kolkata,22.5726,88.3639,False,19,3,8
2026-08-13 20:00:00,28.0,88.0,999.3,AWS005,Kolkata,22.5726,88.3639,False,20,3,8
2026-08-13 21:00:00,27.9,88.0,999.8,AWS005,Kolkata,22.5726,88.3639,False,21,3,8
2026-08-13 22:00:00,27.9,88.0,1000.2,AWS005,Kolkata,22.5726,88.3639,False,22,3,8
2026-08-13 23:00:00,27.8,89.0,999.6,AWS005,Kolkata,22.5726,88.3639,False,23,3,8
2026-08-14 00:00:00,27.3,92.0,999.2,AWS005,Kolkata,22.5726,88.3639,False,0,4,8
2026-08-14 01:00:00,27.1,92.0,998.9,AWS005,Kolkata,22.5726,88.3639,False,1,4,8
2026-08-14 02:00:00,26.9,93.0,998.5,AWS005,Kolkata,22.5726,88.3639,False,2,4,8
2026-08-14 03:00:00,26.8,93.0,998.6,AWS005,Kolkata,22.5726,88.3639,False,3,4,8
2026-08-14 04:00:00,26.7,93.0,998.7,AWS005,Kolkata,22.5726,88.3639,False,4,4,8
2026-08-14 05:00:00,27.3,91.0,998.8,AWS005,Kolkata,22.5726,88.3639,False,5,4,8
2026-08-14 06:00:00,27.5,92.0,999.3,AWS005,Kolkata,22.5726,88.3639,False,6,4,8
2026-08-14 07:00:00,28.8,87.0,999.7,AWS005,Kolkata,22.5726,88.3639,False,7,4,8
2026-08-14 08:00:00,29.9,83.0,1000.1,AWS005,Kolkata,22.5726,88.3639,False,8,4,8
2026-08-14 09:00:00,28.8,86.0,1000.4,AWS005,Kolkata,22.5726,88.3639,False,9,4,8
2026-08-14 10:00:00,28.8,86.0,1000.2,AWS005,Kolkata,22.5726,88.3639,False,10,4,8
2026-08-14 11:00:00,30.6,75.0,1000.0,AWS005,Kolkata,22.5726,88.3639,False,11,4,8
2026-08-14 12:00:00,30.6,77.0,999.1,AWS005,Kolkata,22.5726,88.3639,False,12,4,8
2026-08-14 13:00:00,30.6,75.0,998.9,AWS005,Kolkata,22.5726,88.3639,False,13,4,8
2026-08-14 14:00:00,29.9,76.0,998.2,AWS005,Kolkata,22.5726,88.3639,False,14,4,8
2026-08-14 15:00:00,30.1,79.0,997.6,AWS005,Kolkata,22.5726,88.3639,False,15,4,8
2026-08-14 16:00:00,30.3,76.0,997.9,AWS005,Kolkata,22.5726,88.3639,False,16,4,8
2026-08-14 17:00:00,29.6,81.0,997.7,AWS005,Kolkata,22.5726,88.3639,False,17,4,8
2026-08-14 18:00:00,29.3,84.0,997.9,AWS005,Kolkata,22.5726,88.3639,False,18,4,8
2026-08-14 19:00:00,29.1,83.0,998.5,AWS005,Kolkata,22.5726,88.3639,False,19,4,8
2026-08-14 20:00:00,28.6,83.0,999.7,AWS005,Kolkata,22.5726,88.3639,False,20,4,8
2026-08-14 21:00:00,28.2,86.0,1000.6,AWS005,Kolkata,22.5726,88.3639,False,21,4,8
2026-08-14 22:00:00,27.9,87.0,1000.7,AWS005,Kolkata,22.5726,88.3639,False,22,4,8
2026-08-14 23:00:00,27.7,88.0,1000.2,AWS005,Kolkata,22.5726,88.3639,False,23,4,8
2026-08-15 00:00:00,27.5,90.0,999.5,AWS005,Kolkata,22.5726,88.3639,False,0,5,8
2026-08-15 01:00:00,26.0,93.0,999.4,AWS005,Kolkata,22.5726,88.3639,False,1,5,8
2026-08-15 02:00:00,25.4,96.0,999.4,AWS005,Kolkata,22.5726,88.3639,False,2,5,8
2026-08-15 03:00:00,25.1,97.0,999.3,AWS005,Kolkata,22.5726,88.3639,False,3,5,8
2026-08-15 04:00:00,25.2,97.0,998.9,AWS005,Kolkata,22.5726,88.3639,False,4,5,8
2026-08-15 05:00:00,26.6,96.0,998.5,AWS005,Kolkata,22.5726,88.3639,False,5,5,8
2026-08-15 06:00:00,27.3,94.0,999.2,AWS005,Kolkata,22.5726,88.3639,False,6,5,8
2026-08-15 07:00:00,27.9,88.0,999.5,AWS005,Kolkata,22.5726,88.3639,False,7,5,8
2026-08-15 08:00:00,29.2,83.0,999.7,AWS005,Kolkata,22.5726,88.3639,False,8,5,8
2026-08-15 09:00:00,30.3,79.0,999.8,AWS005,Kolkata,22.5726,88.3639,False,9,5,8
2026-08-15 10:00:00,31.4,75.0,999.9,AWS005,Kolkata,22.5726,88.3639,False,10,5,8
2026-08-15 11:00:00,28.9,86.0,999.8,AWS005,Kolkata,22.5726,88.3639,False,11,5,8
2026-08-15 12:00:00,31.8,76.0,999.0,AWS005,Kolkata,22.5726,88.3639,False,12,5,8
2026-08-15 13:00:00,28.9,86.0,998.6,AWS005,Kolkata,22.5726,88.3639,False,13,5,8
2026-08-15 14:00:00,30.8,79.0,997.7,AWS005,Kolkata,22.5726,88.3639,False,14,5,8
2026-08-15 15:00:00,29.6,80.0,997.3,AWS005,Kolkata,22.5726,88.3639,False,15,5,8
2026-08-15 16:00:00,30.3,76.0,997.0,AWS005,Kolkata,22.5726,88.3639,False,16,5,8
2026-08-15 17:00:00,29.3,80.0,997.0,AWS005,Kolkata,22.5726,88.3639,False,17,5,8
2026-08-15 18:00:00,28.6,85.0,997.2,AWS005,Kolkata,22.5726,88.3639,False,18,5,8
2026-08-15 19:00:00,28.3,86.0,997.9,AWS005,Kolkata,22.5726,88.3639,False,19,5,8
2026-08-15 20:00:00,27.8,88.0,999.0,AWS005,Kolkata,22.5726,88.3639,False,20,5,8
2026-08-15 21:00:00,27.4,90.0,999.7,AWS005,Kolkata,22.5726,88.3639,False,21,5,8
2026-08-15 22:00:00,27.1,92.0,999.5,AWS005,Kolkata,22.5726,88.3639,False,22,5,8
2026-08-15 23:00:00,27.4,92.0,998.7,AWS005,Kolkata,22.5726,88.3639,False,23,5,8
2026-08-16 00:00:00,26.8,93.0,998.2,AWS005,Kolkata,22.5726,88.3639,False,0,6,8
2026-08-16 01:00:00,26.6,94.0,997.4,AWS005,Kolkata,22.5726,88.3639,False,1,6,8
2026-08-16 02:00:00,26.6,95.0,997.4,AWS005,Kolkata,22.5726,88.3639,False,2,6,8
2026-08-16 03:00:00,26.4,96.0,997.4,AWS005,Kolkata,22.5726,88.3639,False,3,6,8
2026-08-16 04:00:00,26.2,96.0,997.3,AWS005,Kolkata,22.5726,88.3639,False,4,6,8
2026-08-16 05:00:00,26.7,96.0,997.3,AWS005,Kolkata,22.5726,88.3639,False,5,6,8
2026-08-16 06:00:00,27.1,94.0,997.3,AWS005,Kolkata,22.5726,88.3639,False,6,6,8
2026-08-16 07:00:00,28.1,87.0,997.6,AWS005,Kolkata,22.5726,88.3639,False,7,6,8
2026-08-16 08:00:00,28.4,85.0,997.8,AWS005,Kolkata,22.5726,88.3639,False,8,6,8
2026-08-16 09:00:00,29.5,82.0,997.7,AWS005,Kolkata,22.5726,88.3639,False,9,6,8
2026-08-16 10:00:00,31.4,73.0,997.2,AWS005,Kolkata,22.5726,88.3639,False,10,6,8
2026-08-16 11:00:00,30.3,73.0,996.3,AWS005,Kolkata,22.5726,88.3639,False,11,6,8
2026-08-16 12:00:00,29.8,78.0,996.0,AWS005,Kolkata,22.5726,88.3639,False,12,6,8
2026-08-16 13:00:00,28.8,85.0,995.1,AWS005,Kolkata,22.5726,88.3639,False,13,6,8
2026-08-16 14:00:00,28.8,87.0,994.5,AWS005,Kolkata,22.5726,88.3639,False,14,6,8
2026-08-16 15:00:00,28.3,87.0,994.0,AWS005,Kolkata,22.5726,88.3639,False,15,6,8
2026-08-16 16:00:00,28.3,90.0,993.7,AWS005,Kolkata,22.5726,88.3639,False,16,6,8
2026-08-16 17:00:00,29.2,86.0,994.6,AWS005,Kolkata,22.5726,88.3639,False,17,6,8
2026-08-16 18:00:00,28.3,87.0,995.0,AWS005,Kolkata,22.5726,88.3639,False,18,6,8
2026-08-16 19:00:00,27.7,90.0,995.8,AWS005,Kolkata,22.5726,88.3639,False,19,6,8
2026-08-16 20:00:00,27.4,92.0,996.7,AWS005,Kolkata,22.5726,88.3639,False,20,6,8
2026-08-16 21:00:00,26.9,95.0,997.3,AWS005,Kolkata,22.5726,88.3639,False,21,6,8
2026-08-16 22:00:00,26.8,95.0,997.2,AWS005,Kolkata,22.5726,88.3639,False,22,6,8
2026-08-16 23:00:00,26.5,98.0,996.6,AWS005,Kolkata,22.5726,88.3639,False,23,6,8
2026-08-17 00:00:00,26.5,96.0,996.1,AWS005,Kolkata,22.5726,88.3639,False,0,0,8
2026-08-17 01:00:00,25.9,98.0,995.9,AWS005,Kolkata,22.5726,88.3639,False,1,0,8
2026-08-17 02:00:00,25.6,98.0,995.5,AWS005,Kolkata,22.5726,88.3639,False,2,0,8
2026-08-17 03:00:00,25.7,98.0,995.3,AWS005,Kolkata,22.5726,88.3639,False,3,0,8
2026-08-17 04:00:00,25.8,97.0,995.4,AWS005,Kolkata,22.5726,88.3639,False,4,0,8
2026-08-17 05:00:00,25.8,98.0,995.5,AWS005,Kolkata,22.5726,88.3639,False,5,0,8
2026-08-17 06:00:00,26.1,97.0,995.9,AWS005,Kolkata,22.5726,88.3639,False,6,0,8
2026-08-17 07:00:00,26.4,98.0,996.4,AWS005,Kolkata,22.5726,88.3639,False,7,0,8
2026-08-17 08:00:00,27.6,95.0,997.1,AWS005,Kolkata,22.5726,88.3639,False,8,0,8
2026-08-17 09:00:00,28.2,89.0,997.4,AWS005,Kolkata,22.5726,88.3639,False,9,0,8
2026-08-17 10:00:00,28.8,83.0,997.4,AWS005,Kolkata,22.5726,88.3639,False,10,0,8
2026-08-17 11:00:00,27.5,92.0,997.0,AWS005,Kolkata,22.5726,88.3639,False,11,0,8
2026-08-17 12:00:00,27.1,95.0,996.5,AWS005,Kolkata,22.5726,88.3639,False,12,0,8
2026-08-17 13:00:00,26.8,94.0,996.3,AWS005,Kolkata,22.5726,88.3639,False,13,0,8
2026-08-17 14:00:00,26.7,96.0,996.3,AWS005,Kolkata,22.5726,88.3639,False,14,0,8
2026-08-17 15:00:00,27.0,95.0,996.0,AWS005,Kolkata,22.5726,88.3639,False,15,0,8
2026-08-17 16:00:00,26.5,96.0,996.5,AWS005,Kolkata,22.5726,88.3639,False,16,0,8
2026-08-17 17:00:00,27.5,89.0,997.6,AWS005,Kolkata,22.5726,88.3639,False,17,0,8
2026-08-17 18:00:00,26.9,92.0,997.8,AWS005,Kolkata,22.5726,88.3639,False,18,0,8
2026-08-17 19:00:00,26.7,92.0,998.8,AWS005,Kolkata,22.5726,88.3639,False,19,0,8
2026-08-17 20:00:00,26.4,93.0,999.6,AWS005,Kolkata,22.5726,88.3639,False,20,0,8
2026-08-17 21:00:00,26.5,93.0,1000.4,AWS005,Kolkata,22.5726,88.3639,False,21,0,8
2026-08-17 22:00:00,26.5,93.0,1000.4,AWS005,Kolkata,22.5726,88.3639,False,22,0,8
2026-08-17 23:00:00,26.4,93.0,1000.2,AWS005,Kolkata,22.5726,88.3639,False,23,0,8
2026-08-18 00:00:00,26.0,93.0,999.7,AWS005,Kolkata,22.5726,88.3639,False,0,1,8
2026-08-18 01:00:00,25.9,94.0,999.4,AWS005,Kolkata,22.5726,88.3639,False,1,1,8
2026-08-18 02:00:00,26.0,95.0,999.2,AWS005,Kolkata,22.5726,88.3639,False,2,1,8
2026-08-18 03:00:00,26.0,95.0,999.3,AWS005,Kolkata,22.5726,88.3639,False,3,1,8
2026-08-18 04:00:00,26.2,96.0,999.2,AWS005,Kolkata,22.5726,88.3639,False,4,1,8
2026-08-18 05:00:00,26.9,95.0,999.5,AWS005,Kolkata,22.5726,88.3639,False,5,1,8
2026-08-18 06:00:00,27.6,93.0,1000.1,AWS005,Kolkata,22.5726,88.3639,False,6,1,8
2026-08-18 07:00:00,28.7,89.0,1000.7,AWS005,Kolkata,22.5726,88.3639,False,7,1,8
2026-08-18 08:00:00,29.2,87.0,1000.8,AWS005,Kolkata,22.5726,88.3639,False,8,1,8
2026-08-18 09:00:00,28.7,84.0,1001.0,AWS005,Kolkata,22.5726,88.3639,False,9,1,8
2026-08-18 10:00:00,28.6,85.0,1001.1,AWS005,Kolkata,22.5726,88.3639,False,10,1,8
2026-08-18 11:00:00,30.8,73.0,1001.8,AWS005,Kolkata,22.5726,88.3639,False,11,1,8
2026-08-18 12:00:00,30.4,73.0,1000.7,AWS005,Kolkata,22.5726,88.3639,False,12,1,8
2026-08-18 13:00:00,29.1,80.0,999.7,AWS005,Kolkata,22.5726,88.3639,False,13,1,8
2026-08-18 14:00:00,30.3,78.0,999.1,AWS005,Kolkata,22.5726,88.3639,False,14,1,8
2026-08-18 15:00:00,29.7,76.0,998.5,AWS005,Kolkata,22.5726,88.3639,False,15,1,8
2026-08-18 16:00:00,28.4,84.0,998.7,AWS005,Kolkata,22.5726,88.3639,False,16,1,8
2026-08-18 17:00:00,29.2,79.0,998.7,AWS005,Kolkata,22.5726,88.3639,False,17,1,8
2026-08-18 18:00:00,28.4,83.0,999.5,AWS005,Kolkata,22.5726,88.3639,False,18,1,8
2026-08-18 19:00:00,28.0,85.0,1000.3,AWS005,Kolkata,22.5726,88.3639,False,19,1,8
2026-08-18 20:00:00,27.7,87.0,1001.1,AWS005,Kolkata,22.5726,88.3639,False,20,1,8
2026-08-18 21:00:00,27.6,88.0,1001.8,AWS005,Kolkata,22.5726,88.3639,False,21,1,8
2026-08-18 22:00:00,27.5,88.0,1002.0,AWS005,Kolkata,22.5726,88.3639,False,22,1,8
2026-08-18 23:00:00,27.8,88.0,1001.5,AWS005,Kolkata,22.5726,88.3639,False,23,1,8
2026-08-19 00:00:00,27.4,89.0,1001.3,AWS005,Kolkata,22.5726,88.3639,False,0,2,8
2026-08-19 01:00:00,27.2,89.0,1001.0,AWS005,Kolkata,22.5726,88.3639,False,1,2,8
2026-08-19 02:00:00,26.8,90.0,1000.4,AWS005,Kolkata,22.5726,88.3639,False,2,2,8
2026-08-19 03:00:00,26.7,91.0,1001.0,AWS005,Kolkata,22.5726,88.3639,False,3,2,8
2026-08-19 04:00:00,25.7,95.0,1001.4,AWS005,Kolkata,22.5726,88.3639,False,4,2,8
2026-08-19 05:00:00,26.3,93.0,1001.3,AWS005,Kolkata,22.5726,88.3639,False,5,2,8
2026-08-19 06:00:00,26.5,91.0,1002.0,AWS005,Kolkata,22.5726,88.3639,False,6,2,8
2026-08-19 07:00:00,27.7,87.0,1002.5,AWS005,Kolkata,22.5726,88.3639,False,7,2,8
2026-08-19 08:00:00,29.1,82.0,1003.2,AWS005,Kolkata,22.5726,88.3639,False,8,2,8
2026-08-19 09:00:00,30.3,79.0,1003.3,AWS005,Kolkata,22.5726,88.3639,False,9,2,8
2026-08-19 10:00:00,31.6,74.0,1003.1,AWS005,Kolkata,22.5726,88.3639,False,10,2,8
2026-08-19 11:00:00,31.6,71.0,1003.0,AWS005,Kolkata,22.5726,88.3639,False,11,2,8
2026-08-19 12:00:00,30.3,75.0,1002.2,AWS005,Kolkata,22.5726,88.3639,False,12,2,8
2026-08-19 13:00:00,31.7,67.0,1001.5,AWS005,Kolkata,22.5726,88.3639,False,13,2,8
2026-08-19 14:00:00,32.4,64.0,1000.9,AWS005,Kolkata,22.5726,88.3639,False,14,2,8
2026-08-19 15:00:00,32.1,66.0,1000.3,AWS005,Kolkata,22.5726,88.3639,False,15,2,8
2026-08-19 16:00:00,31.4,70.0,1000.0,AWS005,Kolkata,22.5726,88.3639,False,16,2,8
2026-08-19 17:00:00,30.9,72.0,1000.7,AWS005,Kolkata,22.5726,88.3639,False,17,2,8
2026-08-19 18:00:00,29.7,78.0,1001.3,AWS005,Kolkata,22.5726,88.3639,False,18,2,8
2026-08-19 19:00:00,29.1,81.0,1002.1,AWS005,Kolkata,22.5726,88.3639,False,19,2,8
2026-08-19 20:00:00,28.6,83.0,1003.2,AWS005,Kolkata,22.5726,88.3639,False,20,2,8
2026-08-19 21:00:00,28.2,86.0,1004.1,AWS005,Kolkata,22.5726,88.3639,False,21,2,8
2026-08-19 22:00:00,27.9,88.0,1004.4,AWS005,Kolkata,22.5726,88.3639,False,22,2,8
2026-08-19 23:00:00,28.2,88.0,1003.7,AWS005,Kolkata,22.5726,88.3639,False,23,2,8
2026-08-20 00:00:00,27.8,90.0,1003.1,AWS005,Kolkata,22.5726,88.3639,False,0,3,8
2026-08-20 01:00:00,27.5,91.0,1002.5,AWS005,Kolkata,22.5726,88.3639,False,1,3,8
2026-08-20 02:00:00,27.3,92.0,1002.2,AWS005,Kolkata,22.5726,88.3639,False,2,3,8
2026-08-20 03:00:00,27.2,92.0,1001.9,AWS005,Kolkata,22.5726,88.3639,False,3,3,8
2026-08-20 04:00:00,27.0,93.0,1002.3,AWS005,Kolkata,22.5726,88.3639,False,4,3,8
2026-08-20 05:00:00,27.4,89.0,1002.4,AWS005,Kolkata,22.5726,88.3639,False,5,3,8
2026-08-20 06:00:00,27.6,87.0,1002.7,AWS005,Kolkata,22.5726,88.3639,False,6,3,8
2026-08-20 07:00:00,28.7,82.0,1003.0,AWS005,Kolkata,22.5726,88.3639,False,7,3,8
2026-08-20 08:00:00,29.5,78.0,1003.3,AWS005,Kolkata,22.5726,88.3639,False,8,3,8
2026-08-20 09:00:00,30.6,75.0,1003.2,AWS005,Kolkata,22.5726,88.3639,False,9,3,8
2026-08-20 10:00:00,31.7,74.0,1003.1,AWS005,Kolkata,22.5726,88.3639,False,10,3,8
2026-08-20 11:00:00,32.4,66.0,1002.6,AWS005,Kolkata,22.5726,88.3639,False,11,3,8
2026-08-20 12:00:00,33.0,63.0,1001.8,AWS005,Kolkata,22.5726,88.3639,False,12,3,8
2026-08-20 13:00:00,30.2,78.0,1001.0,AWS005,Kolkata,22.5726,88.3639,False,13,3,8
2026-08-20 14:00:00,30.8,80.0,1000.2,AWS005,Kolkata,22.5726,88.3639,False,14,3,8
2026-08-20 15:00:00,31.3,77.0,999.6,AWS005,Kolkata,22.5726,88.3639,False,15,3,8
2026-08-20 16:00:00,31.3,73.0,999.3,AWS005,Kolkata,22.5726,88.3639,False,16,3,8
2026-08-20 17:00:00,30.0,83.0,999.9,AWS005,Kolkata,22.5726,88.3639,False,17,3,8
2026-08-20 18:00:00,29.3,87.0,1000.3,AWS005,Kolkata,22.5726,88.3639,False,18,3,8
2026-08-20 19:00:00,29.0,88.0,1001.1,AWS005,Kolkata,22.5726,88.3639,False,19,3,8
2026-08-20 20:00:00,28.9,88.0,1002.1,AWS005,Kolkata,22.5726,88.3639,False,20,3,8
2026-08-20 21:00:00,29.0,88.0,1002.8,AWS005,Kolkata,22.5726,88.3639,False,21,3,8
2026-08-20 22:00:00,28.9,89.0,1003.0,AWS005,Kolkata,22.5726,88.3639,False,22,3,8
2026-08-20 23:00:00,29.4,90.0,1002.3,AWS005,Kolkata,22.5726,88.3639,False,23,3,8
2026-08-21 00:00:00,28.9,91.0,1001.7,AWS005,Kolkata,22.5726,88.3639,False,0,4,8
2026-08-21 01:00:00,28.8,91.0,1001.1,AWS005,Kolkata,22.5726,88.3639,False,1,4,8
2026-08-21 02:00:00,28.7,92.0,1000.6,AWS005,Kolkata,22.5726,88.3639,False,2,4,8
2026-08-21 03:00:00,28.4,92.0,1000.6,AWS005,Kolkata,22.5726,88.3639,False,3,4,8
2026-08-21 04:00:00,28.1,93.0,1000.7,AWS005,Kolkata,22.5726,88.3639,False,4,4,8
2026-08-21 05:00:00,28.4,91.0,1001.0,AWS005,Kolkata,22.5726,88.3639,False,5,4,8
2026-08-21 06:00:00,28.9,90.0,1001.2,AWS005,Kolkata,22.5726,88.3639,False,6,4,8
2026-08-21 07:00:00,30.1,85.0,1001.6,AWS005,Kolkata,22.5726,88.3639,False,7,4,8
2026-08-21 08:00:00,30.8,82.0,1001.6,AWS005,Kolkata,22.5726,88.3639,False,8,4,8
2026-08-21 09:00:00,31.6,78.0,1002.0,AWS005,Kolkata,22.5726,88.3639,False,9,4,8
2026-08-21 10:00:00,32.2,76.0,1001.8,AWS005,Kolkata,22.5726,88.3639,False,10,4,8
2026-08-21 11:00:00,32.9,72.0,1001.1,AWS005,Kolkata,22.5726,88.3639,False,11,4,8
2026-08-21 12:00:00,33.2,71.0,1000.1,AWS005,Kolkata,22.5726,88.3639,False,12,4,8
2026-08-21 13:00:00,33.0,72.0,999.2,AWS005,Kolkata,22.5726,88.3639,False,13,4,8
2026-08-21 14:00:00,29.3,85.0,999.1,AWS005,Kolkata,22.5726,88.3639,False,14,4,8
2026-08-21 15:00:00,29.3,85.0,998.8,AWS005,Kolkata,22.5726,88.3639,False,15,4,8
2026-08-21 16:00:00,30.0,82.0,998.3,AWS005,Kolkata,22.5726,88.3639,False,16,4,8
2026-08-21 17:00:00,30.6,84.0,998.3,AWS005,Kolkata,22.5726,88.3639,False,17,4,8
2026-08-21 18:00:00,29.4,90.0,998.9,AWS005,Kolkata,22.5726,88.3639,False,18,4,8
2026-08-21 19:00:00,28.9,91.0,999.9,AWS005,Kolkata,22.5726,88.3639,False,19,4,8
2026-08-21 20:00:00,28.8,91.0,1000.9,AWS005,Kolkata,22.5726,88.3639,False,20,4,8
2026-08-21 21:00:00,28.9,92.0,1001.7,AWS005,Kolkata,22.5726,88.3639,False,21,4,8
2026-08-21 22:00:00,28.8,94.0,1001.6,AWS005,Kolkata,22.5726,88.3639,False,22,4,8
2026-08-21 23:00:00,29.0,93.0,1001.1,AWS005,Kolkata,22.5726,88.3639,False,23,4,8
2026-08-22 00:00:00,28.7,92.0,1000.8,AWS005,Kolkata,22.5726,88.3639,False,0,5,8
2026-08-22 01:00:00,28.4,93.0,1000.4,AWS005,Kolkata,22.5726,88.3639,False,1,5,8
2026-08-22 02:00:00,28.2,94.0,999.5,AWS005,Kolkata,22.5726,88.3639,False,2,5,8
2026-08-22 03:00:00,28.1,95.0,999.7,AWS005,Kolkata,22.5726,88.3639,False,3,5,8
2026-08-22 04:00:00,27.8,95.0,999.6,AWS005,Kolkata,22.5726,88.3639,False,4,5,8
2026-08-22 05:00:00,27.8,96.0,999.5,AWS005,Kolkata,22.5726,88.3639,False,5,5,8
2026-08-22 06:00:00,28.4,96.0,1000.5,AWS005,Kolkata,22.5726,88.3639,False,6,5,8
2026-08-22 07:00:00,29.8,88.0,1000.6,AWS005,Kolkata,22.5726,88.3639,False,7,5,8
2026-08-22 08:00:00,30.6,79.0,1000.9,AWS005,Kolkata,22.5726,88.3639,False,8,5,8
2026-08-22 09:00:00,31.0,76.0,1000.9,AWS005,Kolkata,22.5726,88.3639,False,9,5,8
2026-08-22 10:00:00,32.1,72.0,1000.7,AWS005,Kolkata,22.5726,88.3639,False,10,5,8
2026-08-22 11:00:00,32.7,64.0,1000.6,AWS005,Kolkata,22.5726,88.3639,False,11,5,8
2026-08-22 12:00:00,32.9,65.0,999.7,AWS005,Kolkata,22.5726,88.3639,False,12,5,8
2026-08-22 13:00:00,32.7,67.0,998.9,AWS005,Kolkata,22.5726,88.3639,False,13,5,8
2026-08-22 14:00:00,30.9,75.0,998.6,AWS005,Kolkata,22.5726,88.3639,False,14,5,8
2026-08-22 15:00:00,29.6,82.0,997.9,AWS005,Kolkata,22.5726,88.3639,False,15,5,8
2026-08-22 16:00:00,29.9,82.0,997.4,AWS005,Kolkata,22.5726,88.3639,False,16,5,8
2026-08-22 17:00:00,30.4,82.0,998.2,AWS005,Kolkata,22.5726,88.3639,False,17,5,8
2026-08-22 18:00:00,29.8,86.0,998.7,AWS005,Kolkata,22.5726,88.3639,False,18,5,8
2026-08-22 19:00:00,29.8,86.0,999.8,AWS005,Kolkata,22.5726,88.3639,False,19,5,8
2026-08-22 20:00:00,29.6,87.0,1000.7,AWS005,Kolkata,22.5726,88.3639,False,20,5,8
2026-08-22 21:00:00,29.3,88.0,1001.4,AWS005,Kolkata,22.5726,88.3639,False,21,5,8
2026-08-22 22:00:00,28.8,91.0,1001.3,AWS005,Kolkata,22.5726,88.3639,False,22,5,8
2026-08-22 23:00:00,29.3,87.0,1000.6,AWS005,Kolkata,22.5726,88.3639,False,23,5,8
2026-08-23 00:00:00,28.8,89.0,1000.2,AWS005,Kolkata,22.5726,88.3639,False,0,6,8
2026-08-23 01:00:00,28.0,87.0,999.5,AWS005,Kolkata,22.5726,88.3639,False,1,6,8
2026-08-23 02:00:00,27.1,90.0,999.7,AWS005,Kolkata,22.5726,88.3639,False,2,6,8
2026-08-23 03:00:00,26.8,91.0,999.7,AWS005,Kolkata,22.5726,88.3639,False,3,6,8
2026-08-23 04:00:00,26.8,92.0,999.5,AWS005,Kolkata,22.5726,88.3639,False,4,6,8
2026-08-23 05:00:00,27.8,92.0,999.6,AWS005,Kolkata,22.5726,88.3639,False,5,6,8
2026-08-23 06:00:00,28.0,87.0,1000.5,AWS005,Kolkata,22.5726,88.3639,False,6,6,8
2026-08-23 07:00:00,27.8,88.0,1000.6,AWS005,Kolkata,22.5726,88.3639,False,7,6,8
2026-08-23 08:00:00,28.6,87.0,1000.6,AWS005,Kolkata,22.5726,88.3639,False,8,6,8
2026-08-23 09:00:00,30.1,78.0,1001.0,AWS005,Kolkata,22.5726,88.3639,False,9,6,8
2026-08-23 10:00:00,31.5,72.0,1000.7,AWS005,Kolkata,22.5726,88.3639,False,10,6,8
2026-08-23 11:00:00,32.2,71.0,1000.2,AWS005,Kolkata,22.5726,88.3639,False,11,6,8
2026-08-23 12:00:00,31.9,73.0,999.2,AWS005,Kolkata,22.5726,88.3639,False,12,6,8
2026-08-23 13:00:00,32.4,70.0,997.8,AWS005,Kolkata,22.5726,88.3639,False,13,6,8
2026-08-23 14:00:00,32.2,69.0,997.1,AWS005,Kolkata,22.5726,88.3639,False,14,6,8
2026-08-23 15:00:00,32.2,67.0,996.6,AWS005,Kolkata,22.5726,88.3639,False,15,6,8
2026-08-23 16:00:00,31.6,70.0,996.9,AWS005,Kolkata,22.5726,88.3639,False,16,6,8
2026-08-23 17:00:00,30.7,79.0,997.6,AWS005,Kolkata,22.5726,88.3639,False,17,6,8
2026-08-23 18:00:00,29.4,84.0,998.4,AWS005,Kolkata,22.5726,88.3639,False,18,6,8
2026-08-23 19:00:00,29.0,84.0,999.4,AWS005,Kolkata,22.5726,88.3639,False,19,6,8
2026-08-23 20:00:00,28.7,85.0,1000.2,AWS005,Kolkata,22.5726,88.3639,False,20,6,8
2026-08-23 21:00:00,28.5,86.0,1000.5,AWS005,Kolkata,22.5726,88.3639,False,21,6,8
2026-08-23 22:00:00,28.1,88.0,1000.8,AWS005,Kolkata,22.5726,88.3639,False,22,6,8
2026-08-23 23:00:00,28.4,88.0,1000.3,AWS005,Kolkata,22.5726,88.3639,False,23,6,8
2026-08-24 00:00:00,27.9,90.0,999.7,AWS005,Kolkata,22.5726,88.3639,False,0,0,8
2026-08-24 01:00:00,27.5,91.0,999.2,AWS005,Kolkata,22.5726,88.3639,False,1,0,8
2026-08-24 02:00:00,27.0,92.0,998.7,AWS005,Kolkata,22.5726,88.3639,False,2,0,8
2026-08-24 03:00:00,26.9,92.0,998.8,AWS005,Kolkata,22.5726,88.3639,False,3,0,8
2026-08-24 04:00:00,26.8,93.0,999.0,AWS005,Kolkata,22.5726,88.3639,False,4,0,8
2026-08-24 05:00:00,27.2,97.0,999.1,AWS005,Kolkata,22.5726,88.3639,False,5,0,8
2026-08-24 06:00:00,27.7,90.0,999.7,AWS005,Kolkata,22.5726,88.3639,False,6,0,8
2026-08-24 07:00:00,27.6,92.0,999.8,AWS005,Kolkata,22.5726,88.3639,False,7,0,8
2026-08-24 08:00:00,28.4,87.0,1000.2,AWS005,Kolkata,22.5726,88.3639,False,8,0,8
2026-08-24 09:00:00,30.2,79.0,1000.5,AWS005,Kolkata,22.5726,88.3639,False,9,0,8
2026-08-24 10:00:00,28.8,85.0,1000.5,AWS005,Kolkata,22.5726,88.3639,False,10,0,8
2026-08-24 11:00:00,30.7,76.0,1000.2,AWS005,Kolkata,22.5726,88.3639,False,11,0,8
2026-08-24 12:00:00,28.9,87.0,999.8,AWS005,Kolkata,22.5726,88.3639,False,12,0,8
2026-08-24 13:00:00,28.8,87.0,999.1,AWS005,Kolkata,22.5726,88.3639,False,13,0,8
2026-08-24 14:00:00,29.9,82.0,998.6,AWS005,Kolkata,22.5726,88.3639,False,14,0,8
2026-08-24 15:00:00,29.4,86.0,998.6,AWS005,Kolkata,22.5726,88.3639,False,15,0,8
2026-08-24 16:00:00,27.6,92.0,998.8,AWS005,Kolkata,22.5726,88.3639,False,16,0,8
2026-08-24 17:00:00,29.5,84.0,999.0,AWS005,Kolkata,22.5726,88.3639,False,17,0,8
2026-08-24 18:00:00,29.1,84.0,999.9,AWS005,Kolkata,22.5726,88.3639,False,18,0,8
2026-08-24 19:00:00,28.9,84.0,1000.8,AWS005,Kolkata,22.5726,88.3639,False,19,0,8
2026-08-24 20:00:00,28.6,83.0,1001.7,AWS005,Kolkata,22.5726,88.3639,False,20,0,8
2026-08-24 21:00:00,28.3,84.0,1002.5,AWS005,Kolkata,22.5726,88.3639,False,21,0,8
2026-08-24 22:00:00,27.6,87.0,1002.8,AWS005,Kolkata,22.5726,88.3639,False,22,0,8
2026-08-24 23:00:00,28.3,84.0,1002.1,AWS005,Kolkata,22.5726,88.3639,False,23,0,8
2026-08-25 00:00:00,27.1,89.0,1002.0,AWS005,Kolkata,22.5726,88.3639,False,0,1,8
2026-08-25 01:00:00,27.2,90.0,1001.4,AWS005,Kolkata,22.5726,88.3639,False,1,1,8
2026-08-25 02:00:00,27.1,88.0,1001.2,AWS005,Kolkata,22.5726,88.3639,False,2,1,8
2026-08-25 03:00:00,26.7,90.0,1001.4,AWS005,Kolkata,22.5726,88.3639,False,3,1,8
2026-08-25 04:00:00,26.5,92.0,1001.1,AWS005,Kolkata,22.5726,88.3639,False,4,1,8
2026-08-25 05:00:00,27.1,93.0,1001.4,AWS005,Kolkata,22.5726,88.3639,False,5,1,8
2026-08-25 06:00:00,27.9,89.0,1001.4,AWS005,Kolkata,22.5726,88.3639,False,6,1,8
2026-08-25 07:00:00,29.2,82.0,1001.9,AWS005,Kolkata,22.5726,88.3639,False,7,1,8
2026-08-25 08:00:00,29.7,81.0,1002.2,AWS005,Kolkata,22.5726,88.3639,False,8,1,8
2026-08-25 09:00:00,30.3,79.0,1002.3,AWS005,Kolkata,22.5726,88.3639,False,9,1,8
2026-08-25 10:00:00,31.9,73.0,1002.4,AWS005,Kolkata,22.5726,88.3639,False,10,1,8
2026-08-25 11:00:00,31.2,75.0,1001.8,AWS005,Kolkata,22.5726,88.3639,False,11,1,8
2026-08-25 12:00:00,29.6,82.0,1001.8,AWS005,Kolkata,22.5726,88.3639,False,12,1,8
2026-08-25 13:00:00,29.7,83.0,1000.7,AWS005,Kolkata,22.5726,88.3639,False,13,1,8
2026-08-25 14:00:00,30.7,79.0,1000.2,AWS005,Kolkata,22.5726,88.3639,False,14,1,8
2026-08-25 15:00:00,29.8,85.0,999.6,AWS005,Kolkata,22.5726,88.3639,False,15,1,8
2026-08-25 16:00:00,29.5,89.0,999.8,AWS005,Kolkata,22.5726,88.3639,False,16,1,8
2026-08-25 17:00:00,30.2,82.0,999.9,AWS005,Kolkata,22.5726,88.3639,False,17,1,8
2026-08-25 18:00:00,29.6,84.0,1000.4,AWS005,Kolkata,22.5726,88.3639,False,18,1,8
2026-08-25 19:00:00,29.3,85.0,1001.4,AWS005,Kolkata,22.5726,88.3639,False,19,1,8
2026-08-25 20:00:00,28.9,86.0,1002.2,AWS005,Kolkata,22.5726,88.3639,False,20,1,8
2026-08-25 21:00:00,28.4,87.0,1003.1,AWS005,Kolkata,22.5726,88.3639,False,21,1,8
2026-08-25 22:00:00,28.1,88.0,1002.8,AWS005,Kolkata,22.5726,88.3639,False,22,1,8
2026-08-25 23:00:00,28.5,87.0,1002.7,AWS005,Kolkata,22.5726,88.3639,False,23,1,8
2026-08-26 00:00:00,28.1,90.0,1002.4,AWS005,Kolkata,22.5726,88.3639,False,0,2,8
2026-08-26 01:00:00,28.0,91.0,1002.0,AWS005,Kolkata,22.5726,88.3639,False,1,2,8
2026-08-26 02:00:00,27.9,91.0,1001.0,AWS005,Kolkata,22.5726,88.3639,False,2,2,8
2026-08-26 03:00:00,27.7,92.0,1001.0,AWS005,Kolkata,22.5726,88.3639,False,3,2,8
2026-08-26 04:00:00,27.5,92.0,1001.0,AWS005,Kolkata,22.5726,88.3639,False,4,2,8
2026-08-26 05:00:00,26.6,93.0,1001.4,AWS005,Kolkata,22.5726,88.3639,False,5,2,8
2026-08-26 06:00:00,27.1,92.0,1001.6,AWS005,Kolkata,22.5726,88.3639,False,6,2,8
2026-08-26 07:00:00,28.6,87.0,1001.7,AWS005,Kolkata,22.5726,88.3639,False,7,2,8
2026-08-26 08:00:00,30.4,80.0,1001.8,AWS005,Kolkata,22.5726,88.3639,False,8,2,8
2026-08-26 09:00:00,31.8,71.0,1002.2,AWS005,Kolkata,22.5726,88.3639,False,9,2,8
2026-08-26 10:00:00,32.4,69.0,1001.9,AWS005,Kolkata,22.5726,88.3639,False,10,2,8
2026-08-26 11:00:00,30.5,75.0,1001.9,AWS005,Kolkata,22.5726,88.3639,False,11,2,8
2026-08-26 12:00:00,29.8,83.0,1000.8,AWS005,Kolkata,22.5726,88.3639,False,12,2,8
2026-08-26 13:00:00,30.5,82.0,1000.1,AWS005,Kolkata,22.5726,88.3639,False,13,2,8
2026-08-26 14:00:00,31.0,80.0,999.1,AWS005,Kolkata,22.5726,88.3639,False,14,2,8
2026-08-26 15:00:00,30.3,83.0,998.1,AWS005,Kolkata,22.5726,88.3639,False,15,2,8
2026-08-26 16:00:00,29.3,85.0,998.5,AWS005,Kolkata,22.5726,88.3639,False,16,2,8
2026-08-26 17:00:00,29.9,83.0,999.2,AWS005,Kolkata,22.5726,88.3639,False,17,2,8
2026-08-26 18:00:00,29.2,88.0,1000.1,AWS005,Kolkata,22.5726,88.3639,False,18,2,8
2026-08-26 19:00:00,28.8,90.0,1000.8,AWS005,Kolkata,22.5726,88.3639,False,19,2,8
2026-08-26 20:00:00,28.7,90.0,1001.6,AWS005,Kolkata,22.5726,88.3639,False,20,2,8
2026-08-26 21:00:00,28.5,90.0,1002.0,AWS005,Kolkata,22.5726,88.3639,False,21,2,8
2026-08-26 22:00:00,28.4,91.0,1001.9,AWS005,Kolkata,22.5726,88.3639,False,22,2,8
2026-08-26 23:00:00,28.9,90.0,1001.8,AWS005,Kolkata,22.5726,88.3639,False,23,2,8
2026-08-27 00:00:00,28.4,92.0,1001.3,AWS005,Kolkata,22.5726,88.3639,False,0,3,8
2026-08-27 01:00:00,28.1,93.0,1000.9,AWS005,Kolkata,22.5726,88.3639,False,1,3,8
2026-08-27 02:00:00,27.9,94.0,1000.3,AWS005,Kolkata,22.5726,88.3639,False,2,3,8
2026-08-27 03:00:00,27.7,95.0,1000.1,AWS005,Kolkata,22.5726,88.3639,False,3,3,8
2026-08-27 04:00:00,27.5,97.0,999.6,AWS005,Kolkata,22.5726,88.3639,False,4,3,8
2026-08-27 05:00:00,28.4,93.0,1000.1,AWS005,Kolkata,22.5726,88.3639,False,5,3,8
2026-08-27 06:00:00,28.8,91.0,1000.5,AWS005,Kolkata,22.5726,88.3639,False,6,3,8
2026-08-27 07:00:00,29.9,86.0,1000.7,AWS005,Kolkata,22.5726,88.3639,False,7,3,8
2026-08-27 08:00:00,30.9,81.0,1001.3,AWS005,Kolkata,22.5726,88.3639,False,8,3,8
2026-08-27 09:00:00,31.8,78.0,1001.8,AWS005,Kolkata,22.5726,88.3639,False,9,3,8
2026-08-27 10:00:00,32.3,76.0,1001.4,AWS005,Kolkata,22.5726,88.3639,False,10,3,8
2026-08-27 11:00:00,31.4,78.0,1000.9,AWS005,Kolkata,22.5726,88.3639,False,11,3,8
2026-08-27 12:00:00,30.7,81.0,999.6,AWS005,Kolkata,22.5726,88.3639,False,12,3,8
2026-08-27 13:00:00,32.6,74.0,998.4,AWS005,Kolkata,22.5726,88.3639,False,13,3,8
2026-08-27 14:00:00,32.7,73.0,997.4,AWS005,Kolkata,22.5726,88.3639,False,14,3,8
2026-08-27 15:00:00,32.4,73.0,996.9,AWS005,Kolkata,22.5726,88.3639,False,15,3,8
2026-08-27 16:00:00,29.7,85.0,997.2,AWS005,Kolkata,22.5726,88.3639,False,16,3,8
2026-08-27 17:00:00,28.9,91.0,998.0,AWS005,Kolkata,22.5726,88.3639,False,17,3,8
2026-08-27 18:00:00,28.5,91.0,999.3,AWS005,Kolkata,22.5726,88.3639,False,18,3,8
2026-08-27 19:00:00,28.5,93.0,1000.0,AWS005,Kolkata,22.5726,88.3639,False,19,3,8
2026-08-27 20:00:00,28.7,93.0,1000.9,AWS005,Kolkata,22.5726,88.3639,False,20,3,8
2026-08-27 21:00:00,28.6,92.0,1001.2,AWS005,Kolkata,22.5726,88.3639,False,21,3,8
2026-08-27 22:00:00,28.5,93.0,1000.8,AWS005,Kolkata,22.5726,88.3639,False,22,3,8
2026-08-27 23:00:00,29.0,91.0,1000.5,AWS005,Kolkata,22.5726,88.3639,False,23,3,8
2026-08-28 00:00:00,28.7,92.0,1000.2,AWS005,Kolkata,22.5726,88.3639,False,0,4,8
2026-08-28 01:00:00,28.5,93.0,999.7,AWS005,Kolkata,22.5726,88.3639,False,1,4,8
2026-08-28 02:00:00,28.3,94.0,999.1,AWS005,Kolkata,22.5726,88.3639,False,2,4,8
2026-08-28 03:00:00,28.1,96.0,999.0,AWS005,Kolkata,22.5726,88.3639,False,3,4,8
2026-08-28 04:00:00,27.9,98.0,999.0,AWS005,Kolkata,22.5726,88.3639,False,4,4,8
2026-08-28 05:00:00,28.1,89.0,999.2,AWS005,Kolkata,22.5726,88.3639,False,5,4,8
2026-08-28 06:00:00,28.4,89.0,999.7,AWS005,Kolkata,22.5726,88.3639,False,6,4,8
2026-08-28 07:00:00,29.2,86.0,1000.6,AWS005,Kolkata,22.5726,88.3639,False,7,4,8
2026-08-28 08:00:00,30.3,82.0,1000.5,AWS005,Kolkata,22.5726,88.3639,False,8,4,8
2026-08-28 09:00:00,31.0,79.0,1000.8,AWS005,Kolkata,22.5726,88.3639,False,9,4,8
2026-08-28 10:00:00,31.9,77.0,1000.5,AWS005,Kolkata,22.5726,88.3639,False,10,4,8
2026-08-28 11:00:00,32.8,71.0,999.9,AWS005,Kolkata,22.5726,88.3639,False,11,4,8
2026-08-28 12:00:00,32.7,71.0,998.9,AWS005,Kolkata,22.5726,88.3639,False,12,4,8
2026-08-28 13:00:00,32.9,71.0,997.7,AWS005,Kolkata,22.5726,88.3639,False,13,4,8
2026-08-28 14:00:00,32.3,73.0,996.9,AWS005,Kolkata,22.5726,88.3639,False,14,4,8
2026-08-28 15:00:00,28.8,89.0,996.9,AWS005,Kolkata,22.5726,88.3639,False,15,4,8
2026-08-28 16:00:00,27.7,91.0,997.3,AWS005,Kolkata,22.5726,88.3639,False,16,4,8
2026-08-28 17:00:00,28.9,94.0,997.7,AWS005,Kolkata,22.5726,88.3639,False,17,4,8
2026-08-28 18:00:00,28.6,94.0,998.5,AWS005,Kolkata,22.5726,88.3639,False,18,4,8
2026-08-28 19:00:00,28.3,96.0,999.4,AWS005,Kolkata,22.5726,88.3639,False,19,4,8
2026-08-28 20:00:00,28.0,96.0,1000.1,AWS005,Kolkata,22.5726,88.3639,False,20,4,8
2026-08-28 21:00:00,27.8,96.0,1000.7,AWS005,Kolkata,22.5726,88.3639,False,21,4,8
2026-08-28 22:00:00,27.3,97.0,1000.8,AWS005,Kolkata,22.5726,88.3639,False,22,4,8
2026-08-28 23:00:00,28.7,94.0,1000.1,AWS005,Kolkata,22.5726,88.3639,False,23,4,8
2026-08-29 00:00:00,28.2,95.0,999.4,AWS005,Kolkata,22.5726,88.3639,False,0,5,8
2026-08-29 01:00:00,28.1,95.0,998.7,AWS005,Kolkata,22.5726,88.3639,False,1,5,8
2026-08-29 02:00:00,28.0,93.0,998.5,AWS005,Kolkata,22.5726,88.3639,False,2,5,8
2026-08-29 03:00:00,27.1,95.0,998.7,AWS005,Kolkata,22.5726,88.3639,False,3,5,8
2026-08-29 04:00:00,26.8,97.0,998.7,AWS005,Kolkata,22.5726,88.3639,False,4,5,8
2026-08-29 05:00:00,28.5,92.0,998.4,AWS005,Kolkata,22.5726,88.3639,False,5,5,8
2026-08-29 06:00:00,29.0,91.0,998.9,AWS005,Kolkata,22.5726,88.3639,False,6,5,8
2026-08-29 07:00:00,29.7,87.0,999.6,AWS005,Kolkata,22.5726,88.3639,False,7,5,8
2026-08-29 08:00:00,29.8,87.0,999.6,AWS005,Kolkata,22.5726,88.3639,False,8,5,8
2026-08-29 09:00:00,31.0,80.0,1000.0,AWS005,Kolkata,22.5726,88.3639,False,9,5,8
2026-08-29 10:00:00,31.9,75.0,999.9,AWS005,Kolkata,22.5726,88.3639,False,10,5,8
2026-08-29 11:00:00,32.2,71.0,999.3,AWS005,Kolkata,22.5726,88.3639,False,11,5,8
2026-08-29 12:00:00,31.8,68.0,997.9,AWS005,Kolkata,22.5726,88.3639,False,12,5,8
2026-08-29 13:00:00,29.9,80.0,997.2,AWS005,Kolkata,22.5726,88.3639,False,13,5,8
2026-08-29 14:00:00,30.1,78.0,997.1,AWS005,Kolkata,22.5726,88.3639,False,14,5,8
2026-08-29 15:00:00,30.8,74.0,996.2,AWS005,Kolkata,22.5726,88.3639,False,15,5,8
2026-08-29 16:00:00,30.7,73.0,996.1,AWS005,Kolkata,22.5726,88.3639,False,16,5,8
2026-08-29 17:00:00,30.7,79.0,996.2,AWS005,Kolkata,22.5726,88.3639,False,17,5,8
2026-08-29 18:00:00,30.2,82.0,997.2,AWS005,Kolkata,22.5726,88.3639,False,18,5,8
2026-08-29 19:00:00,29.2,84.0,997.9,AWS005,Kolkata,22.5726,88.3639,False,19,5,8
2026-08-29 20:00:00,28.4,88.0,999.1,AWS005,Kolkata,22.5726,88.3639,False,20,5,8
2026-08-29 21:00:00,28.4,89.0,999.2,AWS005,Kolkata,22.5726,88.3639,False,21,5,8
2026-08-29 22:00:00,28.2,91.0,999.1,AWS005,Kolkata,22.5726,88.3639,False,22,5,8
2026-08-29 23:00:00,28.1,93.0,998.7,AWS005,Kolkata,22.5726,88.3639,False,23,5,8
2026-08-30 00:00:00,26.6,97.0,998.3,AWS005,Kolkata,22.5726,88.3639,False,0,6,8
2026-08-30 01:00:00,26.7,97.0,997.5,AWS005,Kolkata,22.5726,88.3639,False,1,6,8
2026-08-30 02:00:00,26.5,97.0,997.2,AWS005,Kolkata,22.5726,88.3639,False,2,6,8
2026-08-30 03:00:00,26.5,97.0,996.9,AWS005,Kolkata,22.5726,88.3639,False,3,6,8
2026-08-30 04:00:00,26.5,97.0,997.3,AWS005,Kolkata,22.5726,88.3639,False,4,6,8
2026-08-30 05:00:00,27.8,95.0,997.0,AWS005,Kolkata,22.5726,88.3639,False,5,6,8
2026-08-30 06:00:00,28.0,88.0,997.3,AWS005,Kolkata,22.5726,88.3639,False,6,6,8
2026-08-30 07:00:00,28.3,87.0,998.0,AWS005,Kolkata,22.5726,88.3639,False,7,6,8
2026-08-30 08:00:00,28.2,92.0,998.5,AWS005,Kolkata,22.5726,88.3639,False,8,6,8
2026-08-30 09:00:00,29.9,86.0,998.3,AWS005,Kolkata,22.5726,88.3639,False,9,6,8
2026-08-30 10:00:00,30.8,81.0,998.2,AWS005,Kolkata,22.5726,88.3639,False,10,6,8
2026-08-30 11:00:00,31.2,80.0,997.7,AWS005,Kolkata,22.5726,88.3639,False,11,6,8
2026-08-30 12:00:00,30.0,83.0,996.8,AWS005,Kolkata,22.5726,88.3639,False,12,6,8
2026-08-30 13:00:00,31.0,79.0,995.7,AWS005,Kolkata,22.5726,88.3639,False,13,6,8
2026-08-30 14:00:00,31.4,78.0,995.0,AWS005,Kolkata,22.5726,88.3639,False,14,6,8
2026-08-30 15:00:00,29.6,87.0,994.7,AWS005,Kolkata,22.5726,88.3639,False,15,6,8
2026-08-30 16:00:00,30.1,82.0,994.7,AWS005,Kolkata,22.5726,88.3639,False,16,6,8
2026-08-30 17:00:00,29.4,89.0,995.9,AWS005,Kolkata,22.5726,88.3639,False,17,6,8
2026-08-30 18:00:00,28.3,91.0,996.3,AWS005,Kolkata,22.5726,88.3639,False,18,6,8
2026-08-30 19:00:00,28.3,91.0,997.0,AWS005,Kolkata,22.5726,88.3639,False,19,6,8
2026-08-30 20:00:00,28.1,93.0,997.9,AWS005,Kolkata,22.5726,88.3639,False,20,6,8
2026-08-30 21:00:00,27.8,94.0,998.1,AWS005,Kolkata,22.5726,88.3639,False,21,6,8
2026-08-30 22:00:00,27.1,96.0,998.2,AWS005,Kolkata,22.5726,88.3639,False,22,6,8
2026-08-30 23:00:00,27.3,95.0,997.6,AWS005,Kolkata,22.5726,88.3639,False,23,6,8
2026-08-31 00:00:00,26.5,96.0,997.3,AWS005,Kolkata,22.5726,88.3639,False,0,0,8
2026-08-31 01:00:00,26.6,96.0,996.6,AWS005,Kolkata,22.5726,88.3639,False,1,0,8
2026-08-31 02:00:00,25.9,97.0,996.6,AWS005,Kolkata,22.5726,88.3639,False,2,0,8
2026-08-31 03:00:00,25.9,97.0,996.4,AWS005,Kolkata,22.5726,88.3639,False,3,0,8
2026-08-31 04:00:00,26.3,96.0,997.0,AWS005,Kolkata,22.5726,88.3639,False,4,0,8
2026-08-31 05:00:00,27.1,96.0,996.9,AWS005,Kolkata,22.5726,88.3639,False,5,0,8
2026-08-31 06:00:00,27.6,95.0,997.3,AWS005,Kolkata,22.5726,88.3639,False,6,0,8
2026-08-31 07:00:00,28.0,92.0,997.6,AWS005,Kolkata,22.5726,88.3639,False,7,0,8
2026-08-31 08:00:00,28.8,88.0,997.8,AWS005,Kolkata,22.5726,88.3639,False,8,0,8
2026-08-31 09:00:00,29.9,83.0,997.9,AWS005,Kolkata,22.5726,88.3639,False,9,0,8
2026-08-31 10:00:00,31.4,75.0,997.8,AWS005,Kolkata,22.5726,88.3639,False,10,0,8
2026-08-31 11:00:00,30.9,76.0,997.5,AWS005,Kolkata,22.5726,88.3639,False,11,0,8
2026-08-31 12:00:00,28.6,87.0,997.1,AWS005,Kolkata,22.5726,88.3639,False,12,0,8
2026-08-31 13:00:00,28.8,85.0,996.3,AWS005,Kolkata,22.5726,88.3639,False,13,0,8
2026-08-31 14:00:00,28.4,88.0,996.2,AWS005,Kolkata,22.5726,88.3639,False,14,0,8
2026-08-31 15:00:00,27.9,89.0,996.0,AWS005,Kolkata,22.5726,88.3639,False,15,0,8
2026-08-31 16:00:00,27.9,92.0,996.4,AWS005,Kolkata,22.5726,88.3639,False,16,0,8
2026-08-31 17:00:00,28.5,92.0,996.5,AWS005,Kolkata,22.5726,88.3639,False,17,0,8
2026-08-31 18:00:00,28.1,93.0,997.3,AWS005,Kolkata,22.5726,88.3639,False,18,0,8
2026-08-31 19:00:00,27.9,95.0,997.7,AWS005,Kolkata,22.5726,88.3639,False,19,0,8
2026-08-31 20:00:00,27.6,94.0,998.8,AWS005,Kolkata,22.5726,88.3639,False,20,0,8
2026-08-31 21:00:00,27.0,96.0,999.5,AWS005,Kolkata,22.5726,88.3639,False,21,0,8
2026-08-31 22:00:00,26.8,95.0,999.3,AWS005,Kolkata,22.5726,88.3639,False,22,0,8
2026-08-31 23:00:00,27.6,93.0,998.9,AWS005,Kolkata,22.5726,88.3639,False,23,0,8
2026-09-01 00:00:00,27.2,92.0,998.6,AWS005,Kolkata,22.5726,88.3639,False,0,1,9
2026-09-01 01:00:00,26.5,94.0,998.6,AWS005,Kolkata,22.5726,88.3639,False,1,1,9
2026-09-01 02:00:00,26.2,97.0,998.0,AWS005,Kolkata,22.5726,88.3639,False,2,1,9
2026-09-01 03:00:00,26.1,98.0,998.4,AWS005,Kolkata,22.5726,88.3639,False,3,1,9
2026-09-01 04:00:00,25.9,98.0,998.6,AWS005,Kolkata,22.5726,88.3639,False,4,1,9
2026-09-01 05:00:00,26.3,99.0,998.4,AWS005,Kolkata,22.5726,88.3639,False,5,1,9
2026-09-01 06:00:00,26.6,97.0,999.2,AWS005,Kolkata,22.5726,88.3639,False,6,1,9
2026-09-01 07:00:00,26.7,97.0,999.7,AWS005,Kolkata,22.5726,88.3639,False,7,1,9
2026-09-01 08:00:00,27.0,94.0,1000.7,AWS005,Kolkata,22.5726,88.3639,False,8,1,9
2026-09-01 09:00:00,27.3,92.0,1000.5,AWS005,Kolkata,22.5726,88.3639,False,9,1,9
2026-09-01 10:00:00,28.5,86.0,1000.7,AWS005,Kolkata,22.5726,88.3639,False,10,1,9
2026-09-01 11:00:00,28.2,91.0,1001.4,AWS005,Kolkata,22.5726,88.3639,False,11,1,9
2026-09-01 12:00:00,27.9,93.0,1000.0,AWS005,Kolkata,22.5726,88.3639,False,12,1,9
2026-09-01 13:00:00,28.4,90.0,999.3,AWS005,Kolkata,22.5726,88.3639,False,13,1,9
2026-09-01 14:00:00,28.9,86.0,999.3,AWS005,Kolkata,22.5726,88.3639,False,14,1,9
2026-09-01 15:00:00,29.1,82.0,999.3,AWS005,Kolkata,22.5726,88.3639,False,15,1,9
2026-09-01 16:00:00,28.5,84.0,999.6,AWS005,Kolkata,22.5726,88.3639,False,16,1,9
2026-09-01 17:00:00,28.4,88.0,1000.4,AWS005,Kolkata,22.5726,88.3639,False,17,1,9
2026-09-01 18:00:00,27.4,91.0,1001.0,AWS005,Kolkata,22.5726,88.3639,False,18,1,9
2026-09-01 19:00:00,27.1,93.0,1002.4,AWS005,Kolkata,22.5726,88.3639,False,19,1,9
2026-09-01 20:00:00,27.1,93.0,1003.3,AWS005,Kolkata,22.5726,88.3639,False,20,1,9
2026-09-01 21:00:00,26.8,95.0,1003.8,AWS005,Kolkata,22.5726,88.3639,False,21,1,9
2026-09-01 22:00:00,26.4,97.0,1004.0,AWS005,Kolkata,22.5726,88.3639,False,22,1,9
2026-09-01 23:00:00,26.6,97.0,1003.0,AWS005,Kolkata,22.5726,88.3639,False,23,1,9
2026-09-02 00:00:00,26.6,97.0,1002.2,AWS005,Kolkata,22.5726,88.3639,False,0,2,9
2026-09-02 01:00:00,26.5,97.0,1001.7,AWS005,Kolkata,22.5726,88.3639,False,1,2,9
2026-09-02 02:00:00,26.6,98.0,1001.4,AWS005,Kolkata,22.5726,88.3639,False,2,2,9
2026-09-02 03:00:00,26.3,94.0,1001.6,AWS005,Kolkata,22.5726,88.3639,False,3,2,9
2026-09-02 04:00:00,26.1,97.0,1002.0,AWS005,Kolkata,22.5726,88.3639,False,4,2,9
2026-09-02 05:00:00,26.2,97.0,1002.2,AWS005,Kolkata,22.5726,88.3639,False,5,2,9
2026-09-02 06:00:00,26.3,97.0,1003.2,AWS005,Kolkata,22.5726,88.3639,False,6,2,9
2026-09-02 07:00:00,26.6,96.0,1003.4,AWS005,Kolkata,22.5726,88.3639,False,7,2,9
2026-09-02 08:00:00,27.4,91.0,1003.5,AWS005,Kolkata,22.5726,88.3639,False,8,2,9
2026-09-02 09:00:00,28.7,85.0,1004.0,AWS005,Kolkata,22.5726,88.3639,False,9,2,9
2026-09-02 10:00:00,29.6,81.0,1003.8,AWS005,Kolkata,22.5726,88.3639,False,10,2,9
2026-09-02 11:00:00,30.4,78.0,1002.9,AWS005,Kolkata,22.5726,88.3639,False,11,2,9
2026-09-02 12:00:00,30.6,79.0,1002.0,AWS005,Kolkata,22.5726,88.3639,False,12,2,9
2026-09-02 13:00:00,30.3,80.0,1001.1,AWS005,Kolkata,22.5726,88.3639,False,13,2,9
2026-09-02 14:00:00,27.4,90.0,1001.2,AWS005,Kolkata,22.5726,88.3639,False,14,2,9
2026-09-02 15:00:00,27.1,95.0,1000.8,AWS005,Kolkata,22.5726,88.3639,False,15,2,9
2026-09-02 16:00:00,27.3,95.0,1000.8,AWS005,Kolkata,22.5726,88.3639,False,16,2,9
2026-09-02 17:00:00,28.4,91.0,1001.1,AWS005,Kolkata,22.5726,88.3639,False,17,2,9
2026-09-02 18:00:00,27.7,94.0,1001.9,AWS005,Kolkata,22.5726,88.3639,False,18,2,9
2026-09-02 19:00:00,27.6,95.0,1002.7,AWS005,Kolkata,22.5726,88.3639,False,19,2,9
2026-09-02 20:00:00,27.2,97.0,1003.5,AWS005,Kolkata,22.5726,88.3639,False,20,2,9
2026-09-02 21:00:00,27.1,97.0,1003.8,AWS005,Kolkata,22.5726,88.3639,False,21,2,9
2026-09-02 22:00:00,26.9,97.0,1003.6,AWS005,Kolkata,22.5726,88.3639,False,22,2,9
2026-09-02 23:00:00,27.6,97.0,1003.4,AWS005,Kolkata,22.5726,88.3639,False,23,2,9
2026-09-03 00:00:00,27.2,98.0,1002.7,AWS005,Kolkata,22.5726,88.3639,False,0,3,9
2026-09-03 01:00:00,26.9,99.0,1002.2,AWS005,Kolkata,22.5726,88.3639,False,1,3,9
2026-09-03 02:00:00,26.6,99.0,1002.3,AWS005,Kolkata,22.5726,88.3639,False,2,3,9
2026-09-03 03:00:00,25.6,98.0,1002.6,AWS005,Kolkata,22.5726,88.3639,False,3,3,9
2026-09-03 04:00:00,25.6,97.0,1002.9,AWS005,Kolkata,22.5726,88.3639,False,4,3,9
2026-09-03 05:00:00,26.6,97.0,1002.5,AWS005,Kolkata,22.5726,88.3639,False,5,3,9
2026-09-03 06:00:00,26.5,97.0,1003.4,AWS005,Kolkata,22.5726,88.3639,False,6,3,9
2026-09-03 07:00:00,26.6,93.0,1004.1,AWS005,Kolkata,22.5726,88.3639,False,7,3,9
2026-09-03 08:00:00,26.1,97.0,1004.4,AWS005,Kolkata,22.5726,88.3639,False,8,3,9
2026-09-03 09:00:00,26.4,96.0,1004.3,AWS005,Kolkata,22.5726,88.3639,False,9,3,9
2026-09-03 10:00:00,27.4,91.0,1004.2,AWS005,Kolkata,22.5726,88.3639,False,10,3,9
2026-09-03 11:00:00,30.4,80.0,1003.5,AWS005,Kolkata,22.5726,88.3639,False,11,3,9
2026-09-03 12:00:00,29.7,79.0,1002.7,AWS005,Kolkata,22.5726,88.3639,False,12,3,9
2026-09-03 13:00:00,29.4,78.0,1001.6,AWS005,Kolkata,22.5726,88.3639,False,13,3,9
2026-09-03 14:00:00,29.4,80.0,1001.1,AWS005,Kolkata,22.5726,88.3639,False,14,3,9
2026-09-03 15:00:00,28.9,85.0,1000.5,AWS005,Kolkata,22.5726,88.3639,False,15,3,9
2026-09-03 16:00:00,29.1,86.0,1000.6,AWS005,Kolkata,22.5726,88.3639,False,16,3,9
2026-09-03 17:00:00,29.8,81.0,1001.2,AWS005,Kolkata,22.5726,88.3639,False,17,3,9
2026-09-03 18:00:00,28.9,83.0,1001.8,AWS005,Kolkata,22.5726,88.3639,False,18,3,9
2026-09-03 19:00:00,28.2,85.0,1002.8,AWS005,Kolkata,22.5726,88.3639,False,19,3,9
2026-09-03 20:00:00,28.1,85.0,1003.5,AWS005,Kolkata,22.5726,88.3639,False,20,3,9
2026-09-03 21:00:00,27.8,85.0,1004.1,AWS005,Kolkata,22.5726,88.3639,False,21,3,9
2026-09-03 22:00:00,27.5,87.0,1004.1,AWS005,Kolkata,22.5726,88.3639,False,22,3,9
2026-09-03 23:00:00,28.0,86.0,1003.8,AWS005,Kolkata,22.5726,88.3639,False,23,3,9
2026-09-04 00:00:00,27.5,87.0,1003.3,AWS005,Kolkata,22.5726,88.3639,False,0,4,9
2026-09-04 01:00:00,27.4,88.0,1003.1,AWS005,Kolkata,22.5726,88.3639,False,1,4,9
2026-09-04 02:00:00,26.4,93.0,1003.2,AWS005,Kolkata,22.5726,88.3639,False,2,4,9
2026-09-04 03:00:00,25.7,96.0,1003.2,AWS005,Kolkata,22.5726,88.3639,False,3,4,9
2026-09-04 04:00:00,25.6,96.0,1003.2,AWS005,Kolkata,22.5726,88.3639,False,4,4,9
2026-09-04 05:00:00,27.0,92.0,1003.5,AWS005,Kolkata,22.5726,88.3639,False,5,4,9
2026-09-04 06:00:00,27.5,91.0,1004.3,AWS005,Kolkata,22.5726,88.3639,False,6,4,9
2026-09-04 07:00:00,28.7,86.0,1004.9,AWS005,Kolkata,22.5726,88.3639,False,7,4,9
2026-09-04 08:00:00,29.7,80.0,1005.5,AWS005,Kolkata,22.5726,88.3639,False,8,4,9
2026-09-04 09:00:00,30.4,77.0,1005.7,AWS005,Kolkata,22.5726,88.3639,False,9,4,9
2026-09-04 10:00:00,31.1,73.0,1005.8,AWS005,Kolkata,22.5726,88.3639,False,10,4,9
2026-09-04 11:00:00,30.5,71.0,1005.4,AWS005,Kolkata,22.5726,88.3639,False,11,4,9
2026-09-04 12:00:00,31.2,72.0,1004.2,AWS005,Kolkata,22.5726,88.3639,False,12,4,9
2026-09-04 13:00:00,28.8,81.0,1003.7,AWS005,Kolkata,22.5726,88.3639,False,13,4,9
2026-09-04 14:00:00,29.3,82.0,1003.4,AWS005,Kolkata,22.5726,88.3639,False,14,4,9
2026-09-04 15:00:00,30.3,76.0,1002.9,AWS005,Kolkata,22.5726,88.3639,False,15,4,9
2026-09-04 16:00:00,29.8,74.0,1002.9,AWS005,Kolkata,22.5726,88.3639,False,16,4,9
2026-09-04 17:00:00,30.2,73.0,1003.6,AWS005,Kolkata,22.5726,88.3639,False,17,4,9
2026-09-04 18:00:00,29.1,80.0,1004.6,AWS005,Kolkata,22.5726,88.3639,False,18,4,9
2026-09-04 19:00:00,28.6,83.0,1005.2,AWS005,Kolkata,22.5726,88.3639,False,19,4,9
2026-09-04 20:00:00,28.3,85.0,1006.0,AWS005,Kolkata,22.5726,88.3639,False,20,4,9
2026-09-04 21:00:00,28.0,86.0,1006.7,AWS005,Kolkata,22.5726,88.3639,False,21,4,9
2026-09-04 22:00:00,27.8,87.0,1006.7,AWS005,Kolkata,22.5726,88.3639,False,22,4,9
2026-09-04 23:00:00,28.1,85.0,1006.4,AWS005,Kolkata,22.5726,88.3639,False,23,4,9
2026-09-05 00:00:00,27.6,87.0,1006.1,AWS005,Kolkata,22.5726,88.3639,False,0,5,9
2026-09-05 01:00:00,27.4,88.0,1005.9,AWS005,Kolkata,22.5726,88.3639,False,1,5,9
2026-09-05 02:00:00,27.1,89.0,1005.5,AWS005,Kolkata,22.5726,88.3639,False,2,5,9
2026-09-05 03:00:00,27.1,88.0,1005.4,AWS005,Kolkata,22.5726,88.3639,False,3,5,9
2026-09-05 04:00:00,27.0,88.0,1005.5,AWS005,Kolkata,22.5726,88.3639,False,4,5,9
2026-09-05 05:00:00,27.1,92.0,1005.9,AWS005,Kolkata,22.5726,88.3639,False,5,5,9
2026-09-05 06:00:00,27.2,93.0,1006.8,AWS005,Kolkata,22.5726,88.3639,False,6,5,9
2026-09-05 07:00:00,28.4,89.0,1007.3,AWS005,Kolkata,22.5726,88.3639,False,7,5,9
2026-09-05 08:00:00,29.7,83.0,1007.4,AWS005,Kolkata,22.5726,88.3639,False,8,5,9
2026-09-05 09:00:00,30.8,79.0,1007.6,AWS005,Kolkata,22.5726,88.3639,False,9,5,9
2026-09-05 10:00:00,31.4,78.0,1007.1,AWS005,Kolkata,22.5726,88.3639,False,10,5,9
2026-09-05 11:00:00,30.4,76.0,1006.6,AWS005,Kolkata,22.5726,88.3639,False,11,5,9
2026-09-05 12:00:00,27.6,89.0,1006.7,AWS005,Kolkata,22.5726,88.3639,False,12,5,9
2026-09-05 13:00:00,28.3,85.0,1005.2,AWS005,Kolkata,22.5726,88.3639,False,13,5,9
2026-09-05 14:00:00,29.6,82.0,1004.1,AWS005,Kolkata,22.5726,88.3639,False,14,5,9
2026-09-05 15:00:00,30.6,77.0,1003.6,AWS005,Kolkata,22.5726,88.3639,False,15,5,9
2026-09-05 16:00:00,28.9,84.0,1003.5,AWS005,Kolkata,22.5726,88.3639,False,16,5,9
2026-09-05 17:00:00,30.6,77.0,1004.3,AWS005,Kolkata,22.5726,88.3639,False,17,5,9
2026-09-05 18:00:00,29.4,84.0,1005.0,AWS005,Kolkata,22.5726,88.3639,False,18,5,9
2026-09-05 19:00:00,29.2,87.0,1006.0,AWS005,Kolkata,22.5726,88.3639,False,19,5,9
2026-09-05 20:00:00,28.9,88.0,1006.5,AWS005,Kolkata,22.5726,88.3639,False,20,5,9
2026-09-05 21:00:00,28.8,87.0,1006.9,AWS005,Kolkata,22.5726,88.3639,False,21,5,9
2026-09-05 22:00:00,28.6,84.0,1007.2,AWS005,Kolkata,22.5726,88.3639,False,22,5,9
2026-09-05 23:00:00,28.8,84.0,1006.7,AWS005,Kolkata,22.5726,88.3639,False,23,5,9
2026-09-06 00:00:00,28.3,86.0,1006.0,AWS005,Kolkata,22.5726,88.3639,False,0,6,9
2026-09-06 01:00:00,27.8,87.0,1006.2,AWS005,Kolkata,22.5726,88.3639,False,1,6,9
2026-09-06 02:00:00,27.4,90.0,1005.8,AWS005,Kolkata,22.5726,88.3639,False,2,6,9
2026-09-06 03:00:00,26.9,92.0,1005.7,AWS005,Kolkata,22.5726,88.3639,False,3,6,9
2026-09-06 04:00:00,26.2,94.0,1006.0,AWS005,Kolkata,22.5726,88.3639,False,4,6,9
2026-09-06 05:00:00,28.4,91.0,1006.0,AWS005,Kolkata,22.5726,88.3639,False,5,6,9
2026-09-06 06:00:00,28.7,91.0,1006.5,AWS005,Kolkata,22.5726,88.3639,False,6,6,9
2026-09-06 07:00:00,29.7,87.0,1007.4,AWS005,Kolkata,22.5726,88.3639,False,7,6,9
2026-09-06 08:00:00,30.0,85.0,1007.5,AWS005,Kolkata,22.5726,88.3639,False,8,6,9
2026-09-06 09:00:00,31.0,79.0,1007.6,AWS005,Kolkata,22.5726,88.3639,False,9,6,9
2026-09-06 10:00:00,31.6,74.0,1007.1,AWS005,Kolkata,22.5726,88.3639,False,10,6,9
2026-09-06 11:00:00,32.4,63.0,1007.0,AWS005,Kolkata,22.5726,88.3639,False,11,6,9
2026-09-06 12:00:00,32.8,60.0,1006.1,AWS005,Kolkata,22.5726,88.3639,False,12,6,9
2026-09-06 13:00:00,31.9,62.0,1004.9,AWS005,Kolkata,22.5726,88.3639,False,13,6,9
2026-09-06 14:00:00,30.7,73.0,1004.1,AWS005,Kolkata,22.5726,88.3639,False,14,6,9
2026-09-06 15:00:00,30.8,75.0,1003.7,AWS005,Kolkata,22.5726,88.3639,False,15,6,9
2026-09-06 16:00:00,30.5,77.0,1003.3,AWS005,Kolkata,22.5726,88.3639,False,16,6,9
2026-09-06 17:00:00,30.3,81.0,1004.6,AWS005,Kolkata,22.5726,88.3639,False,17,6,9
2026-09-06 18:00:00,29.6,85.0,1005.4,AWS005,Kolkata,22.5726,88.3639,False,18,6,9
2026-09-06 19:00:00,29.5,88.0,1006.2,AWS005,Kolkata,22.5726,88.3639,False,19,6,9
2026-09-06 20:00:00,29.5,85.0,1006.9,AWS005,Kolkata,22.5726,88.3639,False,20,6,9
2026-09-06 21:00:00,28.8,84.0,1007.3,AWS005,Kolkata,22.5726,88.3639,False,21,6,9
2026-09-06 22:00:00,28.3,88.0,1007.1,AWS005,Kolkata,22.5726,88.3639,False,22,6,9
2026-09-06 23:00:00,28.2,90.0,1006.7,AWS005,Kolkata,22.5726,88.3639,False,23,6,9
2026-07-09 00:00:00,26.7,85.0,950.4,AWS006,Jaipur,26.9124,75.7873,False,0,3,7
2026-07-09 01:00:00,26.5,84.0,950.0,AWS006,Jaipur,26.9124,75.7873,False,1,3,7
2026-07-09 02:00:00,26.4,84.0,949.9,AWS006,Jaipur,26.9124,75.7873,False,2,3,7
2026-07-09 03:00:00,26.4,84.0,950.1,AWS006,Jaipur,26.9124,75.7873,False,3,3,7
2026-07-09 04:00:00,26.2,87.0,950.3,AWS006,Jaipur,26.9124,75.7873,False,4,3,7
2026-07-09 05:00:00,26.4,84.0,950.2,AWS006,Jaipur,26.9124,75.7873,False,5,3,7
2026-07-09 06:00:00,26.6,83.0,950.5,AWS006,Jaipur,26.9124,75.7873,False,6,3,7
2026-07-09 07:00:00,27.6,80.0,951.5,AWS006,Jaipur,26.9124,75.7873,False,7,3,7
2026-07-09 08:00:00,29.0,74.0,952.1,AWS006,Jaipur,26.9124,75.7873,False,8,3,7
2026-07-09 09:00:00,30.3,68.0,952.5,AWS006,Jaipur,26.9124,75.7873,False,9,3,7
2026-07-09 10:00:00,31.6,63.0,952.8,AWS006,Jaipur,26.9124,75.7873,False,10,3,7
2026-07-09 11:00:00,31.8,60.0,953.3,AWS006,Jaipur,26.9124,75.7873,False,11,3,7
2026-07-09 12:00:00,32.2,63.0,953.2,AWS006,Jaipur,26.9124,75.7873,False,12,3,7
2026-07-09 13:00:00,32.8,61.0,952.4,AWS006,Jaipur,26.9124,75.7873,False,13,3,7
2026-07-09 14:00:00,33.1,59.0,951.8,AWS006,Jaipur,26.9124,75.7873,False,14,3,7
2026-07-09 15:00:00,33.5,56.0,951.5,AWS006,Jaipur,26.9124,75.7873,False,15,3,7
2026-07-09 16:00:00,32.9,56.0,951.0,AWS006,Jaipur,26.9124,75.7873,False,16,3,7
2026-07-09 17:00:00,32.7,56.0,951.8,AWS006,Jaipur,26.9124,75.7873,False,17,3,7
2026-07-09 18:00:00,29.9,70.0,952.0,AWS006,Jaipur,26.9124,75.7873,False,18,3,7
2026-07-09 19:00:00,29.1,73.0,952.1,AWS006,Jaipur,26.9124,75.7873,False,19,3,7
2026-07-09 20:00:00,28.6,76.0,952.8,AWS006,Jaipur,26.9124,75.7873,False,20,3,7
2026-07-09 21:00:00,28.3,78.0,953.5,AWS006,Jaipur,26.9124,75.7873,False,21,3,7
2026-07-09 22:00:00,28.1,79.0,953.8,AWS006,Jaipur,26.9124,75.7873,False,22,3,7
2026-07-09 23:00:00,28.2,80.0,953.9,AWS006,Jaipur,26.9124,75.7873,False,23,3,7
2026-07-10 00:00:00,27.9,81.0,953.3,AWS006,Jaipur,26.9124,75.7873,False,0,4,7
2026-07-10 01:00:00,27.7,83.0,952.7,AWS006,Jaipur,26.9124,75.7873,False,1,4,7
2026-07-10 02:00:00,27.4,83.0,952.6,AWS006,Jaipur,26.9124,75.7873,False,2,4,7
2026-07-10 03:00:00,27.2,82.0,952.3,AWS006,Jaipur,26.9124,75.7873,False,3,4,7
2026-07-10 04:00:00,27.1,80.0,952.6,AWS006,Jaipur,26.9124,75.7873,False,4,4,7
2026-07-10 05:00:00,27.7,76.0,952.7,AWS006,Jaipur,26.9124,75.7873,False,5,4,7
2026-07-10 06:00:00,28.0,75.0,953.4,AWS006,Jaipur,26.9124,75.7873,False,6,4,7
2026-07-10 07:00:00,28.9,73.0,954.2,AWS006,Jaipur,26.9124,75.7873,False,7,4,7
2026-07-10 08:00:00,29.9,70.0,954.5,AWS006,Jaipur,26.9124,75.7873,False,8,4,7
2026-07-10 09:00:00,31.1,67.0,954.9,AWS006,Jaipur,26.9124,75.7873,False,9,4,7
2026-07-10 10:00:00,32.2,64.0,954.8,AWS006,Jaipur,26.9124,75.7873,False,10,4,7
2026-07-10 11:00:00,32.7,60.0,954.8,AWS006,Jaipur,26.9124,75.7873,False,11,4,7
2026-07-10 12:00:00,33.4,56.0,954.7,AWS006,Jaipur,26.9124,75.7873,False,12,4,7
2026-07-10 13:00:00,33.9,55.0,954.1,AWS006,Jaipur,26.9124,75.7873,False,13,4,7
2026-07-10 14:00:00,34.0,54.0,953.5,AWS006,Jaipur,26.9124,75.7873,False,14,4,7
2026-07-10 15:00:00,34.1,52.0,953.0,AWS006,Jaipur,26.9124,75.7873,False,15,4,7
2026-07-10 16:00:00,33.8,52.0,952.3,AWS006,Jaipur,26.9124,75.7873,False,16,4,7
2026-07-10 17:00:00,33.1,54.0,951.8,AWS006,Jaipur,26.9124,75.7873,False,17,4,7
2026-07-10 18:00:00,31.9,58.0,952.0,AWS006,Jaipur,26.9124,75.7873,False,18,4,7
2026-07-10 19:00:00,30.6,62.0,952.4,AWS006,Jaipur,26.9124,75.7873,False,19,4,7
2026-07-10 20:00:00,29.9,65.0,953.2,AWS006,Jaipur,26.9124,75.7873,False,20,4,7
2026-07-10 21:00:00,29.6,66.0,953.8,AWS006,Jaipur,26.9124,75.7873,False,21,4,7
2026-07-10 22:00:00,29.2,67.0,954.1,AWS006,Jaipur,26.9124,75.7873,False,22,4,7
2026-07-10 23:00:00,28.9,67.0,953.6,AWS006,Jaipur,26.9124,75.7873,False,23,4,7
2026-07-11 00:00:00,28.4,67.0,953.1,AWS006,Jaipur,26.9124,75.7873,False,0,5,7
2026-07-11 01:00:00,28.0,67.0,952.4,AWS006,Jaipur,26.9124,75.7873,False,1,5,7
2026-07-11 02:00:00,27.6,69.0,952.0,AWS006,Jaipur,26.9124,75.7873,False,2,5,7
2026-07-11 03:00:00,27.3,71.0,951.8,AWS006,Jaipur,26.9124,75.7873,False,3,5,7
2026-07-11 04:00:00,27.1,72.0,952.0,AWS006,Jaipur,26.9124,75.7873,False,4,5,7
2026-07-11 05:00:00,26.8,75.0,952.3,AWS006,Jaipur,26.9124,75.7873,False,5,5,7
2026-07-11 06:00:00,26.7,76.0,952.8,AWS006,Jaipur,26.9124,75.7873,False,6,5,7
2026-07-11 07:00:00,27.3,74.0,953.0,AWS006,Jaipur,26.9124,75.7873,False,7,5,7
2026-07-11 08:00:00,28.2,70.0,953.5,AWS006,Jaipur,26.9124,75.7873,False,8,5,7
2026-07-11 09:00:00,29.3,65.0,953.7,AWS006,Jaipur,26.9124,75.7873,False,9,5,7
2026-07-11 10:00:00,30.4,61.0,953.9,AWS006,Jaipur,26.9124,75.7873,False,10,5,7
2026-07-11 11:00:00,31.2,58.0,953.7,AWS006,Jaipur,26.9124,75.7873,False,11,5,7
2026-07-11 12:00:00,31.8,57.0,953.4,AWS006,Jaipur,26.9124,75.7873,False,12,5,7
2026-07-11 13:00:00,32.4,56.0,952.7,AWS006,Jaipur,26.9124,75.7873,False,13,5,7
2026-07-11 14:00:00,32.9,54.0,951.8,AWS006,Jaipur,26.9124,75.7873,False,14,5,7
2026-07-11 15:00:00,33.0,54.0,951.3,AWS006,Jaipur,26.9124,75.7873,False,15,5,7
2026-07-11 16:00:00,32.8,54.0,950.8,AWS006,Jaipur,26.9124,75.7873,False,16,5,7
2026-07-11 17:00:00,32.8,55.0,950.5,AWS006,Jaipur,26.9124,75.7873,False,17,5,7
2026-07-11 18:00:00,31.9,60.0,950.8,AWS006,Jaipur,26.9124,75.7873,False,18,5,7
2026-07-11 19:00:00,30.8,64.0,950.9,AWS006,Jaipur,26.9124,75.7873,False,19,5,7
2026-07-11 20:00:00,30.2,66.0,951.3,AWS006,Jaipur,26.9124,75.7873,False,20,5,7
2026-07-11 21:00:00,30.0,66.0,952.0,AWS006,Jaipur,26.9124,75.7873,False,21,5,7
2026-07-11 22:00:00,29.8,66.0,952.3,AWS006,Jaipur,26.9124,75.7873,False,22,5,7
2026-07-11 23:00:00,29.5,67.0,952.1,AWS006,Jaipur,26.9124,75.7873,False,23,5,7
2026-07-12 00:00:00,28.8,70.0,951.9,AWS006,Jaipur,26.9124,75.7873,False,0,6,7
2026-07-12 01:00:00,28.4,71.0,951.1,AWS006,Jaipur,26.9124,75.7873,False,1,6,7
2026-07-12 02:00:00,28.1,71.0,950.6,AWS006,Jaipur,26.9124,75.7873,False,2,6,7
2026-07-12 03:00:00,27.7,72.0,949.9,AWS006,Jaipur,26.9124,75.7873,False,3,6,7
2026-07-12 04:00:00,27.5,72.0,949.8,AWS006,Jaipur,26.9124,75.7873,False,4,6,7
2026-07-12 05:00:00,26.9,76.0,950.2,AWS006,Jaipur,26.9124,75.7873,False,5,6,7
2026-07-12 06:00:00,26.8,78.0,950.8,AWS006,Jaipur,26.9124,75.7873,False,6,6,7
2026-07-12 07:00:00,27.3,75.0,951.1,AWS006,Jaipur,26.9124,75.7873,False,7,6,7
2026-07-12 08:00:00,28.1,72.0,951.5,AWS006,Jaipur,26.9124,75.7873,False,8,6,7
2026-07-12 09:00:00,29.2,67.0,951.9,AWS006,Jaipur,26.9124,75.7873,False,9,6,7
2026-07-12 10:00:00,30.5,61.0,952.1,AWS006,Jaipur,26.9124,75.7873,False,10,6,7
2026-07-12 11:00:00,31.9,55.0,951.9,AWS006,Jaipur,26.9124,75.7873,False,11,6,7
2026-07-12 12:00:00,32.8,51.0,952.0,AWS006,Jaipur,26.9124,75.7873,False,12,6,7
2026-07-12 13:00:00,33.5,49.0,951.3,AWS006,Jaipur,26.9124,75.7873,False,13,6,7
2026-07-12 14:00:00,33.9,48.0,950.7,AWS006,Jaipur,26.9124,75.7873,False,14,6,7
2026-07-12 15:00:00,33.9,48.0,950.6,AWS006,Jaipur,26.9124,75.7873,False,15,6,7
2026-07-12 16:00:00,33.9,48.0,950.5,AWS006,Jaipur,26.9124,75.7873,False,16,6,7
2026-07-12 17:00:00,33.8,50.0,950.3,AWS006,Jaipur,26.9124,75.7873,False,17,6,7
2026-07-12 18:00:00,33.0,56.0,950.5,AWS006,Jaipur,26.9124,75.7873,False,18,6,7
2026-07-12 19:00:00,31.5,60.0,950.7,AWS006,Jaipur,26.9124,75.7873,False,19,6,7
2026-07-12 20:00:00,30.8,62.0,951.2,AWS006,Jaipur,26.9124,75.7873,False,20,6,7
2026-07-12 21:00:00,30.2,63.0,951.9,AWS006,Jaipur,26.9124,75.7873,False,21,6,7
2026-07-12 22:00:00,29.8,64.0,952.1,AWS006,Jaipur,26.9124,75.7873,False,22,6,7
2026-07-12 23:00:00,29.7,64.0,951.9,AWS006,Jaipur,26.9124,75.7873,False,23,6,7
2026-07-13 00:00:00,29.5,64.0,951.8,AWS006,Jaipur,26.9124,75.7873,False,0,0,7
2026-07-13 01:00:00,29.1,65.0,951.5,AWS006,Jaipur,26.9124,75.7873,False,1,0,7
2026-07-13 02:00:00,28.9,64.0,951.2,AWS006,Jaipur,26.9124,75.7873,False,2,0,7
2026-07-13 03:00:00,28.4,67.0,950.7,AWS006,Jaipur,26.9124,75.7873,False,3,0,7
2026-07-13 04:00:00,27.9,69.0,950.8,AWS006,Jaipur,26.9124,75.7873,False,4,0,7
2026-07-13 05:00:00,27.8,71.0,951.3,AWS006,Jaipur,26.9124,75.7873,False,5,0,7
2026-07-13 06:00:00,27.7,72.0,951.9,AWS006,Jaipur,26.9124,75.7873,False,6,0,7
2026-07-13 07:00:00,28.4,70.0,952.6,AWS006,Jaipur,26.9124,75.7873,False,7,0,7
2026-07-13 08:00:00,29.3,67.0,953.3,AWS006,Jaipur,26.9124,75.7873,False,8,0,7
2026-07-13 09:00:00,30.9,61.0,953.5,AWS006,Jaipur,26.9124,75.7873,False,9,0,7
2026-07-13 10:00:00,31.8,59.0,953.7,AWS006,Jaipur,26.9124,75.7873,False,10,0,7
2026-07-13 11:00:00,32.2,58.0,953.8,AWS006,Jaipur,26.9124,75.7873,False,11,0,7
2026-07-13 12:00:00,32.6,57.0,953.8,AWS006,Jaipur,26.9124,75.7873,False,12,0,7
2026-07-13 13:00:00,33.5,53.0,953.1,AWS006,Jaipur,26.9124,75.7873,False,13,0,7
2026-07-13 14:00:00,34.0,52.0,952.7,AWS006,Jaipur,26.9124,75.7873,False,14,0,7
2026-07-13 15:00:00,34.1,52.0,952.3,AWS006,Jaipur,26.9124,75.7873,False,15,0,7
2026-07-13 16:00:00,34.0,51.0,951.8,AWS006,Jaipur,26.9124,75.7873,False,16,0,7
2026-07-13 17:00:00,34.4,47.0,951.5,AWS006,Jaipur,26.9124,75.7873,False,17,0,7
2026-07-13 18:00:00,33.5,52.0,951.7,AWS006,Jaipur,26.9124,75.7873,False,18,0,7
2026-07-13 19:00:00,32.0,59.0,952.2,AWS006,Jaipur,26.9124,75.7873,False,19,0,7
2026-07-13 20:00:00,31.4,59.0,952.6,AWS006,Jaipur,26.9124,75.7873,False,20,0,7
2026-07-13 21:00:00,31.2,59.0,953.2,AWS006,Jaipur,26.9124,75.7873,False,21,0,7
2026-07-13 22:00:00,31.0,58.0,953.9,AWS006,Jaipur,26.9124,75.7873,False,22,0,7
2026-07-13 23:00:00,30.5,61.0,953.8,AWS006,Jaipur,26.9124,75.7873,False,23,0,7
2026-07-14 00:00:00,30.0,62.0,953.7,AWS006,Jaipur,26.9124,75.7873,False,0,1,7
2026-07-14 01:00:00,29.3,63.0,952.9,AWS006,Jaipur,26.9124,75.7873,False,1,1,7
2026-07-14 02:00:00,28.8,64.0,952.7,AWS006,Jaipur,26.9124,75.7873,False,2,1,7
2026-07-14 03:00:00,28.4,65.0,952.5,AWS006,Jaipur,26.9124,75.7873,False,3,1,7
2026-07-14 04:00:00,27.9,67.0,952.7,AWS006,Jaipur,26.9124,75.7873,False,4,1,7
2026-07-14 05:00:00,28.7,66.0,952.9,AWS006,Jaipur,26.9124,75.7873,False,5,1,7
2026-07-14 06:00:00,28.8,65.0,953.6,AWS006,Jaipur,26.9124,75.7873,False,6,1,7
2026-07-14 07:00:00,29.3,62.0,954.1,AWS006,Jaipur,26.9124,75.7873,False,7,1,7
2026-07-14 08:00:00,29.9,61.0,954.5,AWS006,Jaipur,26.9124,75.7873,False,8,1,7
2026-07-14 09:00:00,30.8,60.0,955.3,AWS006,Jaipur,26.9124,75.7873,False,9,1,7
2026-07-14 10:00:00,32.4,54.0,955.6,AWS006,Jaipur,26.9124,75.7873,False,10,1,7
2026-07-14 11:00:00,33.3,51.0,956.1,AWS006,Jaipur,26.9124,75.7873,False,11,1,7
2026-07-14 12:00:00,33.8,49.0,955.6,AWS006,Jaipur,26.9124,75.7873,False,12,1,7
2026-07-14 13:00:00,34.2,48.0,955.1,AWS006,Jaipur,26.9124,75.7873,False,13,1,7
2026-07-14 14:00:00,34.6,47.0,954.6,AWS006,Jaipur,26.9124,75.7873,False,14,1,7
2026-07-14 15:00:00,34.5,48.0,954.0,AWS006,Jaipur,26.9124,75.7873,False,15,1,7
2026-07-14 16:00:00,34.3,48.0,953.8,AWS006,Jaipur,26.9124,75.7873,False,16,1,7
2026-07-14 17:00:00,33.8,46.0,953.6,AWS006,Jaipur,26.9124,75.7873,False,17,1,7
2026-07-14 18:00:00,33.1,47.0,953.6,AWS006,Jaipur,26.9124,75.7873,False,18,1,7
2026-07-14 19:00:00,32.2,51.0,954.1,AWS006,Jaipur,26.9124,75.7873,False,19,1,7
2026-07-14 20:00:00,31.5,53.0,954.6,AWS006,Jaipur,26.9124,75.7873,False,20,1,7
2026-07-14 21:00:00,30.8,55.0,955.3,AWS006,Jaipur,26.9124,75.7873,False,21,1,7
2026-07-14 22:00:00,30.4,56.0,955.8,AWS006,Jaipur,26.9124,75.7873,False,22,1,7
2026-07-14 23:00:00,30.7,56.0,955.3,AWS006,Jaipur,26.9124,75.7873,False,23,1,7
2026-07-15 00:00:00,30.4,57.0,955.1,AWS006,Jaipur,26.9124,75.7873,False,0,2,7
2026-07-15 01:00:00,30.1,56.0,955.0,AWS006,Jaipur,26.9124,75.7873,False,1,2,7
2026-07-15 02:00:00,29.8,56.0,954.8,AWS006,Jaipur,26.9124,75.7873,False,2,2,7
2026-07-15 03:00:00,29.1,58.0,954.4,AWS006,Jaipur,26.9124,75.7873,False,3,2,7
2026-07-15 04:00:00,28.6,61.0,954.5,AWS006,Jaipur,26.9124,75.7873,False,4,2,7
2026-07-15 05:00:00,29.1,58.0,954.7,AWS006,Jaipur,26.9124,75.7873,False,5,2,7
2026-07-15 06:00:00,28.9,60.0,955.2,AWS006,Jaipur,26.9124,75.7873,False,6,2,7
2026-07-15 07:00:00,29.5,60.0,955.8,AWS006,Jaipur,26.9124,75.7873,False,7,2,7
2026-07-15 08:00:00,30.4,58.0,956.5,AWS006,Jaipur,26.9124,75.7873,False,8,2,7
2026-07-15 09:00:00,31.5,54.0,957.1,AWS006,Jaipur,26.9124,75.7873,False,9,2,7
2026-07-15 10:00:00,31.9,53.0,957.5,AWS006,Jaipur,26.9124,75.7873,False,10,2,7
2026-07-15 11:00:00,33.6,48.0,957.7,AWS006,Jaipur,26.9124,75.7873,False,11,2,7
2026-07-15 12:00:00,34.1,47.0,957.5,AWS006,Jaipur,26.9124,75.7873,False,12,2,7
2026-07-15 13:00:00,34.7,45.0,956.8,AWS006,Jaipur,26.9124,75.7873,False,13,2,7
2026-07-15 14:00:00,34.8,44.0,956.3,AWS006,Jaipur,26.9124,75.7873,False,14,2,7
2026-07-15 15:00:00,34.6,44.0,955.7,AWS006,Jaipur,26.9124,75.7873,False,15,2,7
2026-07-15 16:00:00,34.1,46.0,955.3,AWS006,Jaipur,26.9124,75.7873,False,16,2,7
2026-07-15 17:00:00,33.8,44.0,954.6,AWS006,Jaipur,26.9124,75.7873,False,17,2,7
2026-07-15 18:00:00,33.0,47.0,955.0,AWS006,Jaipur,26.9124,75.7873,False,18,2,7
2026-07-15 19:00:00,32.2,51.0,955.4,AWS006,Jaipur,26.9124,75.7873,False,19,2,7
2026-07-15 20:00:00,31.5,55.0,955.8,AWS006,Jaipur,26.9124,75.7873,False,20,2,7
2026-07-15 21:00:00,31.1,55.0,956.4,AWS006,Jaipur,26.9124,75.7873,False,21,2,7
2026-07-15 22:00:00,30.7,54.0,956.8,AWS006,Jaipur,26.9124,75.7873,False,22,2,7
2026-07-15 23:00:00,31.2,53.0,956.6,AWS006,Jaipur,26.9124,75.7873,False,23,2,7
2026-07-16 00:00:00,30.6,56.0,956.5,AWS006,Jaipur,26.9124,75.7873,False,0,3,7
2026-07-16 01:00:00,30.4,58.0,955.9,AWS006,Jaipur,26.9124,75.7873,False,1,3,7
2026-07-16 02:00:00,30.2,57.0,955.9,AWS006,Jaipur,26.9124,75.7873,False,2,3,7
2026-07-16 03:00:00,29.7,57.0,955.9,AWS006,Jaipur,26.9124,75.7873,False,3,3,7
2026-07-16 04:00:00,29.3,58.0,955.8,AWS006,Jaipur,26.9124,75.7873,False,4,3,7
2026-07-16 05:00:00,29.1,60.0,956.1,AWS006,Jaipur,26.9124,75.7873,False,5,3,7
2026-07-16 06:00:00,29.1,60.0,956.8,AWS006,Jaipur,26.9124,75.7873,False,6,3,7
2026-07-16 07:00:00,29.8,60.0,957.2,AWS006,Jaipur,26.9124,75.7873,False,7,3,7
2026-07-16 08:00:00,30.7,58.0,957.7,AWS006,Jaipur,26.9124,75.7873,False,8,3,7
2026-07-16 09:00:00,32.1,53.0,958.1,AWS006,Jaipur,26.9124,75.7873,False,9,3,7
2026-07-16 10:00:00,33.5,47.0,958.2,AWS006,Jaipur,26.9124,75.7873,False,10,3,7
2026-07-16 11:00:00,35.1,43.0,958.0,AWS006,Jaipur,26.9124,75.7873,False,11,3,7
2026-07-16 12:00:00,35.6,42.0,957.7,AWS006,Jaipur,26.9124,75.7873,False,12,3,7
2026-07-16 13:00:00,36.2,40.0,957.1,AWS006,Jaipur,26.9124,75.7873,False,13,3,7
2026-07-16 14:00:00,36.1,40.0,956.3,AWS006,Jaipur,26.9124,75.7873,False,14,3,7
2026-07-16 15:00:00,35.8,41.0,955.6,AWS006,Jaipur,26.9124,75.7873,False,15,3,7
2026-07-16 16:00:00,35.4,42.0,955.0,AWS006,Jaipur,26.9124,75.7873,False,16,3,7
2026-07-16 17:00:00,35.7,37.0,954.5,AWS006,Jaipur,26.9124,75.7873,False,17,3,7
2026-07-16 18:00:00,35.0,37.0,954.8,AWS006,Jaipur,26.9124,75.7873,False,18,3,7
2026-07-16 19:00:00,34.5,38.0,955.4,AWS006,Jaipur,26.9124,75.7873,False,19,3,7
2026-07-16 20:00:00,33.6,43.0,955.6,AWS006,Jaipur,26.9124,75.7873,False,20,3,7
2026-07-16 21:00:00,33.0,43.0,956.2,AWS006,Jaipur,26.9124,75.7873,False,21,3,7
2026-07-16 22:00:00,32.3,45.0,956.4,AWS006,Jaipur,26.9124,75.7873,False,22,3,7
2026-07-16 23:00:00,32.3,47.0,955.7,AWS006,Jaipur,26.9124,75.7873,False,23,3,7
2026-07-17 00:00:00,31.3,52.0,955.5,AWS006,Jaipur,26.9124,75.7873,False,0,4,7
2026-07-17 01:00:00,31.0,54.0,955.3,AWS006,Jaipur,26.9124,75.7873,False,1,4,7
2026-07-17 02:00:00,30.7,53.0,955.0,AWS006,Jaipur,26.9124,75.7873,False,2,4,7
2026-07-17 03:00:00,30.4,53.0,954.9,AWS006,Jaipur,26.9124,75.7873,False,3,4,7
2026-07-17 04:00:00,30.1,55.0,955.1,AWS006,Jaipur,26.9124,75.7873,False,4,4,7
2026-07-17 05:00:00,29.8,56.0,955.2,AWS006,Jaipur,26.9124,75.7873,False,5,4,7
2026-07-17 06:00:00,29.6,57.0,955.9,AWS006,Jaipur,26.9124,75.7873,False,6,4,7
2026-07-17 07:00:00,30.2,55.0,956.5,AWS006,Jaipur,26.9124,75.7873,False,7,4,7
2026-07-17 08:00:00,31.1,53.0,956.9,AWS006,Jaipur,26.9124,75.7873,False,8,4,7
2026-07-17 09:00:00,32.3,50.0,957.2,AWS006,Jaipur,26.9124,75.7873,False,9,4,7
2026-07-17 10:00:00,33.6,47.0,957.5,AWS006,Jaipur,26.9124,75.7873,False,10,4,7
2026-07-17 11:00:00,34.8,44.0,957.3,AWS006,Jaipur,26.9124,75.7873,False,11,4,7
2026-07-17 12:00:00,35.7,41.0,957.1,AWS006,Jaipur,26.9124,75.7873,False,12,4,7
2026-07-17 13:00:00,36.7,39.0,956.5,AWS006,Jaipur,26.9124,75.7873,False,13,4,7
2026-07-17 14:00:00,37.0,38.0,955.4,AWS006,Jaipur,26.9124,75.7873,False,14,4,7
2026-07-17 15:00:00,36.8,39.0,954.7,AWS006,Jaipur,26.9124,75.7873,False,15,4,7
2026-07-17 16:00:00,35.9,41.0,954.2,AWS006,Jaipur,26.9124,75.7873,False,16,4,7
2026-07-17 17:00:00,35.7,40.0,954.1,AWS006,Jaipur,26.9124,75.7873,False,17,4,7
2026-07-17 18:00:00,34.9,42.0,954.2,AWS006,Jaipur,26.9124,75.7873,False,18,4,7
2026-07-17 19:00:00,34.4,43.0,954.7,AWS006,Jaipur,26.9124,75.7873,False,19,4,7
2026-07-17 20:00:00,34.1,43.0,955.5,AWS006,Jaipur,26.9124,75.7873,False,20,4,7
2026-07-17 21:00:00,33.4,46.0,956.2,AWS006,Jaipur,26.9124,75.7873,False,21,4,7
2026-07-17 22:00:00,32.9,50.0,956.2,AWS006,Jaipur,26.9124,75.7873,False,22,4,7
2026-07-17 23:00:00,32.8,49.0,955.7,AWS006,Jaipur,26.9124,75.7873,False,23,4,7
2026-07-18 00:00:00,32.2,49.0,955.1,AWS006,Jaipur,26.9124,75.7873,False,0,5,7
2026-07-18 01:00:00,31.8,49.0,955.1,AWS006,Jaipur,26.9124,75.7873,False,1,5,7
2026-07-18 02:00:00,31.0,52.0,954.9,AWS006,Jaipur,26.9124,75.7873,False,2,5,7
2026-07-18 03:00:00,30.4,55.0,954.7,AWS006,Jaipur,26.9124,75.7873,False,3,5,7
2026-07-18 04:00:00,30.0,56.0,954.7,AWS006,Jaipur,26.9124,75.7873,False,4,5,7
2026-07-18 05:00:00,29.8,58.0,954.9,AWS006,Jaipur,26.9124,75.7873,False,5,5,7
2026-07-18 06:00:00,29.6,59.0,955.5,AWS006,Jaipur,26.9124,75.7873,False,6,5,7
2026-07-18 07:00:00,30.3,57.0,956.0,AWS006,Jaipur,26.9124,75.7873,False,7,5,7
2026-07-18 08:00:00,31.5,53.0,956.3,AWS006,Jaipur,26.9124,75.7873,False,8,5,7
2026-07-18 09:00:00,32.8,49.0,956.6,AWS006,Jaipur,26.9124,75.7873,False,9,5,7
2026-07-18 10:00:00,34.0,46.0,956.6,AWS006,Jaipur,26.9124,75.7873,False,10,5,7
2026-07-18 11:00:00,35.8,40.0,956.3,AWS006,Jaipur,26.9124,75.7873,False,11,5,7
2026-07-18 12:00:00,36.1,39.0,955.8,AWS006,Jaipur,26.9124,75.7873,False,12,5,7
2026-07-18 13:00:00,36.2,39.0,955.1,AWS006,Jaipur,26.9124,75.7873,False,13,5,7
2026-07-18 14:00:00,36.6,39.0,954.5,AWS006,Jaipur,26.9124,75.7873,False,14,5,7
2026-07-18 15:00:00,36.2,41.0,953.9,AWS006,Jaipur,26.9124,75.7873,False,15,5,7
2026-07-18 16:00:00,35.9,42.0,953.3,AWS006,Jaipur,26.9124,75.7873,False,16,5,7
2026-07-18 17:00:00,36.2,38.0,953.3,AWS006,Jaipur,26.9124,75.7873,False,17,5,7
2026-07-18 18:00:00,35.4,40.0,953.9,AWS006,Jaipur,26.9124,75.7873,False,18,5,7
2026-07-18 19:00:00,34.7,42.0,954.6,AWS006,Jaipur,26.9124,75.7873,False,19,5,7
2026-07-18 20:00:00,34.1,45.0,954.8,AWS006,Jaipur,26.9124,75.7873,False,20,5,7
2026-07-18 21:00:00,33.5,49.0,955.3,AWS006,Jaipur,26.9124,75.7873,False,21,5,7
2026-07-18 22:00:00,32.9,52.0,955.7,AWS006,Jaipur,26.9124,75.7873,False,22,5,7
2026-07-18 23:00:00,32.9,51.0,955.3,AWS006,Jaipur,26.9124,75.7873,False,23,5,7
2026-07-19 00:00:00,32.4,51.0,955.2,AWS006,Jaipur,26.9124,75.7873,False,0,6,7
2026-07-19 01:00:00,32.1,52.0,954.7,AWS006,Jaipur,26.9124,75.7873,False,1,6,7
2026-07-19 02:00:00,31.6,55.0,954.4,AWS006,Jaipur,26.9124,75.7873,False,2,6,7
2026-07-19 03:00:00,31.2,58.0,954.3,AWS006,Jaipur,26.9124,75.7873,False,3,6,7
2026-07-19 04:00:00,30.9,58.0,954.6,AWS006,Jaipur,26.9124,75.7873,False,4,6,7
2026-07-19 05:00:00,31.2,57.0,954.6,AWS006,Jaipur,26.9124,75.7873,False,5,6,7
2026-07-19 06:00:00,30.9,58.0,955.1,AWS006,Jaipur,26.9124,75.7873,False,6,6,7
2026-07-19 07:00:00,31.2,55.0,955.4,AWS006,Jaipur,26.9124,75.7873,False,7,6,7
2026-07-19 08:00:00,31.7,53.0,955.8,AWS006,Jaipur,26.9124,75.7873,False,8,6,7
2026-07-19 09:00:00,33.0,50.0,956.4,AWS006,Jaipur,26.9124,75.7873,False,9,6,7
2026-07-19 10:00:00,34.1,47.0,956.6,AWS006,Jaipur,26.9124,75.7873,False,10,6,7
2026-07-19 11:00:00,35.0,45.0,956.4,AWS006,Jaipur,26.9124,75.7873,False,11,6,7
2026-07-19 12:00:00,35.8,44.0,955.9,AWS006,Jaipur,26.9124,75.7873,False,12,6,7
2026-07-19 13:00:00,36.5,42.0,955.4,AWS006,Jaipur,26.9124,75.7873,False,13,6,7
2026-07-19 14:00:00,35.5,45.0,954.9,AWS006,Jaipur,26.9124,75.7873,False,14,6,7
2026-07-19 15:00:00,33.9,52.0,954.3,AWS006,Jaipur,26.9124,75.7873,False,15,6,7
2026-07-19 16:00:00,32.4,61.0,953.9,AWS006,Jaipur,26.9124,75.7873,False,16,6,7
2026-07-19 17:00:00,34.4,46.0,953.9,AWS006,Jaipur,26.9124,75.7873,False,17,6,7
2026-07-19 18:00:00,34.5,46.0,953.8,AWS006,Jaipur,26.9124,75.7873,False,18,6,7
2026-07-19 19:00:00,33.9,47.0,954.4,AWS006,Jaipur,26.9124,75.7873,False,19,6,7
2026-07-19 20:00:00,33.7,47.0,955.1,AWS006,Jaipur,26.9124,75.7873,False,20,6,7
2026-07-19 21:00:00,32.9,52.0,955.8,AWS006,Jaipur,26.9124,75.7873,False,21,6,7
2026-07-19 22:00:00,32.0,57.0,956.1,AWS006,Jaipur,26.9124,75.7873,False,22,6,7
2026-07-19 23:00:00,31.9,60.0,955.9,AWS006,Jaipur,26.9124,75.7873,False,23,6,7
2026-07-20 00:00:00,31.5,60.0,955.7,AWS006,Jaipur,26.9124,75.7873,False,0,0,7
2026-07-20 01:00:00,31.2,61.0,954.6,AWS006,Jaipur,26.9124,75.7873,False,1,0,7
2026-07-20 02:00:00,30.7,62.0,954.2,AWS006,Jaipur,26.9124,75.7873,False,2,0,7
2026-07-20 03:00:00,30.4,63.0,954.2,AWS006,Jaipur,26.9124,75.7873,False,3,0,7
2026-07-20 04:00:00,30.0,64.0,954.5,AWS006,Jaipur,26.9124,75.7873,False,4,0,7
2026-07-20 05:00:00,30.1,67.0,954.4,AWS006,Jaipur,26.9124,75.7873,False,5,0,7
2026-07-20 06:00:00,30.1,67.0,954.8,AWS006,Jaipur,26.9124,75.7873,False,6,0,7
2026-07-20 07:00:00,30.7,61.0,955.3,AWS006,Jaipur,26.9124,75.7873,False,7,0,7
2026-07-20 08:00:00,31.5,56.0,955.6,AWS006,Jaipur,26.9124,75.7873,False,8,0,7
2026-07-20 09:00:00,32.5,53.0,956.0,AWS006,Jaipur,26.9124,75.7873,False,9,0,7
2026-07-20 10:00:00,33.2,51.0,956.3,AWS006,Jaipur,26.9124,75.7873,False,10,0,7
2026-07-20 11:00:00,34.4,45.0,956.5,AWS006,Jaipur,26.9124,75.7873,False,11,0,7
2026-07-20 12:00:00,33.5,48.0,956.0,AWS006,Jaipur,26.9124,75.7873,False,12,0,7
2026-07-20 13:00:00,33.2,49.0,955.7,AWS006,Jaipur,26.9124,75.7873,False,13,0,7
2026-07-20 14:00:00,31.5,59.0,955.0,AWS006,Jaipur,26.9124,75.7873,False,14,0,7
2026-07-20 15:00:00,31.1,64.0,954.4,AWS006,Jaipur,26.9124,75.7873,False,15,0,7
2026-07-20 16:00:00,30.6,65.0,954.0,AWS006,Jaipur,26.9124,75.7873,False,16,0,7
2026-07-20 17:00:00,29.0,78.0,954.5,AWS006,Jaipur,26.9124,75.7873,False,17,0,7
2026-07-20 18:00:00,28.8,76.0,954.5,AWS006,Jaipur,26.9124,75.7873,False,18,0,7
2026-07-20 19:00:00,28.6,76.0,954.6,AWS006,Jaipur,26.9124,75.7873,False,19,0,7
2026-07-20 20:00:00,28.5,77.0,955.2,AWS006,Jaipur,26.9124,75.7873,False,20,0,7
2026-07-20 21:00:00,28.4,78.0,956.0,AWS006,Jaipur,26.9124,75.7873,False,21,0,7
2026-07-20 22:00:00,28.1,80.0,956.4,AWS006,Jaipur,26.9124,75.7873,False,22,0,7
2026-07-20 23:00:00,27.0,91.0,955.9,AWS006,Jaipur,26.9124,75.7873,False,23,0,7
2026-07-21 00:00:00,26.0,95.0,955.7,AWS006,Jaipur,26.9124,75.7873,False,0,1,7
2026-07-21 01:00:00,25.1,98.0,954.9,AWS006,Jaipur,26.9124,75.7873,False,1,1,7
2026-07-21 02:00:00,24.8,97.0,954.9,AWS006,Jaipur,26.9124,75.7873,False,2,1,7
2026-07-21 03:00:00,24.7,97.0,954.6,AWS006,Jaipur,26.9124,75.7873,False,3,1,7
2026-07-21 04:00:00,24.8,98.0,954.4,AWS006,Jaipur,26.9124,75.7873,False,4,1,7
2026-07-21 05:00:00,26.0,97.0,953.9,AWS006,Jaipur,26.9124,75.7873,False,5,1,7
2026-07-21 06:00:00,26.0,96.0,954.4,AWS006,Jaipur,26.9124,75.7873,False,6,1,7
2026-07-21 07:00:00,26.3,95.0,954.7,AWS006,Jaipur,26.9124,75.7873,False,7,1,7
2026-07-21 08:00:00,26.7,92.0,955.3,AWS006,Jaipur,26.9124,75.7873,False,8,1,7
2026-07-21 09:00:00,26.8,90.0,955.4,AWS006,Jaipur,26.9124,75.7873,False,9,1,7
2026-07-21 10:00:00,26.8,90.0,955.3,AWS006,Jaipur,26.9124,75.7873,False,10,1,7
2026-07-21 11:00:00,30.3,71.0,955.6,AWS006,Jaipur,26.9124,75.7873,False,11,1,7
2026-07-21 12:00:00,27.1,83.0,954.4,AWS006,Jaipur,26.9124,75.7873,False,12,1,7
2026-07-21 13:00:00,26.3,92.0,954.1,AWS006,Jaipur,26.9124,75.7873,False,13,1,7
2026-07-21 14:00:00,26.5,91.0,953.5,AWS006,Jaipur,26.9124,75.7873,False,14,1,7
2026-07-21 15:00:00,28.4,79.0,953.3,AWS006,Jaipur,26.9124,75.7873,False,15,1,7
2026-07-21 16:00:00,28.4,78.0,952.8,AWS006,Jaipur,26.9124,75.7873,False,16,1,7
2026-07-21 17:00:00,29.4,71.0,952.3,AWS006,Jaipur,26.9124,75.7873,False,17,1,7
2026-07-21 18:00:00,28.4,78.0,952.8,AWS006,Jaipur,26.9124,75.7873,False,18,1,7
2026-07-21 19:00:00,27.5,86.0,953.2,AWS006,Jaipur,26.9124,75.7873,False,19,1,7
2026-07-21 20:00:00,26.9,91.0,953.8,AWS006,Jaipur,26.9124,75.7873,False,20,1,7
2026-07-21 21:00:00,26.7,91.0,954.6,AWS006,Jaipur,26.9124,75.7873,False,21,1,7
2026-07-21 22:00:00,26.4,93.0,954.5,AWS006,Jaipur,26.9124,75.7873,False,22,1,7
2026-07-21 23:00:00,25.9,96.0,954.5,AWS006,Jaipur,26.9124,75.7873,False,23,1,7
2026-07-22 00:00:00,25.7,96.0,953.9,AWS006,Jaipur,26.9124,75.7873,False,0,2,7
2026-07-22 01:00:00,25.3,99.0,953.4,AWS006,Jaipur,26.9124,75.7873,False,1,2,7
2026-07-22 02:00:00,25.0,99.0,952.9,AWS006,Jaipur,26.9124,75.7873,False,2,2,7
2026-07-22 03:00:00,25.1,98.0,952.6,AWS006,Jaipur,26.9124,75.7873,False,3,2,7
2026-07-22 04:00:00,25.2,97.0,953.0,AWS006,Jaipur,26.9124,75.7873,False,4,2,7
2026-07-22 05:00:00,25.8,96.0,952.2,AWS006,Jaipur,26.9124,75.7873,False,5,2,7
2026-07-22 06:00:00,25.7,92.0,952.8,AWS006,Jaipur,26.9124,75.7873,False,6,2,7
2026-07-22 07:00:00,25.9,92.0,953.3,AWS006,Jaipur,26.9124,75.7873,False,7,2,7
2026-07-22 08:00:00,26.9,88.0,953.5,AWS006,Jaipur,26.9124,75.7873,False,8,2,7
2026-07-22 09:00:00,28.4,83.0,954.2,AWS006,Jaipur,26.9124,75.7873,False,9,2,7
2026-07-22 10:00:00,29.5,75.0,954.3,AWS006,Jaipur,26.9124,75.7873,False,10,2,7
2026-07-22 11:00:00,29.4,71.0,954.0,AWS006,Jaipur,26.9124,75.7873,False,11,2,7
2026-07-22 12:00:00,29.5,70.0,953.6,AWS006,Jaipur,26.9124,75.7873,False,12,2,7
2026-07-22 13:00:00,29.6,70.0,952.9,AWS006,Jaipur,26.9124,75.7873,False,13,2,7
2026-07-22 14:00:00,30.3,69.0,952.1,AWS006,Jaipur,26.9124,75.7873,False,14,2,7
2026-07-22 15:00:00,30.8,68.0,951.4,AWS006,Jaipur,26.9124,75.7873,False,15,2,7
2026-07-22 16:00:00,30.9,68.0,950.5,AWS006,Jaipur,26.9124,75.7873,False,16,2,7
2026-07-22 17:00:00,28.5,83.0,950.8,AWS006,Jaipur,26.9124,75.7873,False,17,2,7
2026-07-22 18:00:00,28.9,79.0,951.2,AWS006,Jaipur,26.9124,75.7873,False,18,2,7
2026-07-22 19:00:00,27.7,83.0,951.9,AWS006,Jaipur,26.9124,75.7873,False,19,2,7
2026-07-22 20:00:00,26.0,94.0,952.5,AWS006,Jaipur,26.9124,75.7873,False,20,2,7
2026-07-22 21:00:00,25.8,95.0,953.0,AWS006,Jaipur,26.9124,75.7873,False,21,2,7
2026-07-22 22:00:00,25.4,97.0,953.8,AWS006,Jaipur,26.9124,75.7873,False,22,2,7
2026-07-22 23:00:00,26.6,92.0,952.8,AWS006,Jaipur,26.9124,75.7873,False,23,2,7
2026-07-23 00:00:00,26.4,93.0,952.3,AWS006,Jaipur,26.9124,75.7873,False,0,3,7
2026-07-23 01:00:00,25.8,94.0,951.8,AWS006,Jaipur,26.9124,75.7873,False,1,3,7
2026-07-23 02:00:00,25.8,95.0,951.6,AWS006,Jaipur,26.9124,75.7873,False,2,3,7
2026-07-23 03:00:00,25.2,96.0,951.1,AWS006,Jaipur,26.9124,75.7873,False,3,3,7
2026-07-23 04:00:00,24.8,95.0,951.1,AWS006,Jaipur,26.9124,75.7873,False,4,3,7
2026-07-23 05:00:00,25.4,97.0,951.1,AWS006,Jaipur,26.9124,75.7873,False,5,3,7
2026-07-23 06:00:00,25.5,95.0,951.5,AWS006,Jaipur,26.9124,75.7873,False,6,3,7
2026-07-23 07:00:00,26.2,89.0,951.9,AWS006,Jaipur,26.9124,75.7873,False,7,3,7
2026-07-23 08:00:00,27.3,83.0,951.7,AWS006,Jaipur,26.9124,75.7873,False,8,3,7
2026-07-23 09:00:00,29.0,74.0,952.2,AWS006,Jaipur,26.9124,75.7873,False,9,3,7
2026-07-23 10:00:00,30.1,68.0,951.9,AWS006,Jaipur,26.9124,75.7873,False,10,3,7
2026-07-23 11:00:00,30.8,64.0,952.0,AWS006,Jaipur,26.9124,75.7873,False,11,3,7
2026-07-23 12:00:00,30.9,63.0,951.4,AWS006,Jaipur,26.9124,75.7873,False,12,3,7
2026-07-23 13:00:00,31.7,60.0,950.8,AWS006,Jaipur,26.9124,75.7873,False,13,3,7
2026-07-23 14:00:00,31.9,59.0,950.3,AWS006,Jaipur,26.9124,75.7873,False,14,3,7
2026-07-23 15:00:00,32.1,59.0,949.7,AWS006,Jaipur,26.9124,75.7873,False,15,3,7
2026-07-23 16:00:00,32.0,58.0,949.2,AWS006,Jaipur,26.9124,75.7873,False,16,3,7
2026-07-23 17:00:00,28.9,82.0,950.0,AWS006,Jaipur,26.9124,75.7873,False,17,3,7
2026-07-23 18:00:00,29.1,79.0,950.1,AWS006,Jaipur,26.9124,75.7873,False,18,3,7
2026-07-23 19:00:00,28.2,85.0,950.3,AWS006,Jaipur,26.9124,75.7873,False,19,3,7
2026-07-23 20:00:00,27.6,88.0,951.0,AWS006,Jaipur,26.9124,75.7873,False,20,3,7
2026-07-23 21:00:00,27.2,90.0,951.4,AWS006,Jaipur,26.9124,75.7873,False,21,3,7
2026-07-23 22:00:00,26.9,90.0,952.0,AWS006,Jaipur,26.9124,75.7873,False,22,3,7
2026-07-23 23:00:00,26.7,90.0,951.8,AWS006,Jaipur,26.9124,75.7873,False,23,3,7
2026-07-24 00:00:00,26.2,92.0,951.5,AWS006,Jaipur,26.9124,75.7873,False,0,4,7
2026-07-24 01:00:00,25.8,93.0,951.2,AWS006,Jaipur,26.9124,75.7873,False,1,4,7
2026-07-24 02:00:00,25.5,95.0,950.8,AWS006,Jaipur,26.9124,75.7873,False,2,4,7
2026-07-24 03:00:00,25.4,91.0,950.8,AWS006,Jaipur,26.9124,75.7873,False,3,4,7
2026-07-24 04:00:00,25.2,93.0,950.8,AWS006,Jaipur,26.9124,75.7873,False,4,4,7
2026-07-24 05:00:00,25.2,97.0,950.4,AWS006,Jaipur,26.9124,75.7873,False,5,4,7
2026-07-24 06:00:00,25.0,97.0,950.5,AWS006,Jaipur,26.9124,75.7873,False,6,4,7
2026-07-24 07:00:00,25.7,96.0,951.4,AWS006,Jaipur,26.9124,75.7873,False,7,4,7
2026-07-24 08:00:00,26.9,88.0,951.8,AWS006,Jaipur,26.9124,75.7873,False,8,4,7
2026-07-24 09:00:00,28.4,80.0,952.6,AWS006,Jaipur,26.9124,75.7873,False,9,4,7
2026-07-24 10:00:00,29.4,73.0,952.8,AWS006,Jaipur,26.9124,75.7873,False,10,4,7
2026-07-24 11:00:00,29.7,69.0,952.5,AWS006,Jaipur,26.9124,75.7873,False,11,4,7
2026-07-24 12:00:00,30.4,68.0,951.7,AWS006,Jaipur,26.9124,75.7873,False,12,4,7
2026-07-24 13:00:00,31.1,66.0,951.0,AWS006,Jaipur,26.9124,75.7873,False,13,4,7
2026-07-24 14:00:00,30.5,67.0,950.5,AWS006,Jaipur,26.9124,75.7873,False,14,4,7
2026-07-24 15:00:00,31.2,65.0,950.0,AWS006,Jaipur,26.9124,75.7873,False,15,4,7
2026-07-24 16:00:00,30.9,64.0,949.7,AWS006,Jaipur,26.9124,75.7873,False,16,4,7
2026-07-24 17:00:00,30.8,63.0,949.3,AWS006,Jaipur,26.9124,75.7873,False,17,4,7
2026-07-24 18:00:00,29.9,69.0,949.5,AWS006,Jaipur,26.9124,75.7873,False,18,4,7
2026-07-24 19:00:00,28.9,76.0,950.2,AWS006,Jaipur,26.9124,75.7873,False,19,4,7
2026-07-24 20:00:00,28.6,74.0,951.2,AWS006,Jaipur,26.9124,75.7873,False,20,4,7
2026-07-24 21:00:00,28.1,72.0,951.9,AWS006,Jaipur,26.9124,75.7873,False,21,4,7
2026-07-24 22:00:00,27.6,74.0,952.2,AWS006,Jaipur,26.9124,75.7873,False,22,4,7
2026-07-24 23:00:00,26.7,83.0,952.5,AWS006,Jaipur,26.9124,75.7873,False,23,4,7
2026-07-25 00:00:00,26.3,83.0,952.1,AWS006,Jaipur,26.9124,75.7873,False,0,5,7
2026-07-25 01:00:00,25.9,85.0,952.3,AWS006,Jaipur,26.9124,75.7873,False,1,5,7
2026-07-25 02:00:00,25.8,85.0,952.3,AWS006,Jaipur,26.9124,75.7873,False,2,5,7
2026-07-25 03:00:00,25.6,85.0,952.0,AWS006,Jaipur,26.9124,75.7873,False,3,5,7
2026-07-25 04:00:00,25.4,85.0,952.0,AWS006,Jaipur,26.9124,75.7873,False,4,5,7
2026-07-25 05:00:00,25.2,89.0,952.3,AWS006,Jaipur,26.9124,75.7873,False,5,5,7
2026-07-25 06:00:00,25.5,88.0,953.2,AWS006,Jaipur,26.9124,75.7873,False,6,5,7
2026-07-25 07:00:00,25.9,85.0,953.7,AWS006,Jaipur,26.9124,75.7873,False,7,5,7
2026-07-25 08:00:00,27.1,79.0,953.8,AWS006,Jaipur,26.9124,75.7873,False,8,5,7
2026-07-25 09:00:00,28.1,73.0,954.2,AWS006,Jaipur,26.9124,75.7873,False,9,5,7
2026-07-25 10:00:00,29.0,69.0,954.6,AWS006,Jaipur,26.9124,75.7873,False,10,5,7
2026-07-25 11:00:00,29.4,67.0,954.2,AWS006,Jaipur,26.9124,75.7873,False,11,5,7
2026-07-25 12:00:00,29.8,65.0,954.0,AWS006,Jaipur,26.9124,75.7873,False,12,5,7
2026-07-25 13:00:00,31.1,60.0,953.3,AWS006,Jaipur,26.9124,75.7873,False,13,5,7
2026-07-25 14:00:00,31.7,58.0,952.6,AWS006,Jaipur,26.9124,75.7873,False,14,5,7
2026-07-25 15:00:00,31.8,57.0,952.2,AWS006,Jaipur,26.9124,75.7873,False,15,5,7
2026-07-25 16:00:00,31.8,57.0,951.6,AWS006,Jaipur,26.9124,75.7873,False,16,5,7
2026-07-25 17:00:00,31.0,60.0,952.0,AWS006,Jaipur,26.9124,75.7873,False,17,5,7
2026-07-25 18:00:00,30.0,67.0,952.4,AWS006,Jaipur,26.9124,75.7873,False,18,5,7
2026-07-25 19:00:00,29.0,72.0,952.8,AWS006,Jaipur,26.9124,75.7873,False,19,5,7
2026-07-25 20:00:00,28.5,75.0,953.5,AWS006,Jaipur,26.9124,75.7873,False,20,5,7
2026-07-25 21:00:00,28.1,75.0,954.5,AWS006,Jaipur,26.9124,75.7873,False,21,5,7
2026-07-25 22:00:00,27.6,77.0,954.8,AWS006,Jaipur,26.9124,75.7873,False,22,5,7
2026-07-25 23:00:00,27.1,84.0,954.4,AWS006,Jaipur,26.9124,75.7873,False,23,5,7
2026-07-26 00:00:00,26.7,85.0,954.2,AWS006,Jaipur,26.9124,75.7873,False,0,6,7
2026-07-26 01:00:00,26.4,86.0,954.1,AWS006,Jaipur,26.9124,75.7873,False,1,6,7
2026-07-26 02:00:00,26.3,87.0,953.8,AWS006,Jaipur,26.9124,75.7873,False,2,6,7
2026-07-26 03:00:00,26.1,87.0,953.6,AWS006,Jaipur,26.9124,75.7873,False,3,6,7
2026-07-26 04:00:00,25.9,89.0,954.0,AWS006,Jaipur,26.9124,75.7873,False,4,6,7
2026-07-26 05:00:00,26.2,87.0,953.5,AWS006,Jaipur,26.9124,75.7873,False,5,6,7
2026-07-26 06:00:00,26.3,87.0,954.1,AWS006,Jaipur,26.9124,75.7873,False,6,6,7
2026-07-26 07:00:00,27.1,83.0,954.6,AWS006,Jaipur,26.9124,75.7873,False,7,6,7
2026-07-26 08:00:00,28.2,77.0,954.5,AWS006,Jaipur,26.9124,75.7873,False,8,6,7
2026-07-26 09:00:00,29.4,71.0,954.9,AWS006,Jaipur,26.9124,75.7873,False,9,6,7
2026-07-26 10:00:00,30.1,68.0,955.1,AWS006,Jaipur,26.9124,75.7873,False,10,6,7
2026-07-26 11:00:00,31.0,63.0,955.4,AWS006,Jaipur,26.9124,75.7873,False,11,6,7
2026-07-26 12:00:00,31.4,62.0,955.3,AWS006,Jaipur,26.9124,75.7873,False,12,6,7
2026-07-26 13:00:00,32.0,59.0,954.9,AWS006,Jaipur,26.9124,75.7873,False,13,6,7
2026-07-26 14:00:00,32.4,58.0,954.1,AWS006,Jaipur,26.9124,75.7873,False,14,6,7
2026-07-26 15:00:00,32.6,57.0,953.3,AWS006,Jaipur,26.9124,75.7873,False,15,6,7
2026-07-26 16:00:00,32.5,57.0,952.3,AWS006,Jaipur,26.9124,75.7873,False,16,6,7
2026-07-26 17:00:00,31.9,59.0,952.4,AWS006,Jaipur,26.9124,75.7873,False,17,6,7
2026-07-26 18:00:00,31.0,66.0,952.4,AWS006,Jaipur,26.9124,75.7873,False,18,6,7
2026-07-26 19:00:00,29.7,73.0,952.8,AWS006,Jaipur,26.9124,75.7873,False,19,6,7
2026-07-26 20:00:00,29.0,76.0,953.3,AWS006,Jaipur,26.9124,75.7873,False,20,6,7
2026-07-26 21:00:00,28.9,78.0,953.9,AWS006,Jaipur,26.9124,75.7873,False,21,6,7
2026-07-26 22:00:00,28.5,80.0,954.0,AWS006,Jaipur,26.9124,75.7873,False,22,6,7
2026-07-26 23:00:00,28.6,77.0,953.4,AWS006,Jaipur,26.9124,75.7873,False,23,6,7
2026-07-27 00:00:00,27.9,80.0,953.0,AWS006,Jaipur,26.9124,75.7873,False,0,0,7
2026-07-27 01:00:00,27.3,83.0,952.8,AWS006,Jaipur,26.9124,75.7873,False,1,0,7
2026-07-27 02:00:00,26.7,86.0,952.4,AWS006,Jaipur,26.9124,75.7873,False,2,0,7
2026-07-27 03:00:00,26.4,88.0,952.6,AWS006,Jaipur,26.9124,75.7873,False,3,0,7
2026-07-27 04:00:00,26.2,90.0,952.7,AWS006,Jaipur,26.9124,75.7873,False,4,0,7
2026-07-27 05:00:00,26.9,89.0,952.7,AWS006,Jaipur,26.9124,75.7873,False,5,0,7
2026-07-27 06:00:00,26.9,89.0,952.7,AWS006,Jaipur,26.9124,75.7873,False,6,0,7
2026-07-27 07:00:00,27.8,85.0,952.7,AWS006,Jaipur,26.9124,75.7873,False,7,0,7
2026-07-27 08:00:00,29.1,79.0,953.1,AWS006,Jaipur,26.9124,75.7873,False,8,0,7
2026-07-27 09:00:00,30.4,69.0,953.3,AWS006,Jaipur,26.9124,75.7873,False,9,0,7
2026-07-27 10:00:00,31.4,64.0,953.6,AWS006,Jaipur,26.9124,75.7873,False,10,0,7
2026-07-27 11:00:00,32.2,59.0,953.4,AWS006,Jaipur,26.9124,75.7873,False,11,0,7
2026-07-27 12:00:00,32.9,60.0,953.1,AWS006,Jaipur,26.9124,75.7873,False,12,0,7
2026-07-27 13:00:00,33.3,59.0,952.3,AWS006,Jaipur,26.9124,75.7873,False,13,0,7
2026-07-27 14:00:00,33.6,59.0,951.6,AWS006,Jaipur,26.9124,75.7873,False,14,0,7
2026-07-27 15:00:00,33.6,59.0,951.0,AWS006,Jaipur,26.9124,75.7873,False,15,0,7
2026-07-27 16:00:00,32.8,62.0,950.1,AWS006,Jaipur,26.9124,75.7873,False,16,0,7
2026-07-27 17:00:00,31.7,62.0,950.2,AWS006,Jaipur,26.9124,75.7873,False,17,0,7
2026-07-27 18:00:00,31.2,69.0,950.6,AWS006,Jaipur,26.9124,75.7873,False,18,0,7
2026-07-27 19:00:00,30.4,76.0,950.9,AWS006,Jaipur,26.9124,75.7873,False,19,0,7
2026-07-27 20:00:00,29.8,76.0,951.3,AWS006,Jaipur,26.9124,75.7873,False,20,0,7
2026-07-27 21:00:00,29.1,80.0,951.4,AWS006,Jaipur,26.9124,75.7873,False,21,0,7
2026-07-27 22:00:00,28.2,83.0,952.5,AWS006,Jaipur,26.9124,75.7873,False,22,0,7
2026-07-27 23:00:00,29.2,81.0,952.3,AWS006,Jaipur,26.9124,75.7873,False,23,0,7
2026-07-28 00:00:00,26.6,88.0,952.8,AWS006,Jaipur,26.9124,75.7873,False,0,1,7
2026-07-28 01:00:00,25.5,95.0,951.3,AWS006,Jaipur,26.9124,75.7873,False,1,1,7
2026-07-28 02:00:00,25.7,96.0,951.3,AWS006,Jaipur,26.9124,75.7873,False,2,1,7
2026-07-28 03:00:00,25.8,96.0,950.7,AWS006,Jaipur,26.9124,75.7873,False,3,1,7
2026-07-28 04:00:00,25.8,97.0,951.1,AWS006,Jaipur,26.9124,75.7873,False,4,1,7
2026-07-28 05:00:00,26.3,94.0,951.2,AWS006,Jaipur,26.9124,75.7873,False,5,1,7
2026-07-28 06:00:00,25.8,96.0,951.5,AWS006,Jaipur,26.9124,75.7873,False,6,1,7
2026-07-28 07:00:00,25.3,96.0,952.2,AWS006,Jaipur,26.9124,75.7873,False,7,1,7
2026-07-28 08:00:00,25.4,93.0,953.5,AWS006,Jaipur,26.9124,75.7873,False,8,1,7
2026-07-28 09:00:00,25.2,95.0,953.2,AWS006,Jaipur,26.9124,75.7873,False,9,1,7
2026-07-28 10:00:00,25.6,95.0,953.4,AWS006,Jaipur,26.9124,75.7873,False,10,1,7
2026-07-28 11:00:00,29.7,77.0,953.5,AWS006,Jaipur,26.9124,75.7873,False,11,1,7
2026-07-28 12:00:00,28.6,81.0,953.0,AWS006,Jaipur,26.9124,75.7873,False,12,1,7
2026-07-28 13:00:00,30.9,73.0,952.2,AWS006,Jaipur,26.9124,75.7873,False,13,1,7
2026-07-28 14:00:00,32.0,66.0,951.6,AWS006,Jaipur,26.9124,75.7873,False,14,1,7
2026-07-28 15:00:00,32.0,66.0,951.6,AWS006,Jaipur,26.9124,75.7873,False,15,1,7
2026-07-28 16:00:00,29.9,75.0,951.2,AWS006,Jaipur,26.9124,75.7873,False,16,1,7
2026-07-28 17:00:00,27.2,90.0,951.2,AWS006,Jaipur,26.9124,75.7873,False,17,1,7
2026-07-28 18:00:00,26.7,93.0,951.6,AWS006,Jaipur,26.9124,75.7873,False,18,1,7
2026-07-28 19:00:00,25.5,96.0,952.4,AWS006,Jaipur,26.9124,75.7873,False,19,1,7
2026-07-28 20:00:00,25.7,96.0,952.3,AWS006,Jaipur,26.9124,75.7873,False,20,1,7
2026-07-28 21:00:00,25.7,98.0,953.0,AWS006,Jaipur,26.9124,75.7873,False,21,1,7
2026-07-28 22:00:00,25.7,97.0,953.6,AWS006,Jaipur,26.9124,75.7873,False,22,1,7
2026-07-28 23:00:00,25.7,97.0,953.3,AWS006,Jaipur,26.9124,75.7873,False,23,1,7
2026-07-29 00:00:00,25.5,97.0,953.1,AWS006,Jaipur,26.9124,75.7873,False,0,2,7
2026-07-29 01:00:00,25.4,96.0,953.0,AWS006,Jaipur,26.9124,75.7873,False,1,2,7
2026-07-29 02:00:00,25.3,96.0,952.6,AWS006,Jaipur,26.9124,75.7873,False,2,2,7
2026-07-29 03:00:00,25.3,96.0,952.6,AWS006,Jaipur,26.9124,75.7873,False,3,2,7
2026-07-29 04:00:00,25.4,95.0,952.6,AWS006,Jaipur,26.9124,75.7873,False,4,2,7
2026-07-29 05:00:00,26.7,93.0,952.6,AWS006,Jaipur,26.9124,75.7873,False,5,2,7
2026-07-29 06:00:00,26.7,92.0,952.8,AWS006,Jaipur,26.9124,75.7873,False,6,2,7
2026-07-29 07:00:00,26.4,89.0,953.4,AWS006,Jaipur,26.9124,75.7873,False,7,2,7
2026-07-29 08:00:00,26.8,89.0,953.9,AWS006,Jaipur,26.9124,75.7873,False,8,2,7
2026-07-29 09:00:00,27.4,86.0,954.4,AWS006,Jaipur,26.9124,75.7873,False,9,2,7
2026-07-29 10:00:00,27.9,84.0,954.5,AWS006,Jaipur,26.9124,75.7873,False,10,2,7
2026-07-29 11:00:00,31.1,70.0,954.5,AWS006,Jaipur,26.9124,75.7873,False,11,2,7
2026-07-29 12:00:00,32.3,64.0,954.0,AWS006,Jaipur,26.9124,75.7873,False,12,2,7
2026-07-29 13:00:00,32.2,63.0,953.2,AWS006,Jaipur,26.9124,75.7873,False,13,2,7
2026-07-29 14:00:00,32.4,62.0,952.6,AWS006,Jaipur,26.9124,75.7873,False,14,2,7
2026-07-29 15:00:00,30.1,75.0,951.8,AWS006,Jaipur,26.9124,75.7873,False,15,2,7
2026-07-29 16:00:00,30.9,72.0,951.3,AWS006,Jaipur,26.9124,75.7873,False,16,2,7
2026-07-29 17:00:00,30.4,74.0,951.3,AWS006,Jaipur,26.9124,75.7873,False,17,2,7
2026-07-29 18:00:00,30.1,76.0,951.2,AWS006,Jaipur,26.9124,75.7873,False,18,2,7
2026-07-29 19:00:00,29.1,84.0,951.6,AWS006,Jaipur,26.9124,75.7873,False,19,2,7
2026-07-29 20:00:00,28.8,87.0,952.5,AWS006,Jaipur,26.9124,75.7873,False,20,2,7
2026-07-29 21:00:00,28.4,89.0,953.0,AWS006,Jaipur,26.9124,75.7873,False,21,2,7
2026-07-29 22:00:00,28.1,89.0,953.1,AWS006,Jaipur,26.9124,75.7873,False,22,2,7
2026-07-29 23:00:00,28.2,89.0,953.1,AWS006,Jaipur,26.9124,75.7873,False,23,2,7
2026-07-30 00:00:00,27.8,91.0,952.1,AWS006,Jaipur,26.9124,75.7873,False,0,3,7
2026-07-30 01:00:00,27.6,92.0,952.0,AWS006,Jaipur,26.9124,75.7873,False,1,3,7
2026-07-30 02:00:00,27.5,93.0,951.3,AWS006,Jaipur,26.9124,75.7873,False,2,3,7
2026-07-30 03:00:00,27.4,92.0,951.1,AWS006,Jaipur,26.9124,75.7873,False,3,3,7
2026-07-30 04:00:00,24.9,98.0,951.7,AWS006,Jaipur,26.9124,75.7873,False,4,3,7
2026-07-30 05:00:00,25.5,98.0,951.3,AWS006,Jaipur,26.9124,75.7873,False,5,3,7
2026-07-30 06:00:00,25.2,95.0,951.6,AWS006,Jaipur,26.9124,75.7873,False,6,3,7
2026-07-30 07:00:00,26.4,93.0,952.1,AWS006,Jaipur,26.9124,75.7873,False,7,3,7
2026-07-30 08:00:00,27.9,83.0,952.7,AWS006,Jaipur,26.9124,75.7873,False,8,3,7
2026-07-30 09:00:00,29.6,75.0,953.1,AWS006,Jaipur,26.9124,75.7873,False,9,3,7
2026-07-30 10:00:00,31.1,68.0,953.2,AWS006,Jaipur,26.9124,75.7873,False,10,3,7
2026-07-30 11:00:00,31.8,61.0,953.2,AWS006,Jaipur,26.9124,75.7873,False,11,3,7
2026-07-30 12:00:00,32.6,58.0,952.7,AWS006,Jaipur,26.9124,75.7873,False,12,3,7
2026-07-30 13:00:00,33.1,56.0,952.1,AWS006,Jaipur,26.9124,75.7873,False,13,3,7
2026-07-30 14:00:00,33.5,55.0,950.9,AWS006,Jaipur,26.9124,75.7873,False,14,3,7
2026-07-30 15:00:00,33.5,54.0,950.2,AWS006,Jaipur,26.9124,75.7873,False,15,3,7
2026-07-30 16:00:00,33.3,55.0,949.6,AWS006,Jaipur,26.9124,75.7873,False,16,3,7
2026-07-30 17:00:00,31.6,65.0,949.4,AWS006,Jaipur,26.9124,75.7873,False,17,3,7
2026-07-30 18:00:00,31.4,68.0,949.4,AWS006,Jaipur,26.9124,75.7873,False,18,3,7
2026-07-30 19:00:00,30.4,75.0,950.1,AWS006,Jaipur,26.9124,75.7873,False,19,3,7
2026-07-30 20:00:00,29.7,76.0,950.9,AWS006,Jaipur,26.9124,75.7873,False,20,3,7
2026-07-30 21:00:00,29.4,75.0,951.8,AWS006,Jaipur,26.9124,75.7873,False,21,3,7
2026-07-30 22:00:00,29.0,75.0,952.2,AWS006,Jaipur,26.9124,75.7873,False,22,3,7
2026-07-30 23:00:00,29.0,75.0,952.1,AWS006,Jaipur,26.9124,75.7873,False,23,3,7
2026-07-31 00:00:00,28.3,78.0,951.4,AWS006,Jaipur,26.9124,75.7873,False,0,4,7
2026-07-31 01:00:00,27.7,81.0,951.3,AWS006,Jaipur,26.9124,75.7873,False,1,4,7
2026-07-31 02:00:00,27.0,84.0,951.0,AWS006,Jaipur,26.9124,75.7873,False,2,4,7
2026-07-31 03:00:00,26.6,86.0,950.9,AWS006,Jaipur,26.9124,75.7873,False,3,4,7
2026-07-31 04:00:00,26.4,87.0,951.0,AWS006,Jaipur,26.9124,75.7873,False,4,4,7
2026-07-31 05:00:00,27.1,88.0,950.7,AWS006,Jaipur,26.9124,75.7873,False,5,4,7
2026-07-31 06:00:00,27.0,88.0,950.7,AWS006,Jaipur,26.9124,75.7873,False,6,4,7
2026-07-31 07:00:00,27.5,84.0,951.7,AWS006,Jaipur,26.9124,75.7873,False,7,4,7
2026-07-31 08:00:00,28.1,82.0,952.0,AWS006,Jaipur,26.9124,75.7873,False,8,4,7
2026-07-31 09:00:00,29.0,76.0,952.4,AWS006,Jaipur,26.9124,75.7873,False,9,4,7
2026-07-31 10:00:00,30.4,68.0,952.6,AWS006,Jaipur,26.9124,75.7873,False,10,4,7
2026-07-31 11:00:00,31.2,64.0,952.6,AWS006,Jaipur,26.9124,75.7873,False,11,4,7
2026-07-31 12:00:00,31.8,60.0,951.9,AWS006,Jaipur,26.9124,75.7873,False,12,4,7
2026-07-31 13:00:00,32.1,62.0,951.5,AWS006,Jaipur,26.9124,75.7873,False,13,4,7
2026-07-31 14:00:00,32.4,60.0,950.4,AWS006,Jaipur,26.9124,75.7873,False,14,4,7
2026-07-31 15:00:00,31.9,62.0,949.7,AWS006,Jaipur,26.9124,75.7873,False,15,4,7
2026-07-31 16:00:00,31.6,64.0,949.1,AWS006,Jaipur,26.9124,75.7873,False,16,4,7
2026-07-31 17:00:00,31.1,65.0,949.1,AWS006,Jaipur,26.9124,75.7873,False,17,4,7
2026-07-31 18:00:00,30.4,68.0,949.6,AWS006,Jaipur,26.9124,75.7873,False,18,4,7
2026-07-31 19:00:00,29.5,72.0,950.3,AWS006,Jaipur,26.9124,75.7873,False,19,4,7
2026-07-31 20:00:00,29.1,74.0,951.0,AWS006,Jaipur,26.9124,75.7873,False,20,4,7
2026-07-31 21:00:00,28.5,79.0,951.8,AWS006,Jaipur,26.9124,75.7873,False,21,4,7
2026-07-31 22:00:00,27.7,81.0,952.2,AWS006,Jaipur,26.9124,75.7873,False,22,4,7
2026-07-31 23:00:00,27.7,83.0,951.8,AWS006,Jaipur,26.9124,75.7873,False,23,4,7
2026-08-01 00:00:00,27.4,85.0,951.4,AWS006,Jaipur,26.9124,75.7873,False,0,5,8
2026-08-01 01:00:00,27.2,84.0,950.9,AWS006,Jaipur,26.9124,75.7873,False,1,5,8
2026-08-01 02:00:00,26.8,84.0,950.5,AWS006,Jaipur,26.9124,75.7873,False,2,5,8
2026-08-01 03:00:00,26.5,86.0,950.5,AWS006,Jaipur,26.9124,75.7873,False,3,5,8
2026-08-01 04:00:00,26.2,88.0,950.5,AWS006,Jaipur,26.9124,75.7873,False,4,5,8
2026-08-01 05:00:00,25.9,95.0,950.6,AWS006,Jaipur,26.9124,75.7873,False,5,5,8
2026-08-01 06:00:00,26.2,93.0,950.9,AWS006,Jaipur,26.9124,75.7873,False,6,5,8
2026-08-01 07:00:00,26.7,90.0,951.2,AWS006,Jaipur,26.9124,75.7873,False,7,5,8
2026-08-01 08:00:00,27.6,85.0,951.6,AWS006,Jaipur,26.9124,75.7873,False,8,5,8
2026-08-01 09:00:00,28.8,79.0,951.8,AWS006,Jaipur,26.9124,75.7873,False,9,5,8
2026-08-01 10:00:00,30.1,74.0,951.9,AWS006,Jaipur,26.9124,75.7873,False,10,5,8
2026-08-01 11:00:00,30.3,68.0,951.7,AWS006,Jaipur,26.9124,75.7873,False,11,5,8
2026-08-01 12:00:00,31.3,67.0,951.5,AWS006,Jaipur,26.9124,75.7873,False,12,5,8
2026-08-01 13:00:00,32.1,63.0,950.7,AWS006,Jaipur,26.9124,75.7873,False,13,5,8
2026-08-01 14:00:00,31.9,63.0,949.8,AWS006,Jaipur,26.9124,75.7873,False,14,5,8
2026-08-01 15:00:00,32.1,61.0,949.3,AWS006,Jaipur,26.9124,75.7873,False,15,5,8
2026-08-01 16:00:00,31.7,61.0,948.9,AWS006,Jaipur,26.9124,75.7873,False,16,5,8
2026-08-01 17:00:00,30.9,66.0,949.1,AWS006,Jaipur,26.9124,75.7873,False,17,5,8
2026-08-01 18:00:00,30.0,70.0,949.3,AWS006,Jaipur,26.9124,75.7873,False,18,5,8
2026-08-01 19:00:00,29.0,74.0,950.1,AWS006,Jaipur,26.9124,75.7873,False,19,5,8
2026-08-01 20:00:00,28.4,78.0,950.8,AWS006,Jaipur,26.9124,75.7873,False,20,5,8
2026-08-01 21:00:00,26.7,88.0,951.6,AWS006,Jaipur,26.9124,75.7873,False,21,5,8
2026-08-01 22:00:00,25.5,95.0,952.7,AWS006,Jaipur,26.9124,75.7873,False,22,5,8
2026-08-01 23:00:00,26.0,96.0,952.1,AWS006,Jaipur,26.9124,75.7873,False,23,5,8
2026-08-02 00:00:00,25.9,95.0,951.8,AWS006,Jaipur,26.9124,75.7873,False,0,6,8
2026-08-02 01:00:00,25.7,94.0,951.5,AWS006,Jaipur,26.9124,75.7873,False,1,6,8
2026-08-02 02:00:00,25.6,94.0,951.2,AWS006,Jaipur,26.9124,75.7873,False,2,6,8
2026-08-02 03:00:00,25.6,94.0,951.3,AWS006,Jaipur,26.9124,75.7873,False,3,6,8
2026-08-02 04:00:00,25.6,93.0,951.6,AWS006,Jaipur,26.9124,75.7873,False,4,6,8
2026-08-02 05:00:00,25.6,97.0,951.8,AWS006,Jaipur,26.9124,75.7873,False,5,6,8
2026-08-02 06:00:00,25.7,96.0,952.3,AWS006,Jaipur,26.9124,75.7873,False,6,6,8
2026-08-02 07:00:00,26.5,91.0,952.7,AWS006,Jaipur,26.9124,75.7873,False,7,6,8
2026-08-02 08:00:00,27.6,83.0,953.2,AWS006,Jaipur,26.9124,75.7873,False,8,6,8
2026-08-02 09:00:00,28.7,76.0,953.1,AWS006,Jaipur,26.9124,75.7873,False,9,6,8
2026-08-02 10:00:00,30.0,70.0,953.3,AWS006,Jaipur,26.9124,75.7873,False,10,6,8
2026-08-02 11:00:00,30.8,65.0,953.5,AWS006,Jaipur,26.9124,75.7873,False,11,6,8
2026-08-02 12:00:00,31.6,62.0,953.0,AWS006,Jaipur,26.9124,75.7873,False,12,6,8
2026-08-02 13:00:00,32.2,59.0,952.7,AWS006,Jaipur,26.9124,75.7873,False,13,6,8
2026-08-02 14:00:00,32.6,57.0,951.7,AWS006,Jaipur,26.9124,75.7873,False,14,6,8
2026-08-02 15:00:00,31.1,64.0,951.3,AWS006,Jaipur,26.9124,75.7873,False,15,6,8
2026-08-02 16:00:00,27.8,88.0,950.9,AWS006,Jaipur,26.9124,75.7873,False,16,6,8
2026-08-02 17:00:00,30.2,75.0,950.7,AWS006,Jaipur,26.9124,75.7873,False,17,6,8
2026-08-02 18:00:00,29.4,80.0,951.7,AWS006,Jaipur,26.9124,75.7873,False,18,6,8
2026-08-02 19:00:00,28.9,83.0,951.7,AWS006,Jaipur,26.9124,75.7873,False,19,6,8
2026-08-02 20:00:00,28.3,86.0,952.9,AWS006,Jaipur,26.9124,75.7873,False,20,6,8
2026-08-02 21:00:00,28.1,88.0,953.5,AWS006,Jaipur,26.9124,75.7873,False,21,6,8
2026-08-02 22:00:00,27.0,91.0,953.7,AWS006,Jaipur,26.9124,75.7873,False,22,6,8
2026-08-02 23:00:00,26.6,95.0,953.6,AWS006,Jaipur,26.9124,75.7873,False,23,6,8
2026-08-03 00:00:00,26.7,95.0,953.2,AWS006,Jaipur,26.9124,75.7873,False,0,0,8
2026-08-03 01:00:00,26.4,95.0,953.0,AWS006,Jaipur,26.9124,75.7873,False,1,0,8
2026-08-03 02:00:00,26.1,97.0,952.7,AWS006,Jaipur,26.9124,75.7873,False,2,0,8
2026-08-03 03:00:00,26.0,97.0,952.8,AWS006,Jaipur,26.9124,75.7873,False,3,0,8
2026-08-03 04:00:00,25.9,96.0,952.8,AWS006,Jaipur,26.9124,75.7873,False,4,0,8
2026-08-03 05:00:00,26.0,97.0,952.4,AWS006,Jaipur,26.9124,75.7873,False,5,0,8
2026-08-03 06:00:00,26.2,97.0,953.3,AWS006,Jaipur,26.9124,75.7873,False,6,0,8
2026-08-03 07:00:00,26.4,93.0,953.5,AWS006,Jaipur,26.9124,75.7873,False,7,0,8
2026-08-03 08:00:00,27.8,85.0,953.8,AWS006,Jaipur,26.9124,75.7873,False,8,0,8
2026-08-03 09:00:00,28.7,78.0,954.7,AWS006,Jaipur,26.9124,75.7873,False,9,0,8
2026-08-03 10:00:00,28.1,86.0,955.2,AWS006,Jaipur,26.9124,75.7873,False,10,0,8
2026-08-03 11:00:00,29.5,74.0,954.7,AWS006,Jaipur,26.9124,75.7873,False,11,0,8
2026-08-03 12:00:00,30.1,74.0,954.7,AWS006,Jaipur,26.9124,75.7873,False,12,0,8
2026-08-03 13:00:00,30.7,72.0,954.3,AWS006,Jaipur,26.9124,75.7873,False,13,0,8
2026-08-03 14:00:00,29.1,79.0,953.4,AWS006,Jaipur,26.9124,75.7873,False,14,0,8
2026-08-03 15:00:00,29.6,75.0,952.9,AWS006,Jaipur,26.9124,75.7873,False,15,0,8
2026-08-03 16:00:00,29.4,75.0,952.7,AWS006,Jaipur,26.9124,75.7873,False,16,0,8
2026-08-03 17:00:00,29.2,78.0,952.6,AWS006,Jaipur,26.9124,75.7873,False,17,0,8
2026-08-03 18:00:00,28.4,84.0,952.6,AWS006,Jaipur,26.9124,75.7873,False,18,0,8
2026-08-03 19:00:00,27.3,91.0,953.5,AWS006,Jaipur,26.9124,75.7873,False,19,0,8
2026-08-03 20:00:00,27.0,94.0,954.0,AWS006,Jaipur,26.9124,75.7873,False,20,0,8
2026-08-03 21:00:00,27.2,92.0,954.9,AWS006,Jaipur,26.9124,75.7873,False,21,0,8
2026-08-03 22:00:00,27.1,91.0,954.7,AWS006,Jaipur,26.9124,75.7873,False,22,0,8
2026-08-03 23:00:00,27.3,92.0,955.2,AWS006,Jaipur,26.9124,75.7873,False,23,0,8
2026-08-04 00:00:00,26.2,95.0,954.9,AWS006,Jaipur,26.9124,75.7873,False,0,1,8
2026-08-04 01:00:00,25.8,97.0,954.8,AWS006,Jaipur,26.9124,75.7873,False,1,1,8
2026-08-04 02:00:00,25.7,97.0,954.4,AWS006,Jaipur,26.9124,75.7873,False,2,1,8
2026-08-04 03:00:00,25.7,96.0,954.5,AWS006,Jaipur,26.9124,75.7873,False,3,1,8
2026-08-04 04:00:00,25.9,96.0,954.5,AWS006,Jaipur,26.9124,75.7873,False,4,1,8
2026-08-04 05:00:00,26.3,93.0,953.9,AWS006,Jaipur,26.9124,75.7873,False,5,1,8
2026-08-04 06:00:00,26.0,93.0,954.7,AWS006,Jaipur,26.9124,75.7873,False,6,1,8
2026-08-04 07:00:00,26.2,93.0,955.6,AWS006,Jaipur,26.9124,75.7873,False,7,1,8
2026-08-04 08:00:00,26.4,90.0,956.1,AWS006,Jaipur,26.9124,75.7873,False,8,1,8
2026-08-04 09:00:00,27.2,84.0,956.5,AWS006,Jaipur,26.9124,75.7873,False,9,1,8
2026-08-04 10:00:00,28.0,79.0,956.7,AWS006,Jaipur,26.9124,75.7873,False,10,1,8
2026-08-04 11:00:00,29.0,73.0,956.9,AWS006,Jaipur,26.9124,75.7873,False,11,1,8
2026-08-04 12:00:00,29.7,73.0,956.4,AWS006,Jaipur,26.9124,75.7873,False,12,1,8
2026-08-04 13:00:00,29.7,73.0,955.6,AWS006,Jaipur,26.9124,75.7873,False,13,1,8
2026-08-04 14:00:00,29.8,72.0,955.2,AWS006,Jaipur,26.9124,75.7873,False,14,1,8
2026-08-04 15:00:00,26.2,90.0,954.8,AWS006,Jaipur,26.9124,75.7873,False,15,1,8
2026-08-04 16:00:00,26.8,93.0,954.0,AWS006,Jaipur,26.9124,75.7873,False,16,1,8
2026-08-04 17:00:00,28.7,79.0,954.2,AWS006,Jaipur,26.9124,75.7873,False,17,1,8
2026-08-04 18:00:00,28.3,81.0,954.6,AWS006,Jaipur,26.9124,75.7873,False,18,1,8
2026-08-04 19:00:00,27.6,86.0,954.6,AWS006,Jaipur,26.9124,75.7873,False,19,1,8
2026-08-04 20:00:00,27.5,87.0,954.9,AWS006,Jaipur,26.9124,75.7873,False,20,1,8
2026-08-04 21:00:00,27.6,86.0,955.5,AWS006,Jaipur,26.9124,75.7873,False,21,1,8
2026-08-04 22:00:00,27.4,85.0,955.6,AWS006,Jaipur,26.9124,75.7873,False,22,1,8
2026-08-04 23:00:00,27.5,86.0,955.1,AWS006,Jaipur,26.9124,75.7873,False,23,1,8
2026-08-05 00:00:00,27.2,87.0,954.4,AWS006,Jaipur,26.9124,75.7873,False,0,2,8
2026-08-05 01:00:00,26.9,87.0,954.2,AWS006,Jaipur,26.9124,75.7873,False,1,2,8
2026-08-05 02:00:00,26.3,90.0,953.7,AWS006,Jaipur,26.9124,75.7873,False,2,2,8
2026-08-05 03:00:00,26.0,91.0,953.6,AWS006,Jaipur,26.9124,75.7873,False,3,2,8
2026-08-05 04:00:00,25.4,92.0,953.8,AWS006,Jaipur,26.9124,75.7873,False,4,2,8
2026-08-05 05:00:00,26.2,86.0,953.4,AWS006,Jaipur,26.9124,75.7873,False,5,2,8
2026-08-05 06:00:00,25.9,87.0,953.9,AWS006,Jaipur,26.9124,75.7873,False,6,2,8
2026-08-05 07:00:00,26.6,87.0,954.4,AWS006,Jaipur,26.9124,75.7873,False,7,2,8
2026-08-05 08:00:00,27.9,83.0,954.6,AWS006,Jaipur,26.9124,75.7873,False,8,2,8
2026-08-05 09:00:00,29.0,77.0,954.7,AWS006,Jaipur,26.9124,75.7873,False,9,2,8
2026-08-05 10:00:00,30.3,71.0,954.6,AWS006,Jaipur,26.9124,75.7873,False,10,2,8
2026-08-05 11:00:00,30.5,71.0,954.4,AWS006,Jaipur,26.9124,75.7873,False,11,2,8
2026-08-05 12:00:00,31.3,67.0,954.0,AWS006,Jaipur,26.9124,75.7873,False,12,2,8
2026-08-05 13:00:00,32.3,63.0,953.3,AWS006,Jaipur,26.9124,75.7873,False,13,2,8
2026-08-05 14:00:00,26.0,94.0,953.0,AWS006,Jaipur,26.9124,75.7873,False,14,2,8
2026-08-05 15:00:00,27.9,84.0,952.4,AWS006,Jaipur,26.9124,75.7873,False,15,2,8
2026-08-05 16:00:00,29.2,76.0,951.9,AWS006,Jaipur,26.9124,75.7873,False,16,2,8
2026-08-05 17:00:00,30.9,71.0,951.7,AWS006,Jaipur,26.9124,75.7873,False,17,2,8
2026-08-05 18:00:00,27.6,87.0,952.3,AWS006,Jaipur,26.9124,75.7873,False,18,2,8
2026-08-05 19:00:00,27.1,92.0,952.5,AWS006,Jaipur,26.9124,75.7873,False,19,2,8
2026-08-05 20:00:00,27.2,90.0,953.0,AWS006,Jaipur,26.9124,75.7873,False,20,2,8
2026-08-05 21:00:00,27.1,90.0,953.8,AWS006,Jaipur,26.9124,75.7873,False,21,2,8
2026-08-05 22:00:00,26.9,90.0,953.8,AWS006,Jaipur,26.9124,75.7873,False,22,2,8
2026-08-05 23:00:00,27.7,91.0,953.6,AWS006,Jaipur,26.9124,75.7873,False,23,2,8
2026-08-06 00:00:00,27.2,91.0,952.7,AWS006,Jaipur,26.9124,75.7873,False,0,3,8
2026-08-06 01:00:00,27.0,91.0,952.1,AWS006,Jaipur,26.9124,75.7873,False,1,3,8
2026-08-06 02:00:00,26.8,91.0,952.0,AWS006,Jaipur,26.9124,75.7873,False,2,3,8
2026-08-06 03:00:00,26.9,89.0,952.2,AWS006,Jaipur,26.9124,75.7873,False,3,3,8
2026-08-06 04:00:00,26.7,89.0,952.6,AWS006,Jaipur,26.9124,75.7873,False,4,3,8
2026-08-06 05:00:00,26.8,85.0,952.0,AWS006,Jaipur,26.9124,75.7873,False,5,3,8
2026-08-06 06:00:00,26.7,85.0,952.8,AWS006,Jaipur,26.9124,75.7873,False,6,3,8
2026-08-06 07:00:00,27.3,81.0,953.4,AWS006,Jaipur,26.9124,75.7873,False,7,3,8
2026-08-06 08:00:00,27.1,79.0,954.5,AWS006,Jaipur,26.9124,75.7873,False,8,3,8
2026-08-06 09:00:00,27.4,80.0,954.7,AWS006,Jaipur,26.9124,75.7873,False,9,3,8
2026-08-06 10:00:00,28.3,77.0,954.8,AWS006,Jaipur,26.9124,75.7873,False,10,3,8
2026-08-06 11:00:00,29.3,74.0,954.7,AWS006,Jaipur,26.9124,75.7873,False,11,3,8
2026-08-06 12:00:00,29.9,71.0,954.6,AWS006,Jaipur,26.9124,75.7873,False,12,3,8
2026-08-06 13:00:00,30.6,69.0,953.9,AWS006,Jaipur,26.9124,75.7873,False,13,3,8
2026-08-06 14:00:00,26.2,93.0,953.4,AWS006,Jaipur,26.9124,75.7873,False,14,3,8
2026-08-06 15:00:00,25.7,95.0,952.6,AWS006,Jaipur,26.9124,75.7873,False,15,3,8
2026-08-06 16:00:00,26.6,89.0,952.2,AWS006,Jaipur,26.9124,75.7873,False,16,3,8
2026-08-06 17:00:00,29.4,75.0,951.9,AWS006,Jaipur,26.9124,75.7873,False,17,3,8
2026-08-06 18:00:00,28.7,80.0,952.1,AWS006,Jaipur,26.9124,75.7873,False,18,3,8
2026-08-06 19:00:00,28.0,86.0,952.8,AWS006,Jaipur,26.9124,75.7873,False,19,3,8
2026-08-06 20:00:00,27.4,89.0,953.2,AWS006,Jaipur,26.9124,75.7873,False,20,3,8
2026-08-06 21:00:00,27.1,89.0,953.7,AWS006,Jaipur,26.9124,75.7873,False,21,3,8
2026-08-06 22:00:00,25.5,94.0,954.8,AWS006,Jaipur,26.9124,75.7873,False,22,3,8
2026-08-06 23:00:00,26.8,89.0,953.9,AWS006,Jaipur,26.9124,75.7873,False,23,3,8
2026-08-07 00:00:00,25.4,90.0,953.3,AWS006,Jaipur,26.9124,75.7873,False,0,4,8
2026-08-07 01:00:00,25.0,90.0,952.9,AWS006,Jaipur,26.9124,75.7873,False,1,4,8
2026-08-07 02:00:00,25.2,88.0,952.4,AWS006,Jaipur,26.9124,75.7873,False,2,4,8
2026-08-07 03:00:00,25.0,89.0,952.3,AWS006,Jaipur,26.9124,75.7873,False,3,4,8
2026-08-07 04:00:00,25.2,87.0,952.3,AWS006,Jaipur,26.9124,75.7873,False,4,4,8
2026-08-07 05:00:00,25.9,90.0,952.0,AWS006,Jaipur,26.9124,75.7873,False,5,4,8
2026-08-07 06:00:00,26.1,88.0,952.6,AWS006,Jaipur,26.9124,75.7873,False,6,4,8
2026-08-07 07:00:00,26.6,87.0,953.1,AWS006,Jaipur,26.9124,75.7873,False,7,4,8
2026-08-07 08:00:00,26.2,89.0,953.5,AWS006,Jaipur,26.9124,75.7873,False,8,4,8
2026-08-07 09:00:00,25.9,91.0,953.8,AWS006,Jaipur,26.9124,75.7873,False,9,4,8
2026-08-07 10:00:00,26.9,85.0,953.9,AWS006,Jaipur,26.9124,75.7873,False,10,4,8
2026-08-07 11:00:00,28.0,75.0,954.6,AWS006,Jaipur,26.9124,75.7873,False,11,4,8
2026-08-07 12:00:00,28.1,77.0,953.7,AWS006,Jaipur,26.9124,75.7873,False,12,4,8
2026-08-07 13:00:00,29.1,72.0,953.0,AWS006,Jaipur,26.9124,75.7873,False,13,4,8
2026-08-07 14:00:00,29.3,71.0,952.8,AWS006,Jaipur,26.9124,75.7873,False,14,4,8
2026-08-07 15:00:00,29.6,69.0,952.3,AWS006,Jaipur,26.9124,75.7873,False,15,4,8
2026-08-07 16:00:00,29.3,71.0,951.6,AWS006,Jaipur,26.9124,75.7873,False,16,4,8
2026-08-07 17:00:00,29.0,76.0,951.3,AWS006,Jaipur,26.9124,75.7873,False,17,4,8
2026-08-07 18:00:00,28.5,80.0,951.3,AWS006,Jaipur,26.9124,75.7873,False,18,4,8
2026-08-07 19:00:00,27.8,83.0,952.1,AWS006,Jaipur,26.9124,75.7873,False,19,4,8
2026-08-07 20:00:00,27.3,86.0,952.6,AWS006,Jaipur,26.9124,75.7873,False,20,4,8
2026-08-07 21:00:00,27.0,88.0,953.3,AWS006,Jaipur,26.9124,75.7873,False,21,4,8
2026-08-07 22:00:00,26.6,88.0,953.7,AWS006,Jaipur,26.9124,75.7873,False,22,4,8
2026-08-07 23:00:00,26.9,86.0,953.2,AWS006,Jaipur,26.9124,75.7873,False,23,4,8
2026-08-08 00:00:00,26.2,89.0,953.2,AWS006,Jaipur,26.9124,75.7873,False,0,5,8
2026-08-08 01:00:00,25.7,91.0,952.3,AWS006,Jaipur,26.9124,75.7873,False,1,5,8
2026-08-08 02:00:00,25.3,93.0,952.3,AWS006,Jaipur,26.9124,75.7873,False,2,5,8
2026-08-08 03:00:00,25.1,94.0,952.4,AWS006,Jaipur,26.9124,75.7873,False,3,5,8
2026-08-08 04:00:00,24.9,95.0,952.4,AWS006,Jaipur,26.9124,75.7873,False,4,5,8
2026-08-08 05:00:00,24.9,97.0,952.2,AWS006,Jaipur,26.9124,75.7873,False,5,5,8
2026-08-08 06:00:00,24.9,96.0,952.7,AWS006,Jaipur,26.9124,75.7873,False,6,5,8
2026-08-08 07:00:00,25.1,96.0,953.0,AWS006,Jaipur,26.9124,75.7873,False,7,5,8
2026-08-08 08:00:00,26.1,90.0,953.5,AWS006,Jaipur,26.9124,75.7873,False,8,5,8
2026-08-08 09:00:00,28.1,79.0,954.0,AWS006,Jaipur,26.9124,75.7873,False,9,5,8
2026-08-08 10:00:00,29.2,76.0,954.5,AWS006,Jaipur,26.9124,75.7873,False,10,5,8
2026-08-08 11:00:00,29.3,68.0,954.7,AWS006,Jaipur,26.9124,75.7873,False,11,5,8
2026-08-08 12:00:00,29.8,68.0,954.3,AWS006,Jaipur,26.9124,75.7873,False,12,5,8
2026-08-08 13:00:00,29.6,69.0,953.7,AWS006,Jaipur,26.9124,75.7873,False,13,5,8
2026-08-08 14:00:00,30.7,65.0,953.2,AWS006,Jaipur,26.9124,75.7873,False,14,5,8
2026-08-08 15:00:00,30.4,65.0,952.7,AWS006,Jaipur,26.9124,75.7873,False,15,5,8
2026-08-08 16:00:00,29.9,69.0,951.9,AWS006,Jaipur,26.9124,75.7873,False,16,5,8
2026-08-08 17:00:00,30.1,74.0,952.0,AWS006,Jaipur,26.9124,75.7873,False,17,5,8
2026-08-08 18:00:00,28.9,80.0,952.5,AWS006,Jaipur,26.9124,75.7873,False,18,5,8
2026-08-08 19:00:00,27.7,88.0,953.0,AWS006,Jaipur,26.9124,75.7873,False,19,5,8
2026-08-08 20:00:00,27.3,90.0,953.8,AWS006,Jaipur,26.9124,75.7873,False,20,5,8
2026-08-08 21:00:00,27.0,92.0,954.5,AWS006,Jaipur,26.9124,75.7873,False,21,5,8
2026-08-08 22:00:00,26.6,94.0,954.9,AWS006,Jaipur,26.9124,75.7873,False,22,5,8
2026-08-08 23:00:00,26.6,95.0,954.6,AWS006,Jaipur,26.9124,75.7873,False,23,5,8
2026-08-09 00:00:00,26.2,95.0,954.7,AWS006,Jaipur,26.9124,75.7873,False,0,6,8
2026-08-09 01:00:00,25.8,96.0,954.4,AWS006,Jaipur,26.9124,75.7873,False,1,6,8
2026-08-09 02:00:00,25.8,96.0,954.2,AWS006,Jaipur,26.9124,75.7873,False,2,6,8
2026-08-09 03:00:00,25.6,97.0,954.0,AWS006,Jaipur,26.9124,75.7873,False,3,6,8
2026-08-09 04:00:00,25.6,98.0,954.0,AWS006,Jaipur,26.9124,75.7873,False,4,6,8
2026-08-09 05:00:00,25.2,98.0,953.6,AWS006,Jaipur,26.9124,75.7873,False,5,6,8
2026-08-09 06:00:00,25.4,97.0,954.4,AWS006,Jaipur,26.9124,75.7873,False,6,6,8
2026-08-09 07:00:00,26.2,94.0,955.0,AWS006,Jaipur,26.9124,75.7873,False,7,6,8
2026-08-09 08:00:00,27.4,89.0,955.5,AWS006,Jaipur,26.9124,75.7873,False,8,6,8
2026-08-09 09:00:00,28.8,83.0,956.1,AWS006,Jaipur,26.9124,75.7873,False,9,6,8
2026-08-09 10:00:00,30.5,73.0,956.2,AWS006,Jaipur,26.9124,75.7873,False,10,6,8
2026-08-09 11:00:00,30.6,71.0,955.6,AWS006,Jaipur,26.9124,75.7873,False,11,6,8
2026-08-09 12:00:00,29.8,77.0,955.5,AWS006,Jaipur,26.9124,75.7873,False,12,6,8
2026-08-09 13:00:00,29.4,79.0,954.8,AWS006,Jaipur,26.9124,75.7873,False,13,6,8
2026-08-09 14:00:00,30.7,74.0,954.3,AWS006,Jaipur,26.9124,75.7873,False,14,6,8
2026-08-09 15:00:00,30.8,74.0,953.4,AWS006,Jaipur,26.9124,75.7873,False,15,6,8
2026-08-09 16:00:00,31.0,73.0,953.0,AWS006,Jaipur,26.9124,75.7873,False,16,6,8
2026-08-09 17:00:00,31.4,67.0,953.0,AWS006,Jaipur,26.9124,75.7873,False,17,6,8
2026-08-09 18:00:00,30.4,75.0,953.4,AWS006,Jaipur,26.9124,75.7873,False,18,6,8
2026-08-09 19:00:00,29.2,83.0,954.0,AWS006,Jaipur,26.9124,75.7873,False,19,6,8
2026-08-09 20:00:00,27.2,89.0,954.9,AWS006,Jaipur,26.9124,75.7873,False,20,6,8
2026-08-09 21:00:00,27.0,93.0,955.0,AWS006,Jaipur,26.9124,75.7873,False,21,6,8
2026-08-09 22:00:00,26.6,96.0,955.5,AWS006,Jaipur,26.9124,75.7873,False,22,6,8
2026-08-09 23:00:00,27.1,95.0,954.6,AWS006,Jaipur,26.9124,75.7873,False,23,6,8
2026-08-10 00:00:00,26.7,95.0,954.7,AWS006,Jaipur,26.9124,75.7873,False,0,0,8
2026-08-10 01:00:00,26.5,95.0,954.1,AWS006,Jaipur,26.9124,75.7873,False,1,0,8
2026-08-10 02:00:00,26.2,95.0,953.8,AWS006,Jaipur,26.9124,75.7873,False,2,0,8
2026-08-10 03:00:00,26.1,95.0,953.4,AWS006,Jaipur,26.9124,75.7873,False,3,0,8
2026-08-10 04:00:00,26.1,96.0,953.6,AWS006,Jaipur,26.9124,75.7873,False,4,0,8
2026-08-10 05:00:00,26.4,93.0,953.3,AWS006,Jaipur,26.9124,75.7873,False,5,0,8
2026-08-10 06:00:00,26.1,91.0,953.7,AWS006,Jaipur,26.9124,75.7873,False,6,0,8
2026-08-10 07:00:00,26.4,94.0,954.2,AWS006,Jaipur,26.9124,75.7873,False,7,0,8
2026-08-10 08:00:00,27.0,89.0,955.0,AWS006,Jaipur,26.9124,75.7873,False,8,0,8
2026-08-10 09:00:00,28.3,87.0,955.1,AWS006,Jaipur,26.9124,75.7873,False,9,0,8
2026-08-10 10:00:00,30.5,75.0,955.3,AWS006,Jaipur,26.9124,75.7873,False,10,0,8
2026-08-10 11:00:00,31.6,66.0,955.0,AWS006,Jaipur,26.9124,75.7873,False,11,0,8
2026-08-10 12:00:00,31.8,65.0,954.4,AWS006,Jaipur,26.9124,75.7873,False,12,0,8
2026-08-10 13:00:00,32.2,65.0,954.2,AWS006,Jaipur,26.9124,75.7873,False,13,0,8
2026-08-10 14:00:00,30.0,75.0,953.3,AWS006,Jaipur,26.9124,75.7873,False,14,0,8
2026-08-10 15:00:00,31.5,69.0,952.7,AWS006,Jaipur,26.9124,75.7873,False,15,0,8
2026-08-10 16:00:00,31.6,70.0,952.2,AWS006,Jaipur,26.9124,75.7873,False,16,0,8
2026-08-10 17:00:00,28.9,82.0,952.6,AWS006,Jaipur,26.9124,75.7873,False,17,0,8
2026-08-10 18:00:00,28.5,81.0,953.0,AWS006,Jaipur,26.9124,75.7873,False,18,0,8
2026-08-10 19:00:00,27.9,84.0,953.1,AWS006,Jaipur,26.9124,75.7873,False,19,0,8
2026-08-10 20:00:00,27.8,87.0,953.8,AWS006,Jaipur,26.9124,75.7873,False,20,0,8
2026-08-10 21:00:00,27.4,88.0,954.2,AWS006,Jaipur,26.9124,75.7873,False,21,0,8
2026-08-10 22:00:00,27.0,89.0,954.4,AWS006,Jaipur,26.9124,75.7873,False,22,0,8
2026-08-10 23:00:00,27.4,90.0,953.5,AWS006,Jaipur,26.9124,75.7873,False,23,0,8
2026-08-11 00:00:00,27.0,91.0,953.9,AWS006,Jaipur,26.9124,75.7873,False,0,1,8
2026-08-11 01:00:00,26.4,93.0,953.8,AWS006,Jaipur,26.9124,75.7873,False,1,1,8
2026-08-11 02:00:00,26.1,97.0,953.3,AWS006,Jaipur,26.9124,75.7873,False,2,1,8
2026-08-11 03:00:00,25.9,98.0,953.2,AWS006,Jaipur,26.9124,75.7873,False,3,1,8
2026-08-11 04:00:00,26.0,97.0,953.1,AWS006,Jaipur,26.9124,75.7873,False,4,1,8
2026-08-11 05:00:00,26.2,98.0,953.5,AWS006,Jaipur,26.9124,75.7873,False,5,1,8
2026-08-11 06:00:00,26.0,98.0,954.0,AWS006,Jaipur,26.9124,75.7873,False,6,1,8
2026-08-11 07:00:00,26.8,94.0,954.5,AWS006,Jaipur,26.9124,75.7873,False,7,1,8
2026-08-11 08:00:00,28.0,88.0,955.2,AWS006,Jaipur,26.9124,75.7873,False,8,1,8
2026-08-11 09:00:00,29.4,81.0,955.6,AWS006,Jaipur,26.9124,75.7873,False,9,1,8
2026-08-11 10:00:00,30.4,78.0,955.5,AWS006,Jaipur,26.9124,75.7873,False,10,1,8
2026-08-11 11:00:00,31.8,70.0,955.1,AWS006,Jaipur,26.9124,75.7873,False,11,1,8
2026-08-11 12:00:00,31.9,69.0,954.5,AWS006,Jaipur,26.9124,75.7873,False,12,1,8
2026-08-11 13:00:00,32.5,66.0,953.9,AWS006,Jaipur,26.9124,75.7873,False,13,1,8
2026-08-11 14:00:00,31.5,70.0,952.4,AWS006,Jaipur,26.9124,75.7873,False,14,1,8
2026-08-11 15:00:00,27.5,86.0,952.4,AWS006,Jaipur,26.9124,75.7873,False,15,1,8
2026-08-11 16:00:00,27.1,92.0,952.6,AWS006,Jaipur,26.9124,75.7873,False,16,1,8
2026-08-11 17:00:00,27.2,93.0,952.6,AWS006,Jaipur,26.9124,75.7873,False,17,1,8
2026-08-11 18:00:00,27.5,92.0,953.9,AWS006,Jaipur,26.9124,75.7873,False,18,1,8
2026-08-11 19:00:00,27.1,93.0,954.0,AWS006,Jaipur,26.9124,75.7873,False,19,1,8
2026-08-11 20:00:00,27.0,95.0,954.3,AWS006,Jaipur,26.9124,75.7873,False,20,1,8
2026-08-11 21:00:00,27.0,96.0,954.9,AWS006,Jaipur,26.9124,75.7873,False,21,1,8
2026-08-11 22:00:00,26.8,97.0,955.1,AWS006,Jaipur,26.9124,75.7873,False,22,1,8
2026-08-11 23:00:00,27.2,98.0,955.1,AWS006,Jaipur,26.9124,75.7873,False,23,1,8
2026-08-12 00:00:00,26.2,94.0,955.0,AWS006,Jaipur,26.9124,75.7873,False,0,2,8
2026-08-12 01:00:00,26.1,97.0,954.5,AWS006,Jaipur,26.9124,75.7873,False,1,2,8
2026-08-12 02:00:00,25.9,98.0,954.1,AWS006,Jaipur,26.9124,75.7873,False,2,2,8
2026-08-12 03:00:00,25.8,99.0,954.2,AWS006,Jaipur,26.9124,75.7873,False,3,2,8
2026-08-12 04:00:00,25.8,96.0,954.2,AWS006,Jaipur,26.9124,75.7873,False,4,2,8
2026-08-12 05:00:00,25.9,99.0,954.2,AWS006,Jaipur,26.9124,75.7873,False,5,2,8
2026-08-12 06:00:00,25.7,99.0,954.7,AWS006,Jaipur,26.9124,75.7873,False,6,2,8
2026-08-12 07:00:00,26.5,96.0,955.4,AWS006,Jaipur,26.9124,75.7873,False,7,2,8
2026-08-12 08:00:00,28.1,88.0,955.9,AWS006,Jaipur,26.9124,75.7873,False,8,2,8
2026-08-12 09:00:00,29.4,78.0,956.3,AWS006,Jaipur,26.9124,75.7873,False,9,2,8
2026-08-12 10:00:00,30.6,73.0,956.3,AWS006,Jaipur,26.9124,75.7873,False,10,2,8
2026-08-12 11:00:00,31.9,65.0,956.0,AWS006,Jaipur,26.9124,75.7873,False,11,2,8
2026-08-12 12:00:00,31.8,64.0,955.5,AWS006,Jaipur,26.9124,75.7873,False,12,2,8
2026-08-12 13:00:00,31.7,64.0,954.9,AWS006,Jaipur,26.9124,75.7873,False,13,2,8
2026-08-12 14:00:00,31.4,66.0,954.4,AWS006,Jaipur,26.9124,75.7873,False,14,2,8
2026-08-12 15:00:00,31.3,69.0,954.2,AWS006,Jaipur,26.9124,75.7873,False,15,2,8
2026-08-12 16:00:00,29.3,81.0,953.4,AWS006,Jaipur,26.9124,75.7873,False,16,2,8
2026-08-12 17:00:00,29.7,77.0,953.9,AWS006,Jaipur,26.9124,75.7873,False,17,2,8
2026-08-12 18:00:00,28.9,81.0,954.6,AWS006,Jaipur,26.9124,75.7873,False,18,2,8
2026-08-12 19:00:00,27.9,87.0,955.4,AWS006,Jaipur,26.9124,75.7873,False,19,2,8
2026-08-12 20:00:00,26.4,86.0,956.0,AWS006,Jaipur,26.9124,75.7873,False,20,2,8
2026-08-12 21:00:00,26.0,88.0,956.7,AWS006,Jaipur,26.9124,75.7873,False,21,2,8
2026-08-12 22:00:00,25.7,91.0,956.5,AWS006,Jaipur,26.9124,75.7873,False,22,2,8
2026-08-12 23:00:00,26.5,90.0,956.6,AWS006,Jaipur,26.9124,75.7873,False,23,2,8
2026-08-13 00:00:00,26.1,92.0,956.4,AWS006,Jaipur,26.9124,75.7873,False,0,3,8
2026-08-13 01:00:00,25.8,92.0,955.9,AWS006,Jaipur,26.9124,75.7873,False,1,3,8
2026-08-13 02:00:00,25.6,94.0,955.5,AWS006,Jaipur,26.9124,75.7873,False,2,3,8
2026-08-13 03:00:00,25.5,94.0,955.3,AWS006,Jaipur,26.9124,75.7873,False,3,3,8
2026-08-13 04:00:00,25.5,95.0,955.2,AWS006,Jaipur,26.9124,75.7873,False,4,3,8
2026-08-13 05:00:00,25.8,100.0,955.1,AWS006,Jaipur,26.9124,75.7873,False,5,3,8
2026-08-13 06:00:00,25.5,100.0,955.3,AWS006,Jaipur,26.9124,75.7873,False,6,3,8
2026-08-13 07:00:00,26.7,95.0,955.7,AWS006,Jaipur,26.9124,75.7873,False,7,3,8
2026-08-13 08:00:00,28.5,82.0,956.3,AWS006,Jaipur,26.9124,75.7873,False,8,3,8
2026-08-13 09:00:00,29.8,73.0,956.6,AWS006,Jaipur,26.9124,75.7873,False,9,3,8
2026-08-13 10:00:00,30.9,65.0,956.7,AWS006,Jaipur,26.9124,75.7873,False,10,3,8
2026-08-13 11:00:00,31.2,66.0,957.1,AWS006,Jaipur,26.9124,75.7873,False,11,3,8
2026-08-13 12:00:00,32.0,63.0,956.6,AWS006,Jaipur,26.9124,75.7873,False,12,3,8
2026-08-13 13:00:00,32.3,60.0,955.6,AWS006,Jaipur,26.9124,75.7873,False,13,3,8
2026-08-13 14:00:00,32.5,58.0,955.1,AWS006,Jaipur,26.9124,75.7873,False,14,3,8
2026-08-13 15:00:00,32.3,58.0,954.3,AWS006,Jaipur,26.9124,75.7873,False,15,3,8
2026-08-13 16:00:00,30.7,69.0,954.0,AWS006,Jaipur,26.9124,75.7873,False,16,3,8
2026-08-13 17:00:00,31.1,66.0,954.2,AWS006,Jaipur,26.9124,75.7873,False,17,3,8
2026-08-13 18:00:00,30.3,73.0,954.6,AWS006,Jaipur,26.9124,75.7873,False,18,3,8
2026-08-13 19:00:00,29.5,80.0,954.8,AWS006,Jaipur,26.9124,75.7873,False,19,3,8
2026-08-13 20:00:00,29.0,83.0,955.8,AWS006,Jaipur,26.9124,75.7873,False,20,3,8
2026-08-13 21:00:00,28.6,83.0,956.2,AWS006,Jaipur,26.9124,75.7873,False,21,3,8
2026-08-13 22:00:00,28.2,80.0,956.2,AWS006,Jaipur,26.9124,75.7873,False,22,3,8
2026-08-13 23:00:00,28.0,85.0,955.7,AWS006,Jaipur,26.9124,75.7873,False,23,3,8
2026-08-14 00:00:00,27.5,86.0,955.4,AWS006,Jaipur,26.9124,75.7873,False,0,4,8
2026-08-14 01:00:00,27.3,84.0,955.0,AWS006,Jaipur,26.9124,75.7873,False,1,4,8
2026-08-14 02:00:00,26.9,86.0,954.9,AWS006,Jaipur,26.9124,75.7873,False,2,4,8
2026-08-14 03:00:00,26.6,87.0,954.6,AWS006,Jaipur,26.9124,75.7873,False,3,4,8
2026-08-14 04:00:00,26.4,87.0,954.8,AWS006,Jaipur,26.9124,75.7873,False,4,4,8
2026-08-14 05:00:00,26.6,88.0,954.9,AWS006,Jaipur,26.9124,75.7873,False,5,4,8
2026-08-14 06:00:00,26.4,89.0,955.3,AWS006,Jaipur,26.9124,75.7873,False,6,4,8
2026-08-14 07:00:00,27.2,86.0,955.9,AWS006,Jaipur,26.9124,75.7873,False,7,4,8
2026-08-14 08:00:00,28.1,82.0,956.6,AWS006,Jaipur,26.9124,75.7873,False,8,4,8
2026-08-14 09:00:00,29.3,78.0,956.9,AWS006,Jaipur,26.9124,75.7873,False,9,4,8
2026-08-14 10:00:00,30.0,75.0,956.5,AWS006,Jaipur,26.9124,75.7873,False,10,4,8
2026-08-14 11:00:00,30.5,69.0,957.0,AWS006,Jaipur,26.9124,75.7873,False,11,4,8
2026-08-14 12:00:00,31.1,67.0,957.0,AWS006,Jaipur,26.9124,75.7873,False,12,4,8
2026-08-14 13:00:00,31.8,63.0,956.6,AWS006,Jaipur,26.9124,75.7873,False,13,4,8
2026-08-14 14:00:00,31.8,62.0,955.9,AWS006,Jaipur,26.9124,75.7873,False,14,4,8
2026-08-14 15:00:00,31.5,65.0,955.2,AWS006,Jaipur,26.9124,75.7873,False,15,4,8
2026-08-14 16:00:00,28.8,81.0,954.4,AWS006,Jaipur,26.9124,75.7873,False,16,4,8
2026-08-14 17:00:00,29.4,78.0,954.7,AWS006,Jaipur,26.9124,75.7873,False,17,4,8
2026-08-14 18:00:00,29.0,82.0,954.9,AWS006,Jaipur,26.9124,75.7873,False,18,4,8
2026-08-14 19:00:00,28.5,86.0,955.2,AWS006,Jaipur,26.9124,75.7873,False,19,4,8
2026-08-14 20:00:00,28.2,88.0,956.0,AWS006,Jaipur,26.9124,75.7873,False,20,4,8
2026-08-14 21:00:00,28.1,89.0,956.5,AWS006,Jaipur,26.9124,75.7873,False,21,4,8
2026-08-14 22:00:00,27.7,91.0,956.5,AWS006,Jaipur,26.9124,75.7873,False,22,4,8
2026-08-14 23:00:00,27.7,90.0,956.2,AWS006,Jaipur,26.9124,75.7873,False,23,4,8
2026-08-15 00:00:00,27.1,91.0,955.5,AWS006,Jaipur,26.9124,75.7873,False,0,5,8
2026-08-15 01:00:00,27.0,89.0,955.7,AWS006,Jaipur,26.9124,75.7873,False,1,5,8
2026-08-15 02:00:00,26.8,89.0,955.6,AWS006,Jaipur,26.9124,75.7873,False,2,5,8
2026-08-15 03:00:00,26.7,90.0,955.5,AWS006,Jaipur,26.9124,75.7873,False,3,5,8
2026-08-15 04:00:00,26.5,91.0,955.5,AWS006,Jaipur,26.9124,75.7873,False,4,5,8
2026-08-15 05:00:00,26.1,91.0,955.6,AWS006,Jaipur,26.9124,75.7873,False,5,5,8
2026-08-15 06:00:00,25.9,89.0,956.5,AWS006,Jaipur,26.9124,75.7873,False,6,5,8
2026-08-15 07:00:00,26.8,84.0,956.8,AWS006,Jaipur,26.9124,75.7873,False,7,5,8
2026-08-15 08:00:00,28.1,78.0,957.3,AWS006,Jaipur,26.9124,75.7873,False,8,5,8
2026-08-15 09:00:00,28.9,74.0,957.7,AWS006,Jaipur,26.9124,75.7873,False,9,5,8
2026-08-15 10:00:00,29.6,71.0,957.7,AWS006,Jaipur,26.9124,75.7873,False,10,5,8
2026-08-15 11:00:00,30.7,66.0,957.6,AWS006,Jaipur,26.9124,75.7873,False,11,5,8
2026-08-15 12:00:00,31.5,65.0,956.8,AWS006,Jaipur,26.9124,75.7873,False,12,5,8
2026-08-15 13:00:00,32.1,63.0,956.5,AWS006,Jaipur,26.9124,75.7873,False,13,5,8
2026-08-15 14:00:00,32.1,62.0,955.6,AWS006,Jaipur,26.9124,75.7873,False,14,5,8
2026-08-15 15:00:00,29.8,74.0,954.8,AWS006,Jaipur,26.9124,75.7873,False,15,5,8
2026-08-15 16:00:00,27.2,92.0,954.6,AWS006,Jaipur,26.9124,75.7873,False,16,5,8
2026-08-15 17:00:00,28.1,84.0,955.0,AWS006,Jaipur,26.9124,75.7873,False,17,5,8
2026-08-15 18:00:00,27.0,93.0,954.8,AWS006,Jaipur,26.9124,75.7873,False,18,5,8
2026-08-15 19:00:00,26.9,94.0,955.2,AWS006,Jaipur,26.9124,75.7873,False,19,5,8
2026-08-15 20:00:00,26.7,95.0,955.7,AWS006,Jaipur,26.9124,75.7873,False,20,5,8
2026-08-15 21:00:00,26.5,95.0,956.1,AWS006,Jaipur,26.9124,75.7873,False,21,5,8
2026-08-15 22:00:00,26.1,95.0,956.4,AWS006,Jaipur,26.9124,75.7873,False,22,5,8
2026-08-15 23:00:00,26.5,97.0,955.8,AWS006,Jaipur,26.9124,75.7873,False,23,5,8
2026-08-16 00:00:00,26.5,96.0,955.7,AWS006,Jaipur,26.9124,75.7873,False,0,6,8
2026-08-16 01:00:00,26.3,96.0,954.9,AWS006,Jaipur,26.9124,75.7873,False,1,6,8
2026-08-16 02:00:00,26.1,93.0,954.4,AWS006,Jaipur,26.9124,75.7873,False,2,6,8
2026-08-16 03:00:00,25.8,92.0,954.4,AWS006,Jaipur,26.9124,75.7873,False,3,6,8
2026-08-16 04:00:00,25.5,89.0,954.7,AWS006,Jaipur,26.9124,75.7873,False,4,6,8
2026-08-16 05:00:00,26.0,83.0,954.0,AWS006,Jaipur,26.9124,75.7873,False,5,6,8
2026-08-16 06:00:00,25.9,82.0,954.8,AWS006,Jaipur,26.9124,75.7873,False,6,6,8
2026-08-16 07:00:00,26.6,80.0,955.3,AWS006,Jaipur,26.9124,75.7873,False,7,6,8
2026-08-16 08:00:00,27.2,77.0,956.0,AWS006,Jaipur,26.9124,75.7873,False,8,6,8
2026-08-16 09:00:00,28.0,75.0,956.5,AWS006,Jaipur,26.9124,75.7873,False,9,6,8
2026-08-16 10:00:00,29.1,71.0,956.6,AWS006,Jaipur,26.9124,75.7873,False,10,6,8
2026-08-16 11:00:00,30.0,67.0,956.3,AWS006,Jaipur,26.9124,75.7873,False,11,6,8
2026-08-16 12:00:00,30.9,64.0,956.0,AWS006,Jaipur,26.9124,75.7873,False,12,6,8
2026-08-16 13:00:00,31.7,62.0,955.5,AWS006,Jaipur,26.9124,75.7873,False,13,6,8
2026-08-16 14:00:00,32.0,62.0,954.7,AWS006,Jaipur,26.9124,75.7873,False,14,6,8
2026-08-16 15:00:00,32.0,61.0,954.2,AWS006,Jaipur,26.9124,75.7873,False,15,6,8
2026-08-16 16:00:00,31.8,62.0,953.8,AWS006,Jaipur,26.9124,75.7873,False,16,6,8
2026-08-16 17:00:00,31.2,64.0,954.2,AWS006,Jaipur,26.9124,75.7873,False,17,6,8
2026-08-16 18:00:00,29.9,70.0,954.2,AWS006,Jaipur,26.9124,75.7873,False,18,6,8
2026-08-16 19:00:00,28.7,77.0,954.7,AWS006,Jaipur,26.9124,75.7873,False,19,6,8
2026-08-16 20:00:00,28.2,80.0,955.3,AWS006,Jaipur,26.9124,75.7873,False,20,6,8
2026-08-16 21:00:00,27.7,82.0,956.0,AWS006,Jaipur,26.9124,75.7873,False,21,6,8
2026-08-16 22:00:00,27.5,81.0,956.1,AWS006,Jaipur,26.9124,75.7873,False,22,6,8
2026-08-16 23:00:00,27.7,81.0,955.6,AWS006,Jaipur,26.9124,75.7873,False,23,6,8
2026-08-17 00:00:00,27.3,81.0,955.6,AWS006,Jaipur,26.9124,75.7873,False,0,0,8
2026-08-17 01:00:00,27.3,80.0,955.3,AWS006,Jaipur,26.9124,75.7873,False,1,0,8
2026-08-17 02:00:00,27.1,79.0,955.0,AWS006,Jaipur,26.9124,75.7873,False,2,0,8
2026-08-17 03:00:00,26.9,79.0,954.9,AWS006,Jaipur,26.9124,75.7873,False,3,0,8
2026-08-17 04:00:00,26.6,80.0,955.0,AWS006,Jaipur,26.9124,75.7873,False,4,0,8
2026-08-17 05:00:00,26.5,82.0,954.9,AWS006,Jaipur,26.9124,75.7873,False,5,0,8
2026-08-17 06:00:00,26.2,83.0,955.7,AWS006,Jaipur,26.9124,75.7873,False,6,0,8
2026-08-17 07:00:00,26.4,82.0,956.2,AWS006,Jaipur,26.9124,75.7873,False,7,0,8
2026-08-17 08:00:00,27.0,79.0,956.5,AWS006,Jaipur,26.9124,75.7873,False,8,0,8
2026-08-17 09:00:00,27.7,76.0,957.0,AWS006,Jaipur,26.9124,75.7873,False,9,0,8
2026-08-17 10:00:00,29.0,70.0,957.4,AWS006,Jaipur,26.9124,75.7873,False,10,0,8
2026-08-17 11:00:00,29.2,69.0,957.4,AWS006,Jaipur,26.9124,75.7873,False,11,0,8
2026-08-17 12:00:00,29.7,66.0,957.0,AWS006,Jaipur,26.9124,75.7873,False,12,0,8
2026-08-17 13:00:00,31.0,61.0,956.4,AWS006,Jaipur,26.9124,75.7873,False,13,0,8
2026-08-17 14:00:00,30.9,62.0,955.6,AWS006,Jaipur,26.9124,75.7873,False,14,0,8
2026-08-17 15:00:00,31.1,62.0,955.3,AWS006,Jaipur,26.9124,75.7873,False,15,0,8
2026-08-17 16:00:00,31.0,62.0,954.7,AWS006,Jaipur,26.9124,75.7873,False,16,0,8
2026-08-17 17:00:00,30.5,66.0,954.5,AWS006,Jaipur,26.9124,75.7873,False,17,0,8
2026-08-17 18:00:00,29.6,71.0,954.8,AWS006,Jaipur,26.9124,75.7873,False,18,0,8
2026-08-17 19:00:00,28.4,77.0,955.2,AWS006,Jaipur,26.9124,75.7873,False,19,0,8
2026-08-17 20:00:00,27.7,80.0,955.9,AWS006,Jaipur,26.9124,75.7873,False,20,0,8
2026-08-17 21:00:00,27.4,81.0,956.6,AWS006,Jaipur,26.9124,75.7873,False,21,0,8
2026-08-17 22:00:00,27.1,82.0,957.1,AWS006,Jaipur,26.9124,75.7873,False,22,0,8
2026-08-17 23:00:00,27.7,79.0,956.8,AWS006,Jaipur,26.9124,75.7873,False,23,0,8
2026-08-18 00:00:00,27.3,77.0,956.7,AWS006,Jaipur,26.9124,75.7873,False,0,1,8
2026-08-18 01:00:00,26.9,76.0,956.3,AWS006,Jaipur,26.9124,75.7873,False,1,1,8
2026-08-18 02:00:00,26.4,78.0,956.0,AWS006,Jaipur,26.9124,75.7873,False,2,1,8
2026-08-18 03:00:00,25.9,81.0,955.6,AWS006,Jaipur,26.9124,75.7873,False,3,1,8
2026-08-18 04:00:00,25.4,83.0,955.9,AWS006,Jaipur,26.9124,75.7873,False,4,1,8
2026-08-18 05:00:00,25.6,84.0,956.0,AWS006,Jaipur,26.9124,75.7873,False,5,1,8
2026-08-18 06:00:00,25.5,84.0,956.5,AWS006,Jaipur,26.9124,75.7873,False,6,1,8
2026-08-18 07:00:00,26.3,82.0,957.0,AWS006,Jaipur,26.9124,75.7873,False,7,1,8
2026-08-18 08:00:00,27.4,77.0,957.6,AWS006,Jaipur,26.9124,75.7873,False,8,1,8
2026-08-18 09:00:00,28.7,71.0,958.0,AWS006,Jaipur,26.9124,75.7873,False,9,1,8
2026-08-18 10:00:00,29.7,67.0,958.3,AWS006,Jaipur,26.9124,75.7873,False,10,1,8
2026-08-18 11:00:00,30.6,62.0,958.5,AWS006,Jaipur,26.9124,75.7873,False,11,1,8
2026-08-18 12:00:00,31.0,60.0,958.1,AWS006,Jaipur,26.9124,75.7873,False,12,1,8
2026-08-18 13:00:00,31.6,58.0,957.4,AWS006,Jaipur,26.9124,75.7873,False,13,1,8
2026-08-18 14:00:00,31.9,56.0,956.5,AWS006,Jaipur,26.9124,75.7873,False,14,1,8
2026-08-18 15:00:00,31.8,55.0,955.9,AWS006,Jaipur,26.9124,75.7873,False,15,1,8
2026-08-18 16:00:00,31.4,58.0,955.5,AWS006,Jaipur,26.9124,75.7873,False,16,1,8
2026-08-18 17:00:00,30.9,62.0,955.0,AWS006,Jaipur,26.9124,75.7873,False,17,1,8
2026-08-18 18:00:00,29.9,69.0,955.6,AWS006,Jaipur,26.9124,75.7873,False,18,1,8
2026-08-18 19:00:00,28.9,75.0,956.1,AWS006,Jaipur,26.9124,75.7873,False,19,1,8
2026-08-18 20:00:00,28.3,78.0,956.7,AWS006,Jaipur,26.9124,75.7873,False,20,1,8
2026-08-18 21:00:00,27.8,82.0,957.4,AWS006,Jaipur,26.9124,75.7873,False,21,1,8
2026-08-18 22:00:00,27.5,81.0,957.5,AWS006,Jaipur,26.9124,75.7873,False,22,1,8
2026-08-18 23:00:00,27.5,77.0,957.2,AWS006,Jaipur,26.9124,75.7873,False,23,1,8
2026-08-19 00:00:00,26.9,76.0,956.8,AWS006,Jaipur,26.9124,75.7873,False,0,2,8
2026-08-19 01:00:00,26.3,77.0,956.4,AWS006,Jaipur,26.9124,75.7873,False,1,2,8
2026-08-19 02:00:00,25.8,78.0,956.1,AWS006,Jaipur,26.9124,75.7873,False,2,2,8
2026-08-19 03:00:00,25.3,80.0,955.9,AWS006,Jaipur,26.9124,75.7873,False,3,2,8
2026-08-19 04:00:00,24.9,82.0,956.4,AWS006,Jaipur,26.9124,75.7873,False,4,2,8
2026-08-19 05:00:00,25.6,83.0,956.1,AWS006,Jaipur,26.9124,75.7873,False,5,2,8
2026-08-19 06:00:00,25.5,84.0,956.8,AWS006,Jaipur,26.9124,75.7873,False,6,2,8
2026-08-19 07:00:00,26.5,81.0,957.6,AWS006,Jaipur,26.9124,75.7873,False,7,2,8
2026-08-19 08:00:00,27.6,76.0,958.2,AWS006,Jaipur,26.9124,75.7873,False,8,2,8
2026-08-19 09:00:00,28.9,71.0,958.7,AWS006,Jaipur,26.9124,75.7873,False,9,2,8
2026-08-19 10:00:00,30.0,66.0,958.5,AWS006,Jaipur,26.9124,75.7873,False,10,2,8
2026-08-19 11:00:00,30.7,61.0,958.7,AWS006,Jaipur,26.9124,75.7873,False,11,2,8
2026-08-19 12:00:00,31.2,59.0,958.1,AWS006,Jaipur,26.9124,75.7873,False,12,2,8
2026-08-19 13:00:00,31.6,56.0,957.6,AWS006,Jaipur,26.9124,75.7873,False,13,2,8
2026-08-19 14:00:00,32.1,54.0,956.8,AWS006,Jaipur,26.9124,75.7873,False,14,2,8
2026-08-19 15:00:00,32.1,53.0,956.3,AWS006,Jaipur,26.9124,75.7873,False,15,2,8
2026-08-19 16:00:00,31.8,54.0,955.8,AWS006,Jaipur,26.9124,75.7873,False,16,2,8
2026-08-19 17:00:00,31.5,57.0,956.0,AWS006,Jaipur,26.9124,75.7873,False,17,2,8
2026-08-19 18:00:00,30.2,66.0,956.0,AWS006,Jaipur,26.9124,75.7873,False,18,2,8
2026-08-19 19:00:00,29.0,73.0,956.5,AWS006,Jaipur,26.9124,75.7873,False,19,2,8
2026-08-19 20:00:00,28.5,74.0,957.1,AWS006,Jaipur,26.9124,75.7873,False,20,2,8
2026-08-19 21:00:00,28.0,75.0,957.8,AWS006,Jaipur,26.9124,75.7873,False,21,2,8
2026-08-19 22:00:00,27.8,76.0,957.9,AWS006,Jaipur,26.9124,75.7873,False,22,2,8
2026-08-19 23:00:00,27.5,75.0,957.7,AWS006,Jaipur,26.9124,75.7873,False,23,2,8
2026-08-20 00:00:00,26.9,76.0,957.5,AWS006,Jaipur,26.9124,75.7873,False,0,3,8
2026-08-20 01:00:00,26.5,77.0,957.3,AWS006,Jaipur,26.9124,75.7873,False,1,3,8
2026-08-20 02:00:00,26.1,78.0,956.8,AWS006,Jaipur,26.9124,75.7873,False,2,3,8
2026-08-20 03:00:00,25.9,79.0,956.6,AWS006,Jaipur,26.9124,75.7873,False,3,3,8
2026-08-20 04:00:00,25.6,80.0,956.9,AWS006,Jaipur,26.9124,75.7873,False,4,3,8
2026-08-20 05:00:00,26.2,77.0,956.8,AWS006,Jaipur,26.9124,75.7873,False,5,3,8
2026-08-20 06:00:00,25.9,79.0,957.4,AWS006,Jaipur,26.9124,75.7873,False,6,3,8
2026-08-20 07:00:00,26.5,77.0,958.1,AWS006,Jaipur,26.9124,75.7873,False,7,3,8
2026-08-20 08:00:00,27.2,76.0,958.3,AWS006,Jaipur,26.9124,75.7873,False,8,3,8
2026-08-20 09:00:00,28.1,74.0,958.9,AWS006,Jaipur,26.9124,75.7873,False,9,3,8
2026-08-20 10:00:00,29.5,70.0,959.0,AWS006,Jaipur,26.9124,75.7873,False,10,3,8
2026-08-20 11:00:00,30.9,59.0,958.8,AWS006,Jaipur,26.9124,75.7873,False,11,3,8
2026-08-20 12:00:00,31.7,56.0,958.0,AWS006,Jaipur,26.9124,75.7873,False,12,3,8
2026-08-20 13:00:00,32.1,55.0,957.6,AWS006,Jaipur,26.9124,75.7873,False,13,3,8
2026-08-20 14:00:00,32.2,55.0,956.6,AWS006,Jaipur,26.9124,75.7873,False,14,3,8
2026-08-20 15:00:00,32.0,55.0,956.2,AWS006,Jaipur,26.9124,75.7873,False,15,3,8
2026-08-20 16:00:00,31.8,57.0,955.7,AWS006,Jaipur,26.9124,75.7873,False,16,3,8
2026-08-20 17:00:00,31.5,59.0,956.1,AWS006,Jaipur,26.9124,75.7873,False,17,3,8
2026-08-20 18:00:00,30.1,65.0,956.3,AWS006,Jaipur,26.9124,75.7873,False,18,3,8
2026-08-20 19:00:00,28.8,78.0,956.4,AWS006,Jaipur,26.9124,75.7873,False,19,3,8
2026-08-20 20:00:00,28.1,85.0,956.8,AWS006,Jaipur,26.9124,75.7873,False,20,3,8
2026-08-20 21:00:00,27.8,85.0,957.4,AWS006,Jaipur,26.9124,75.7873,False,21,3,8
2026-08-20 22:00:00,27.5,80.0,957.6,AWS006,Jaipur,26.9124,75.7873,False,22,3,8
2026-08-20 23:00:00,27.7,79.0,957.2,AWS006,Jaipur,26.9124,75.7873,False,23,3,8
2026-08-21 00:00:00,27.3,78.0,957.1,AWS006,Jaipur,26.9124,75.7873,False,0,4,8
2026-08-21 01:00:00,26.9,78.0,956.6,AWS006,Jaipur,26.9124,75.7873,False,1,4,8
2026-08-21 02:00:00,26.6,78.0,956.4,AWS006,Jaipur,26.9124,75.7873,False,2,4,8
2026-08-21 03:00:00,26.3,77.0,956.1,AWS006,Jaipur,26.9124,75.7873,False,3,4,8
2026-08-21 04:00:00,26.1,77.0,956.3,AWS006,Jaipur,26.9124,75.7873,False,4,4,8
2026-08-21 05:00:00,26.2,78.0,956.2,AWS006,Jaipur,26.9124,75.7873,False,5,4,8
2026-08-21 06:00:00,26.1,78.0,956.5,AWS006,Jaipur,26.9124,75.7873,False,6,4,8
2026-08-21 07:00:00,26.7,77.0,957.2,AWS006,Jaipur,26.9124,75.7873,False,7,4,8
2026-08-21 08:00:00,27.8,74.0,957.9,AWS006,Jaipur,26.9124,75.7873,False,8,4,8
2026-08-21 09:00:00,28.4,73.0,958.1,AWS006,Jaipur,26.9124,75.7873,False,9,4,8
2026-08-21 10:00:00,30.1,66.0,958.5,AWS006,Jaipur,26.9124,75.7873,False,10,4,8
2026-08-21 11:00:00,30.7,63.0,958.2,AWS006,Jaipur,26.9124,75.7873,False,11,4,8
2026-08-21 12:00:00,31.8,58.0,957.5,AWS006,Jaipur,26.9124,75.7873,False,12,4,8
2026-08-21 13:00:00,32.5,55.0,956.5,AWS006,Jaipur,26.9124,75.7873,False,13,4,8
2026-08-21 14:00:00,33.0,53.0,955.9,AWS006,Jaipur,26.9124,75.7873,False,14,4,8
2026-08-21 15:00:00,32.9,54.0,955.4,AWS006,Jaipur,26.9124,75.7873,False,15,4,8
2026-08-21 16:00:00,30.1,66.0,955.1,AWS006,Jaipur,26.9124,75.7873,False,16,4,8
2026-08-21 17:00:00,32.3,56.0,954.9,AWS006,Jaipur,26.9124,75.7873,False,17,4,8
2026-08-21 18:00:00,30.4,71.0,955.2,AWS006,Jaipur,26.9124,75.7873,False,18,4,8
2026-08-21 19:00:00,29.3,75.0,955.5,AWS006,Jaipur,26.9124,75.7873,False,19,4,8
2026-08-21 20:00:00,28.9,76.0,955.8,AWS006,Jaipur,26.9124,75.7873,False,20,4,8
2026-08-21 21:00:00,28.6,76.0,956.2,AWS006,Jaipur,26.9124,75.7873,False,21,4,8
2026-08-21 22:00:00,28.1,78.0,956.4,AWS006,Jaipur,26.9124,75.7873,False,22,4,8
2026-08-21 23:00:00,28.0,77.0,955.9,AWS006,Jaipur,26.9124,75.7873,False,23,4,8
2026-08-22 00:00:00,27.7,74.0,955.8,AWS006,Jaipur,26.9124,75.7873,False,0,5,8
2026-08-22 01:00:00,27.3,74.0,955.7,AWS006,Jaipur,26.9124,75.7873,False,1,5,8
2026-08-22 02:00:00,26.7,75.0,955.5,AWS006,Jaipur,26.9124,75.7873,False,2,5,8
2026-08-22 03:00:00,26.3,77.0,955.5,AWS006,Jaipur,26.9124,75.7873,False,3,5,8
2026-08-22 04:00:00,26.0,79.0,955.6,AWS006,Jaipur,26.9124,75.7873,False,4,5,8
2026-08-22 05:00:00,26.4,78.0,955.6,AWS006,Jaipur,26.9124,75.7873,False,5,5,8
2026-08-22 06:00:00,26.2,78.0,956.3,AWS006,Jaipur,26.9124,75.7873,False,6,5,8
2026-08-22 07:00:00,26.9,76.0,957.1,AWS006,Jaipur,26.9124,75.7873,False,7,5,8
2026-08-22 08:00:00,27.9,72.0,957.3,AWS006,Jaipur,26.9124,75.7873,False,8,5,8
2026-08-22 09:00:00,29.1,68.0,958.2,AWS006,Jaipur,26.9124,75.7873,False,9,5,8
2026-08-22 10:00:00,30.2,65.0,958.4,AWS006,Jaipur,26.9124,75.7873,False,10,5,8
2026-08-22 11:00:00,31.4,59.0,958.1,AWS006,Jaipur,26.9124,75.7873,False,11,5,8
2026-08-22 12:00:00,32.0,58.0,957.4,AWS006,Jaipur,26.9124,75.7873,False,12,5,8
2026-08-22 13:00:00,32.7,56.0,956.6,AWS006,Jaipur,26.9124,75.7873,False,13,5,8
2026-08-22 14:00:00,32.9,56.0,955.7,AWS006,Jaipur,26.9124,75.7873,False,14,5,8
2026-08-22 15:00:00,32.7,57.0,955.1,AWS006,Jaipur,26.9124,75.7873,False,15,5,8
2026-08-22 16:00:00,32.4,57.0,954.3,AWS006,Jaipur,26.9124,75.7873,False,16,5,8
2026-08-22 17:00:00,31.9,58.0,954.6,AWS006,Jaipur,26.9124,75.7873,False,17,5,8
2026-08-22 18:00:00,30.8,64.0,955.2,AWS006,Jaipur,26.9124,75.7873,False,18,5,8
2026-08-22 19:00:00,29.6,71.0,955.4,AWS006,Jaipur,26.9124,75.7873,False,19,5,8
2026-08-22 20:00:00,29.1,71.0,955.7,AWS006,Jaipur,26.9124,75.7873,False,20,5,8
2026-08-22 21:00:00,28.5,74.0,956.4,AWS006,Jaipur,26.9124,75.7873,False,21,5,8
2026-08-22 22:00:00,28.0,76.0,956.7,AWS006,Jaipur,26.9124,75.7873,False,22,5,8
2026-08-22 23:00:00,28.1,78.0,956.5,AWS006,Jaipur,26.9124,75.7873,False,23,5,8
2026-08-23 00:00:00,27.5,80.0,956.4,AWS006,Jaipur,26.9124,75.7873,False,0,6,8
2026-08-23 01:00:00,27.2,80.0,956.2,AWS006,Jaipur,26.9124,75.7873,False,1,6,8
2026-08-23 02:00:00,26.8,81.0,955.8,AWS006,Jaipur,26.9124,75.7873,False,2,6,8
2026-08-23 03:00:00,26.5,82.0,955.7,AWS006,Jaipur,26.9124,75.7873,False,3,6,8
2026-08-23 04:00:00,26.2,83.0,955.7,AWS006,Jaipur,26.9124,75.7873,False,4,6,8
2026-08-23 05:00:00,26.9,79.0,955.8,AWS006,Jaipur,26.9124,75.7873,False,5,6,8
2026-08-23 06:00:00,26.5,80.0,956.8,AWS006,Jaipur,26.9124,75.7873,False,6,6,8
2026-08-23 07:00:00,27.2,77.0,957.2,AWS006,Jaipur,26.9124,75.7873,False,7,6,8
2026-08-23 08:00:00,28.4,71.0,957.8,AWS006,Jaipur,26.9124,75.7873,False,8,6,8
2026-08-23 09:00:00,29.6,65.0,958.4,AWS006,Jaipur,26.9124,75.7873,False,9,6,8
2026-08-23 10:00:00,31.0,60.0,958.8,AWS006,Jaipur,26.9124,75.7873,False,10,6,8
2026-08-23 11:00:00,31.9,57.0,959.1,AWS006,Jaipur,26.9124,75.7873,False,11,6,8
2026-08-23 12:00:00,32.4,56.0,958.5,AWS006,Jaipur,26.9124,75.7873,False,12,6,8
2026-08-23 13:00:00,33.0,54.0,957.6,AWS006,Jaipur,26.9124,75.7873,False,13,6,8
2026-08-23 14:00:00,33.1,54.0,956.7,AWS006,Jaipur,26.9124,75.7873,False,14,6,8
2026-08-23 15:00:00,32.9,54.0,956.2,AWS006,Jaipur,26.9124,75.7873,False,15,6,8
2026-08-23 16:00:00,32.6,54.0,955.6,AWS006,Jaipur,26.9124,75.7873,False,16,6,8
2026-08-23 17:00:00,32.9,51.0,955.1,AWS006,Jaipur,26.9124,75.7873,False,17,6,8
2026-08-23 18:00:00,31.8,57.0,955.7,AWS006,Jaipur,26.9124,75.7873,False,18,6,8
2026-08-23 19:00:00,30.5,64.0,956.3,AWS006,Jaipur,26.9124,75.7873,False,19,6,8
2026-08-23 20:00:00,30.0,66.0,957.3,AWS006,Jaipur,26.9124,75.7873,False,20,6,8
2026-08-23 21:00:00,29.4,70.0,958.0,AWS006,Jaipur,26.9124,75.7873,False,21,6,8
2026-08-23 22:00:00,28.8,73.0,958.0,AWS006,Jaipur,26.9124,75.7873,False,22,6,8
2026-08-23 23:00:00,28.7,72.0,957.6,AWS006,Jaipur,26.9124,75.7873,False,23,6,8
2026-08-24 00:00:00,28.4,70.0,957.2,AWS006,Jaipur,26.9124,75.7873,False,0,0,8
2026-08-24 01:00:00,27.9,71.0,956.9,AWS006,Jaipur,26.9124,75.7873,False,1,0,8
2026-08-24 02:00:00,27.4,72.0,956.4,AWS006,Jaipur,26.9124,75.7873,False,2,0,8
2026-08-24 03:00:00,27.0,74.0,956.3,AWS006,Jaipur,26.9124,75.7873,False,3,0,8
2026-08-24 04:00:00,26.7,76.0,956.6,AWS006,Jaipur,26.9124,75.7873,False,4,0,8
2026-08-24 05:00:00,26.9,75.0,956.9,AWS006,Jaipur,26.9124,75.7873,False,5,0,8
2026-08-24 06:00:00,26.5,78.0,957.3,AWS006,Jaipur,26.9124,75.7873,False,6,0,8
2026-08-24 07:00:00,27.0,77.0,957.6,AWS006,Jaipur,26.9124,75.7873,False,7,0,8
2026-08-24 08:00:00,28.3,72.0,957.9,AWS006,Jaipur,26.9124,75.7873,False,8,0,8
2026-08-24 09:00:00,29.8,66.0,958.6,AWS006,Jaipur,26.9124,75.7873,False,9,0,8
2026-08-24 10:00:00,31.2,61.0,958.5,AWS006,Jaipur,26.9124,75.7873,False,10,0,8
2026-08-24 11:00:00,32.2,56.0,958.5,AWS006,Jaipur,26.9124,75.7873,False,11,0,8
2026-08-24 12:00:00,32.2,56.0,957.8,AWS006,Jaipur,26.9124,75.7873,False,12,0,8
2026-08-24 13:00:00,32.9,52.0,957.4,AWS006,Jaipur,26.9124,75.7873,False,13,0,8
2026-08-24 14:00:00,28.9,67.0,956.7,AWS006,Jaipur,26.9124,75.7873,False,14,0,8
2026-08-24 15:00:00,27.1,84.0,956.5,AWS006,Jaipur,26.9124,75.7873,False,15,0,8
2026-08-24 16:00:00,28.0,77.0,956.1,AWS006,Jaipur,26.9124,75.7873,False,16,0,8
2026-08-24 17:00:00,30.0,68.0,955.4,AWS006,Jaipur,26.9124,75.7873,False,17,0,8
2026-08-24 18:00:00,29.6,72.0,956.0,AWS006,Jaipur,26.9124,75.7873,False,18,0,8
2026-08-24 19:00:00,28.8,78.0,956.6,AWS006,Jaipur,26.9124,75.7873,False,19,0,8
2026-08-24 20:00:00,28.5,81.0,957.1,AWS006,Jaipur,26.9124,75.7873,False,20,0,8
2026-08-24 21:00:00,28.1,83.0,957.5,AWS006,Jaipur,26.9124,75.7873,False,21,0,8
2026-08-24 22:00:00,24.2,99.0,958.3,AWS006,Jaipur,26.9124,75.7873,False,22,0,8
2026-08-24 23:00:00,26.6,88.0,957.3,AWS006,Jaipur,26.9124,75.7873,False,23,0,8
2026-08-25 00:00:00,25.8,91.0,957.0,AWS006,Jaipur,26.9124,75.7873,False,0,1,8
2026-08-25 01:00:00,25.5,91.0,956.6,AWS006,Jaipur,26.9124,75.7873,False,1,1,8
2026-08-25 02:00:00,25.3,92.0,956.1,AWS006,Jaipur,26.9124,75.7873,False,2,1,8
2026-08-25 03:00:00,25.3,93.0,956.2,AWS006,Jaipur,26.9124,75.7873,False,3,1,8
2026-08-25 04:00:00,24.2,96.0,956.6,AWS006,Jaipur,26.9124,75.7873,False,4,1,8
2026-08-25 05:00:00,25.5,99.0,956.3,AWS006,Jaipur,26.9124,75.7873,False,5,1,8
2026-08-25 06:00:00,24.8,99.0,956.7,AWS006,Jaipur,26.9124,75.7873,False,6,1,8
2026-08-25 07:00:00,23.9,99.0,957.9,AWS006,Jaipur,26.9124,75.7873,False,7,1,8
2026-08-25 08:00:00,24.5,96.0,958.0,AWS006,Jaipur,26.9124,75.7873,False,8,1,8
2026-08-25 09:00:00,26.5,89.0,958.3,AWS006,Jaipur,26.9124,75.7873,False,9,1,8
2026-08-25 10:00:00,28.9,76.0,958.6,AWS006,Jaipur,26.9124,75.7873,False,10,1,8
2026-08-25 11:00:00,28.7,77.0,958.4,AWS006,Jaipur,26.9124,75.7873,False,11,1,8
2026-08-25 12:00:00,30.5,65.0,958.1,AWS006,Jaipur,26.9124,75.7873,False,12,1,8
2026-08-25 13:00:00,30.0,65.0,957.2,AWS006,Jaipur,26.9124,75.7873,False,13,1,8
2026-08-25 14:00:00,30.5,64.0,956.5,AWS006,Jaipur,26.9124,75.7873,False,14,1,8
2026-08-25 15:00:00,31.3,59.0,956.2,AWS006,Jaipur,26.9124,75.7873,False,15,1,8
2026-08-25 16:00:00,30.8,59.0,955.8,AWS006,Jaipur,26.9124,75.7873,False,16,1,8
2026-08-25 17:00:00,30.9,63.0,956.1,AWS006,Jaipur,26.9124,75.7873,False,17,1,8
2026-08-25 18:00:00,29.8,71.0,956.4,AWS006,Jaipur,26.9124,75.7873,False,18,1,8
2026-08-25 19:00:00,28.5,82.0,956.8,AWS006,Jaipur,26.9124,75.7873,False,19,1,8
2026-08-25 20:00:00,27.5,86.0,957.5,AWS006,Jaipur,26.9124,75.7873,False,20,1,8
2026-08-25 21:00:00,26.9,88.0,957.7,AWS006,Jaipur,26.9124,75.7873,False,21,1,8
2026-08-25 22:00:00,26.5,89.0,957.3,AWS006,Jaipur,26.9124,75.7873,False,22,1,8
2026-08-25 23:00:00,27.2,89.0,956.9,AWS006,Jaipur,26.9124,75.7873,False,23,1,8
2026-08-26 00:00:00,26.9,90.0,957.1,AWS006,Jaipur,26.9124,75.7873,False,0,2,8
2026-08-26 01:00:00,26.8,91.0,957.0,AWS006,Jaipur,26.9124,75.7873,False,1,2,8
2026-08-26 02:00:00,26.5,92.0,956.6,AWS006,Jaipur,26.9124,75.7873,False,2,2,8
2026-08-26 03:00:00,26.2,93.0,956.2,AWS006,Jaipur,26.9124,75.7873,False,3,2,8
2026-08-26 04:00:00,26.0,93.0,956.5,AWS006,Jaipur,26.9124,75.7873,False,4,2,8
2026-08-26 05:00:00,26.3,93.0,956.5,AWS006,Jaipur,26.9124,75.7873,False,5,2,8
2026-08-26 06:00:00,26.2,91.0,956.4,AWS006,Jaipur,26.9124,75.7873,False,6,2,8
2026-08-26 07:00:00,27.1,86.0,957.0,AWS006,Jaipur,26.9124,75.7873,False,7,2,8
2026-08-26 08:00:00,28.2,78.0,957.3,AWS006,Jaipur,26.9124,75.7873,False,8,2,8
2026-08-26 09:00:00,29.5,72.0,958.2,AWS006,Jaipur,26.9124,75.7873,False,9,2,8
2026-08-26 10:00:00,30.5,69.0,958.4,AWS006,Jaipur,26.9124,75.7873,False,10,2,8
2026-08-26 11:00:00,31.6,62.0,957.9,AWS006,Jaipur,26.9124,75.7873,False,11,2,8
2026-08-26 12:00:00,32.3,58.0,957.6,AWS006,Jaipur,26.9124,75.7873,False,12,2,8
2026-08-26 13:00:00,32.9,54.0,956.7,AWS006,Jaipur,26.9124,75.7873,False,13,2,8
2026-08-26 14:00:00,33.1,52.0,955.9,AWS006,Jaipur,26.9124,75.7873,False,14,2,8
2026-08-26 15:00:00,33.2,51.0,955.3,AWS006,Jaipur,26.9124,75.7873,False,15,2,8
2026-08-26 16:00:00,32.8,53.0,954.5,AWS006,Jaipur,26.9124,75.7873,False,16,2,8
2026-08-26 17:00:00,33.0,55.0,954.6,AWS006,Jaipur,26.9124,75.7873,False,17,2,8
2026-08-26 18:00:00,30.2,71.0,955.0,AWS006,Jaipur,26.9124,75.7873,False,18,2,8
2026-08-26 19:00:00,28.3,82.0,955.4,AWS006,Jaipur,26.9124,75.7873,False,19,2,8
2026-08-26 20:00:00,27.4,87.0,955.9,AWS006,Jaipur,26.9124,75.7873,False,20,2,8
2026-08-26 21:00:00,27.2,87.0,956.3,AWS006,Jaipur,26.9124,75.7873,False,21,2,8
2026-08-26 22:00:00,27.3,86.0,956.6,AWS006,Jaipur,26.9124,75.7873,False,22,2,8
2026-08-26 23:00:00,27.4,86.0,956.5,AWS006,Jaipur,26.9124,75.7873,False,23,2,8
2026-08-27 00:00:00,26.8,89.0,956.2,AWS006,Jaipur,26.9124,75.7873,False,0,3,8
2026-08-27 01:00:00,26.9,88.0,955.7,AWS006,Jaipur,26.9124,75.7873,False,1,3,8
2026-08-27 02:00:00,27.5,77.0,955.4,AWS006,Jaipur,26.9124,75.7873,False,2,3,8
2026-08-27 03:00:00,27.3,75.0,955.2,AWS006,Jaipur,26.9124,75.7873,False,3,3,8
2026-08-27 04:00:00,26.9,77.0,955.2,AWS006,Jaipur,26.9124,75.7873,False,4,3,8
2026-08-27 05:00:00,27.1,78.0,955.7,AWS006,Jaipur,26.9124,75.7873,False,5,3,8
2026-08-27 06:00:00,26.8,78.0,956.0,AWS006,Jaipur,26.9124,75.7873,False,6,3,8
2026-08-27 07:00:00,27.1,77.0,956.4,AWS006,Jaipur,26.9124,75.7873,False,7,3,8
2026-08-27 08:00:00,28.1,74.0,956.7,AWS006,Jaipur,26.9124,75.7873,False,8,3,8
2026-08-27 09:00:00,29.1,72.0,957.3,AWS006,Jaipur,26.9124,75.7873,False,9,3,8
2026-08-27 10:00:00,30.6,67.0,957.6,AWS006,Jaipur,26.9124,75.7873,False,10,3,8
2026-08-27 11:00:00,31.9,60.0,957.3,AWS006,Jaipur,26.9124,75.7873,False,11,3,8
2026-08-27 12:00:00,32.6,56.0,957.0,AWS006,Jaipur,26.9124,75.7873,False,12,3,8
2026-08-27 13:00:00,32.8,54.0,956.3,AWS006,Jaipur,26.9124,75.7873,False,13,3,8
2026-08-27 14:00:00,32.6,54.0,955.7,AWS006,Jaipur,26.9124,75.7873,False,14,3,8
2026-08-27 15:00:00,32.5,55.0,955.0,AWS006,Jaipur,26.9124,75.7873,False,15,3,8
2026-08-27 16:00:00,32.3,56.0,954.5,AWS006,Jaipur,26.9124,75.7873,False,16,3,8
2026-08-27 17:00:00,32.7,54.0,954.3,AWS006,Jaipur,26.9124,75.7873,False,17,3,8
2026-08-27 18:00:00,30.8,63.0,954.3,AWS006,Jaipur,26.9124,75.7873,False,18,3,8
2026-08-27 19:00:00,29.5,68.0,954.6,AWS006,Jaipur,26.9124,75.7873,False,19,3,8
2026-08-27 20:00:00,29.0,69.0,955.3,AWS006,Jaipur,26.9124,75.7873,False,20,3,8
2026-08-27 21:00:00,28.7,70.0,956.1,AWS006,Jaipur,26.9124,75.7873,False,21,3,8
2026-08-27 22:00:00,28.2,73.0,956.5,AWS006,Jaipur,26.9124,75.7873,False,22,3,8
2026-08-27 23:00:00,28.2,75.0,956.2,AWS006,Jaipur,26.9124,75.7873,False,23,3,8
2026-08-28 00:00:00,27.9,76.0,956.3,AWS006,Jaipur,26.9124,75.7873,False,0,4,8
2026-08-28 01:00:00,27.6,76.0,956.0,AWS006,Jaipur,26.9124,75.7873,False,1,4,8
2026-08-28 02:00:00,27.1,76.0,955.5,AWS006,Jaipur,26.9124,75.7873,False,2,4,8
2026-08-28 03:00:00,26.5,76.0,955.2,AWS006,Jaipur,26.9124,75.7873,False,3,4,8
2026-08-28 04:00:00,26.0,76.0,955.1,AWS006,Jaipur,26.9124,75.7873,False,4,4,8
2026-08-28 05:00:00,26.2,79.0,955.3,AWS006,Jaipur,26.9124,75.7873,False,5,4,8
2026-08-28 06:00:00,26.0,80.0,956.0,AWS006,Jaipur,26.9124,75.7873,False,6,4,8
2026-08-28 07:00:00,26.6,77.0,956.7,AWS006,Jaipur,26.9124,75.7873,False,7,4,8
2026-08-28 08:00:00,27.8,74.0,956.9,AWS006,Jaipur,26.9124,75.7873,False,8,4,8
2026-08-28 09:00:00,28.9,70.0,957.4,AWS006,Jaipur,26.9124,75.7873,False,9,4,8
2026-08-28 10:00:00,30.1,67.0,957.6,AWS006,Jaipur,26.9124,75.7873,False,10,4,8
2026-08-28 11:00:00,31.4,62.0,957.4,AWS006,Jaipur,26.9124,75.7873,False,11,4,8
2026-08-28 12:00:00,32.2,58.0,957.0,AWS006,Jaipur,26.9124,75.7873,False,12,4,8
2026-08-28 13:00:00,32.4,57.0,956.3,AWS006,Jaipur,26.9124,75.7873,False,13,4,8
2026-08-28 14:00:00,32.5,56.0,955.6,AWS006,Jaipur,26.9124,75.7873,False,14,4,8
2026-08-28 15:00:00,32.6,56.0,955.0,AWS006,Jaipur,26.9124,75.7873,False,15,4,8
2026-08-28 16:00:00,32.4,57.0,954.5,AWS006,Jaipur,26.9124,75.7873,False,16,4,8
2026-08-28 17:00:00,32.0,60.0,954.2,AWS006,Jaipur,26.9124,75.7873,False,17,4,8
2026-08-28 18:00:00,30.8,67.0,954.6,AWS006,Jaipur,26.9124,75.7873,False,18,4,8
2026-08-28 19:00:00,29.5,73.0,954.8,AWS006,Jaipur,26.9124,75.7873,False,19,4,8
2026-08-28 20:00:00,28.8,76.0,955.5,AWS006,Jaipur,26.9124,75.7873,False,20,4,8
2026-08-28 21:00:00,28.4,76.0,956.3,AWS006,Jaipur,26.9124,75.7873,False,21,4,8
2026-08-28 22:00:00,28.1,76.0,956.6,AWS006,Jaipur,26.9124,75.7873,False,22,4,8
2026-08-28 23:00:00,27.9,77.0,956.2,AWS006,Jaipur,26.9124,75.7873,False,23,4,8
2026-08-29 00:00:00,27.4,77.0,956.1,AWS006,Jaipur,26.9124,75.7873,False,0,5,8
2026-08-29 01:00:00,26.9,77.0,955.8,AWS006,Jaipur,26.9124,75.7873,False,1,5,8
2026-08-29 02:00:00,26.3,77.0,955.5,AWS006,Jaipur,26.9124,75.7873,False,2,5,8
2026-08-29 03:00:00,25.7,78.0,955.2,AWS006,Jaipur,26.9124,75.7873,False,3,5,8
2026-08-29 04:00:00,25.2,79.0,955.3,AWS006,Jaipur,26.9124,75.7873,False,4,5,8
2026-08-29 05:00:00,25.3,81.0,955.1,AWS006,Jaipur,26.9124,75.7873,False,5,5,8
2026-08-29 06:00:00,25.1,82.0,955.9,AWS006,Jaipur,26.9124,75.7873,False,6,5,8
2026-08-29 07:00:00,25.9,80.0,956.4,AWS006,Jaipur,26.9124,75.7873,False,7,5,8
2026-08-29 08:00:00,27.0,75.0,956.9,AWS006,Jaipur,26.9124,75.7873,False,8,5,8
2026-08-29 09:00:00,28.1,72.0,957.4,AWS006,Jaipur,26.9124,75.7873,False,9,5,8
2026-08-29 10:00:00,29.3,67.0,957.7,AWS006,Jaipur,26.9124,75.7873,False,10,5,8
2026-08-29 11:00:00,30.7,61.0,957.7,AWS006,Jaipur,26.9124,75.7873,False,11,5,8
2026-08-29 12:00:00,31.2,59.0,957.2,AWS006,Jaipur,26.9124,75.7873,False,12,5,8
2026-08-29 13:00:00,31.8,55.0,956.4,AWS006,Jaipur,26.9124,75.7873,False,13,5,8
2026-08-29 14:00:00,32.0,54.0,955.4,AWS006,Jaipur,26.9124,75.7873,False,14,5,8
2026-08-29 15:00:00,32.0,53.0,954.7,AWS006,Jaipur,26.9124,75.7873,False,15,5,8
2026-08-29 16:00:00,31.7,55.0,954.2,AWS006,Jaipur,26.9124,75.7873,False,16,5,8
2026-08-29 17:00:00,31.2,60.0,954.3,AWS006,Jaipur,26.9124,75.7873,False,17,5,8
2026-08-29 18:00:00,29.9,66.0,954.3,AWS006,Jaipur,26.9124,75.7873,False,18,5,8
2026-08-29 19:00:00,28.8,70.0,954.5,AWS006,Jaipur,26.9124,75.7873,False,19,5,8
2026-08-29 20:00:00,28.2,72.0,955.4,AWS006,Jaipur,26.9124,75.7873,False,20,5,8
2026-08-29 21:00:00,27.8,73.0,956.2,AWS006,Jaipur,26.9124,75.7873,False,21,5,8
2026-08-29 22:00:00,27.3,74.0,956.2,AWS006,Jaipur,26.9124,75.7873,False,22,5,8
2026-08-29 23:00:00,27.2,74.0,955.6,AWS006,Jaipur,26.9124,75.7873,False,23,5,8
2026-08-30 00:00:00,26.7,75.0,955.5,AWS006,Jaipur,26.9124,75.7873,False,0,6,8
2026-08-30 01:00:00,26.3,75.0,955.2,AWS006,Jaipur,26.9124,75.7873,False,1,6,8
2026-08-30 02:00:00,25.7,76.0,954.7,AWS006,Jaipur,26.9124,75.7873,False,2,6,8
2026-08-30 03:00:00,25.4,77.0,954.7,AWS006,Jaipur,26.9124,75.7873,False,3,6,8
2026-08-30 04:00:00,25.0,79.0,954.8,AWS006,Jaipur,26.9124,75.7873,False,4,6,8
2026-08-30 05:00:00,24.9,79.0,954.9,AWS006,Jaipur,26.9124,75.7873,False,5,6,8
2026-08-30 06:00:00,24.8,80.0,955.8,AWS006,Jaipur,26.9124,75.7873,False,6,6,8
2026-08-30 07:00:00,25.6,78.0,956.5,AWS006,Jaipur,26.9124,75.7873,False,7,6,8
2026-08-30 08:00:00,26.7,74.0,957.0,AWS006,Jaipur,26.9124,75.7873,False,8,6,8
2026-08-30 09:00:00,27.9,70.0,957.4,AWS006,Jaipur,26.9124,75.7873,False,9,6,8
2026-08-30 10:00:00,29.2,65.0,957.7,AWS006,Jaipur,26.9124,75.7873,False,10,6,8
2026-08-30 11:00:00,30.5,59.0,957.7,AWS006,Jaipur,26.9124,75.7873,False,11,6,8
2026-08-30 12:00:00,31.2,56.0,957.6,AWS006,Jaipur,26.9124,75.7873,False,12,6,8
2026-08-30 13:00:00,31.5,54.0,957.1,AWS006,Jaipur,26.9124,75.7873,False,13,6,8
2026-08-30 14:00:00,31.3,55.0,956.4,AWS006,Jaipur,26.9124,75.7873,False,14,6,8
2026-08-30 15:00:00,31.1,57.0,956.0,AWS006,Jaipur,26.9124,75.7873,False,15,6,8
2026-08-30 16:00:00,30.7,57.0,955.8,AWS006,Jaipur,26.9124,75.7873,False,16,6,8
2026-08-30 17:00:00,30.1,58.0,955.4,AWS006,Jaipur,26.9124,75.7873,False,17,6,8
2026-08-30 18:00:00,29.0,63.0,955.7,AWS006,Jaipur,26.9124,75.7873,False,18,6,8
2026-08-30 19:00:00,28.1,67.0,955.9,AWS006,Jaipur,26.9124,75.7873,False,19,6,8
2026-08-30 20:00:00,27.6,70.0,956.5,AWS006,Jaipur,26.9124,75.7873,False,20,6,8
2026-08-30 21:00:00,27.4,69.0,957.3,AWS006,Jaipur,26.9124,75.7873,False,21,6,8
2026-08-30 22:00:00,26.8,71.0,957.3,AWS006,Jaipur,26.9124,75.7873,False,22,6,8
2026-08-30 23:00:00,26.8,73.0,956.8,AWS006,Jaipur,26.9124,75.7873,False,23,6,8
2026-08-31 00:00:00,26.4,73.0,956.6,AWS006,Jaipur,26.9124,75.7873,False,0,0,8
2026-08-31 01:00:00,25.9,72.0,956.4,AWS006,Jaipur,26.9124,75.7873,False,1,0,8
2026-08-31 02:00:00,25.4,73.0,956.0,AWS006,Jaipur,26.9124,75.7873,False,2,0,8
2026-08-31 03:00:00,25.0,74.0,956.1,AWS006,Jaipur,26.9124,75.7873,False,3,0,8
2026-08-31 04:00:00,24.6,75.0,956.4,AWS006,Jaipur,26.9124,75.7873,False,4,0,8
2026-08-31 05:00:00,25.1,74.0,956.6,AWS006,Jaipur,26.9124,75.7873,False,5,0,8
2026-08-31 06:00:00,24.9,75.0,957.1,AWS006,Jaipur,26.9124,75.7873,False,6,0,8
2026-08-31 07:00:00,25.5,74.0,957.4,AWS006,Jaipur,26.9124,75.7873,False,7,0,8
2026-08-31 08:00:00,26.4,70.0,958.0,AWS006,Jaipur,26.9124,75.7873,False,8,0,8
2026-08-31 09:00:00,27.5,68.0,958.2,AWS006,Jaipur,26.9124,75.7873,False,9,0,8
2026-08-31 10:00:00,28.5,65.0,958.3,AWS006,Jaipur,26.9124,75.7873,False,10,0,8
2026-08-31 11:00:00,29.7,60.0,958.2,AWS006,Jaipur,26.9124,75.7873,False,11,0,8
2026-08-31 12:00:00,30.3,57.0,957.9,AWS006,Jaipur,26.9124,75.7873,False,12,0,8
2026-08-31 13:00:00,31.4,52.0,957.0,AWS006,Jaipur,26.9124,75.7873,False,13,0,8
2026-08-31 14:00:00,31.8,50.0,956.1,AWS006,Jaipur,26.9124,75.7873,False,14,0,8
2026-08-31 15:00:00,31.9,49.0,955.5,AWS006,Jaipur,26.9124,75.7873,False,15,0,8
2026-08-31 16:00:00,31.5,50.0,954.9,AWS006,Jaipur,26.9124,75.7873,False,16,0,8
2026-08-31 17:00:00,31.2,51.0,954.8,AWS006,Jaipur,26.9124,75.7873,False,17,0,8
2026-08-31 18:00:00,29.8,58.0,955.1,AWS006,Jaipur,26.9124,75.7873,False,18,0,8
2026-08-31 19:00:00,28.5,65.0,955.6,AWS006,Jaipur,26.9124,75.7873,False,19,0,8
2026-08-31 20:00:00,27.9,68.0,956.3,AWS006,Jaipur,26.9124,75.7873,False,20,0,8
2026-08-31 21:00:00,27.9,66.0,957.0,AWS006,Jaipur,26.9124,75.7873,False,21,0,8
2026-08-31 22:00:00,27.3,68.0,957.0,AWS006,Jaipur,26.9124,75.7873,False,22,0,8
2026-08-31 23:00:00,27.1,70.0,956.8,AWS006,Jaipur,26.9124,75.7873,False,23,0,8
2026-09-01 00:00:00,26.9,70.0,956.8,AWS006,Jaipur,26.9124,75.7873,False,0,1,9
2026-09-01 01:00:00,26.8,69.0,956.4,AWS006,Jaipur,26.9124,75.7873,False,1,1,9
2026-09-01 02:00:00,26.4,70.0,956.0,AWS006,Jaipur,26.9124,75.7873,False,2,1,9
2026-09-01 03:00:00,25.8,72.0,955.8,AWS006,Jaipur,26.9124,75.7873,False,3,1,9
2026-09-01 04:00:00,25.2,74.0,956.0,AWS006,Jaipur,26.9124,75.7873,False,4,1,9
2026-09-01 05:00:00,25.6,74.0,956.2,AWS006,Jaipur,26.9124,75.7873,False,5,1,9
2026-09-01 06:00:00,25.1,76.0,956.8,AWS006,Jaipur,26.9124,75.7873,False,6,1,9
2026-09-01 07:00:00,25.6,74.0,957.7,AWS006,Jaipur,26.9124,75.7873,False,7,1,9
2026-09-01 08:00:00,26.4,70.0,958.3,AWS006,Jaipur,26.9124,75.7873,False,8,1,9
2026-09-01 09:00:00,27.8,66.0,958.7,AWS006,Jaipur,26.9124,75.7873,False,9,1,9
2026-09-01 10:00:00,28.9,62.0,959.0,AWS006,Jaipur,26.9124,75.7873,False,10,1,9
2026-09-01 11:00:00,30.5,57.0,959.1,AWS006,Jaipur,26.9124,75.7873,False,11,1,9
2026-09-01 12:00:00,31.5,53.0,958.8,AWS006,Jaipur,26.9124,75.7873,False,12,1,9
2026-09-01 13:00:00,32.2,50.0,958.0,AWS006,Jaipur,26.9124,75.7873,False,13,1,9
2026-09-01 14:00:00,32.4,48.0,957.3,AWS006,Jaipur,26.9124,75.7873,False,14,1,9
2026-09-01 15:00:00,32.5,47.0,956.8,AWS006,Jaipur,26.9124,75.7873,False,15,1,9
2026-09-01 16:00:00,31.9,49.0,956.7,AWS006,Jaipur,26.9124,75.7873,False,16,1,9
2026-09-01 17:00:00,32.0,48.0,956.6,AWS006,Jaipur,26.9124,75.7873,False,17,1,9
2026-09-01 18:00:00,31.0,51.0,957.0,AWS006,Jaipur,26.9124,75.7873,False,18,1,9
2026-09-01 19:00:00,29.6,59.0,957.9,AWS006,Jaipur,26.9124,75.7873,False,19,1,9
2026-09-01 20:00:00,28.8,64.0,958.5,AWS006,Jaipur,26.9124,75.7873,False,20,1,9
2026-09-01 21:00:00,28.4,65.0,959.1,AWS006,Jaipur,26.9124,75.7873,False,21,1,9
2026-09-01 22:00:00,28.0,64.0,959.2,AWS006,Jaipur,26.9124,75.7873,False,22,1,9
2026-09-01 23:00:00,27.9,63.0,958.8,AWS006,Jaipur,26.9124,75.7873,False,23,1,9
2026-09-02 00:00:00,27.3,63.0,958.5,AWS006,Jaipur,26.9124,75.7873,False,0,2,9
2026-09-02 01:00:00,26.8,65.0,958.0,AWS006,Jaipur,26.9124,75.7873,False,1,2,9
2026-09-02 02:00:00,26.4,66.0,957.4,AWS006,Jaipur,26.9124,75.7873,False,2,2,9
2026-09-02 03:00:00,26.1,68.0,957.4,AWS006,Jaipur,26.9124,75.7873,False,3,2,9
2026-09-02 04:00:00,25.8,69.0,957.6,AWS006,Jaipur,26.9124,75.7873,False,4,2,9
2026-09-02 05:00:00,26.6,66.0,957.1,AWS006,Jaipur,26.9124,75.7873,False,5,2,9
2026-09-02 06:00:00,26.3,68.0,958.0,AWS006,Jaipur,26.9124,75.7873,False,6,2,9
2026-09-02 07:00:00,27.2,66.0,958.7,AWS006,Jaipur,26.9124,75.7873,False,7,2,9
2026-09-02 08:00:00,28.7,61.0,959.2,AWS006,Jaipur,26.9124,75.7873,False,8,2,9
2026-09-02 09:00:00,30.1,58.0,959.8,AWS006,Jaipur,26.9124,75.7873,False,9,2,9
2026-09-02 10:00:00,31.5,52.0,960.2,AWS006,Jaipur,26.9124,75.7873,False,10,2,9
2026-09-02 11:00:00,32.9,49.0,960.2,AWS006,Jaipur,26.9124,75.7873,False,11,2,9
2026-09-02 12:00:00,33.1,49.0,959.4,AWS006,Jaipur,26.9124,75.7873,False,12,2,9
2026-09-02 13:00:00,33.6,47.0,958.2,AWS006,Jaipur,26.9124,75.7873,False,13,2,9
2026-09-02 14:00:00,33.2,48.0,957.5,AWS006,Jaipur,26.9124,75.7873,False,14,2,9
2026-09-02 15:00:00,33.1,48.0,956.8,AWS006,Jaipur,26.9124,75.7873,False,15,2,9
2026-09-02 16:00:00,32.8,50.0,956.4,AWS006,Jaipur,26.9124,75.7873,False,16,2,9
2026-09-02 17:00:00,32.3,48.0,956.4,AWS006,Jaipur,26.9124,75.7873,False,17,2,9
2026-09-02 18:00:00,30.5,54.0,956.8,AWS006,Jaipur,26.9124,75.7873,False,18,2,9
2026-09-02 19:00:00,29.5,60.0,957.3,AWS006,Jaipur,26.9124,75.7873,False,19,2,9
2026-09-02 20:00:00,29.0,63.0,957.9,AWS006,Jaipur,26.9124,75.7873,False,20,2,9
2026-09-02 21:00:00,28.2,68.0,958.4,AWS006,Jaipur,26.9124,75.7873,False,21,2,9
2026-09-02 22:00:00,27.9,72.0,958.2,AWS006,Jaipur,26.9124,75.7873,False,22,2,9
2026-09-02 23:00:00,28.3,70.0,957.4,AWS006,Jaipur,26.9124,75.7873,False,23,2,9
2026-09-03 00:00:00,28.2,64.0,957.4,AWS006,Jaipur,26.9124,75.7873,False,0,3,9
2026-09-03 01:00:00,27.8,64.0,957.1,AWS006,Jaipur,26.9124,75.7873,False,1,3,9
2026-09-03 02:00:00,27.5,63.0,956.6,AWS006,Jaipur,26.9124,75.7873,False,2,3,9
2026-09-03 03:00:00,27.3,63.0,956.6,AWS006,Jaipur,26.9124,75.7873,False,3,3,9
2026-09-03 04:00:00,27.1,64.0,956.9,AWS006,Jaipur,26.9124,75.7873,False,4,3,9
2026-09-03 05:00:00,27.4,63.0,957.0,AWS006,Jaipur,26.9124,75.7873,False,5,3,9
2026-09-03 06:00:00,27.4,62.0,957.4,AWS006,Jaipur,26.9124,75.7873,False,6,3,9
2026-09-03 07:00:00,27.5,63.0,958.0,AWS006,Jaipur,26.9124,75.7873,False,7,3,9
2026-09-03 08:00:00,28.5,60.0,958.1,AWS006,Jaipur,26.9124,75.7873,False,8,3,9
2026-09-03 09:00:00,29.9,56.0,958.5,AWS006,Jaipur,26.9124,75.7873,False,9,3,9
2026-09-03 10:00:00,31.4,51.0,959.0,AWS006,Jaipur,26.9124,75.7873,False,10,3,9
2026-09-03 11:00:00,31.5,52.0,958.7,AWS006,Jaipur,26.9124,75.7873,False,11,3,9
2026-09-03 12:00:00,31.3,54.0,958.1,AWS006,Jaipur,26.9124,75.7873,False,12,3,9
2026-09-03 13:00:00,32.0,51.0,957.3,AWS006,Jaipur,26.9124,75.7873,False,13,3,9
2026-09-03 14:00:00,32.4,50.0,956.2,AWS006,Jaipur,26.9124,75.7873,False,14,3,9
2026-09-03 15:00:00,32.4,50.0,955.6,AWS006,Jaipur,26.9124,75.7873,False,15,3,9
2026-09-03 16:00:00,31.5,55.0,955.2,AWS006,Jaipur,26.9124,75.7873,False,16,3,9
2026-09-03 17:00:00,30.8,64.0,955.4,AWS006,Jaipur,26.9124,75.7873,False,17,3,9
2026-09-03 18:00:00,29.0,76.0,955.9,AWS006,Jaipur,26.9124,75.7873,False,18,3,9
2026-09-03 19:00:00,28.4,78.0,956.2,AWS006,Jaipur,26.9124,75.7873,False,19,3,9
2026-09-03 20:00:00,27.8,80.0,956.8,AWS006,Jaipur,26.9124,75.7873,False,20,3,9
2026-09-03 21:00:00,27.3,83.0,957.3,AWS006,Jaipur,26.9124,75.7873,False,21,3,9
2026-09-03 22:00:00,26.7,86.0,957.5,AWS006,Jaipur,26.9124,75.7873,False,22,3,9
2026-09-03 23:00:00,27.2,84.0,957.4,AWS006,Jaipur,26.9124,75.7873,False,23,3,9
2026-09-04 00:00:00,27.1,83.0,956.9,AWS006,Jaipur,26.9124,75.7873,False,0,4,9
2026-09-04 01:00:00,27.0,84.0,956.5,AWS006,Jaipur,26.9124,75.7873,False,1,4,9
2026-09-04 02:00:00,26.5,88.0,956.3,AWS006,Jaipur,26.9124,75.7873,False,2,4,9
2026-09-04 03:00:00,25.5,95.0,956.0,AWS006,Jaipur,26.9124,75.7873,False,3,4,9
2026-09-04 04:00:00,25.3,94.0,956.2,AWS006,Jaipur,26.9124,75.7873,False,4,4,9
2026-09-04 05:00:00,26.6,96.0,956.3,AWS006,Jaipur,26.9124,75.7873,False,5,4,9
2026-09-04 06:00:00,26.5,96.0,956.7,AWS006,Jaipur,26.9124,75.7873,False,6,4,9
2026-09-04 07:00:00,26.6,94.0,957.7,AWS006,Jaipur,26.9124,75.7873,False,7,4,9
2026-09-04 08:00:00,27.2,88.0,958.0,AWS006,Jaipur,26.9124,75.7873,False,8,4,9
2026-09-04 09:00:00,27.3,84.0,958.8,AWS006,Jaipur,26.9124,75.7873,False,9,4,9
2026-09-04 10:00:00,27.5,80.0,958.5,AWS006,Jaipur,26.9124,75.7873,False,10,4,9
2026-09-04 11:00:00,27.7,80.0,958.7,AWS006,Jaipur,26.9124,75.7873,False,11,4,9
2026-09-04 12:00:00,27.8,79.0,958.4,AWS006,Jaipur,26.9124,75.7873,False,12,4,9
2026-09-04 13:00:00,28.4,74.0,958.2,AWS006,Jaipur,26.9124,75.7873,False,13,4,9
2026-09-04 14:00:00,29.0,70.0,957.3,AWS006,Jaipur,26.9124,75.7873,False,14,4,9
2026-09-04 15:00:00,28.4,75.0,956.8,AWS006,Jaipur,26.9124,75.7873,False,15,4,9
2026-09-04 16:00:00,27.7,84.0,956.1,AWS006,Jaipur,26.9124,75.7873,False,16,4,9
2026-09-04 17:00:00,26.7,92.0,956.5,AWS006,Jaipur,26.9124,75.7873,False,17,4,9
2026-09-04 18:00:00,26.3,95.0,956.8,AWS006,Jaipur,26.9124,75.7873,False,18,4,9
2026-09-04 19:00:00,25.9,95.0,957.5,AWS006,Jaipur,26.9124,75.7873,False,19,4,9
2026-09-04 20:00:00,25.6,95.0,958.4,AWS006,Jaipur,26.9124,75.7873,False,20,4,9
2026-09-04 21:00:00,25.5,96.0,959.2,AWS006,Jaipur,26.9124,75.7873,False,21,4,9
2026-09-04 22:00:00,25.6,96.0,959.2,AWS006,Jaipur,26.9124,75.7873,False,22,4,9
2026-09-04 23:00:00,25.9,96.0,959.1,AWS006,Jaipur,26.9124,75.7873,False,23,4,9
2026-09-05 00:00:00,25.6,95.0,959.0,AWS006,Jaipur,26.9124,75.7873,False,0,5,9
2026-09-05 01:00:00,25.3,94.0,958.5,AWS006,Jaipur,26.9124,75.7873,False,1,5,9
2026-09-05 02:00:00,24.9,94.0,958.4,AWS006,Jaipur,26.9124,75.7873,False,2,5,9
2026-09-05 03:00:00,24.6,95.0,958.3,AWS006,Jaipur,26.9124,75.7873,False,3,5,9
2026-09-05 04:00:00,24.5,95.0,958.1,AWS006,Jaipur,26.9124,75.7873,False,4,5,9
2026-09-05 05:00:00,25.3,85.0,958.4,AWS006,Jaipur,26.9124,75.7873,False,5,5,9
2026-09-05 06:00:00,24.7,89.0,958.5,AWS006,Jaipur,26.9124,75.7873,False,6,5,9
2026-09-05 07:00:00,24.2,94.0,959.0,AWS006,Jaipur,26.9124,75.7873,False,7,5,9
2026-09-05 08:00:00,24.6,96.0,959.8,AWS006,Jaipur,26.9124,75.7873,False,8,5,9
2026-09-05 09:00:00,24.8,97.0,960.3,AWS006,Jaipur,26.9124,75.7873,False,9,5,9
2026-09-05 10:00:00,25.5,94.0,960.6,AWS006,Jaipur,26.9124,75.7873,False,10,5,9
2026-09-05 11:00:00,25.0,94.0,960.7,AWS006,Jaipur,26.9124,75.7873,False,11,5,9
2026-09-05 12:00:00,24.3,95.0,960.0,AWS006,Jaipur,26.9124,75.7873,False,12,5,9
2026-09-05 13:00:00,25.6,94.0,959.5,AWS006,Jaipur,26.9124,75.7873,False,13,5,9
2026-09-05 14:00:00,26.1,92.0,958.6,AWS006,Jaipur,26.9124,75.7873,False,14,5,9
2026-09-05 15:00:00,26.5,88.0,958.3,AWS006,Jaipur,26.9124,75.7873,False,15,5,9
2026-09-05 16:00:00,26.9,85.0,958.0,AWS006,Jaipur,26.9124,75.7873,False,16,5,9
2026-09-05 17:00:00,25.3,95.0,957.9,AWS006,Jaipur,26.9124,75.7873,False,17,5,9
2026-09-05 18:00:00,25.2,96.0,958.2,AWS006,Jaipur,26.9124,75.7873,False,18,5,9
2026-09-05 19:00:00,25.2,96.0,958.7,AWS006,Jaipur,26.9124,75.7873,False,19,5,9
2026-09-05 20:00:00,25.2,96.0,959.7,AWS006,Jaipur,26.9124,75.7873,False,20,5,9
2026-09-05 21:00:00,25.1,96.0,960.0,AWS006,Jaipur,26.9124,75.7873,False,21,5,9
2026-09-05 22:00:00,25.1,96.0,959.8,AWS006,Jaipur,26.9124,75.7873,False,22,5,9
2026-09-05 23:00:00,25.4,95.0,960.3,AWS006,Jaipur,26.9124,75.7873,False,23,5,9
2026-09-06 00:00:00,24.7,98.0,959.6,AWS006,Jaipur,26.9124,75.7873,False,0,6,9
2026-09-06 01:00:00,24.6,98.0,959.2,AWS006,Jaipur,26.9124,75.7873,False,1,6,9
2026-09-06 02:00:00,24.5,98.0,958.4,AWS006,Jaipur,26.9124,75.7873,False,2,6,9
2026-09-06 03:00:00,24.3,97.0,958.3,AWS006,Jaipur,26.9124,75.7873,False,3,6,9
2026-09-06 04:00:00,24.2,97.0,958.2,AWS006,Jaipur,26.9124,75.7873,False,4,6,9
2026-09-06 05:00:00,25.2,92.0,958.2,AWS006,Jaipur,26.9124,75.7873,False,5,6,9
2026-09-06 06:00:00,24.7,93.0,958.9,AWS006,Jaipur,26.9124,75.7873,False,6,6,9
2026-09-06 07:00:00,25.6,92.0,959.6,AWS006,Jaipur,26.9124,75.7873,False,7,6,9
2026-09-06 08:00:00,27.2,79.0,960.8,AWS006,Jaipur,26.9124,75.7873,False,8,6,9
2026-09-06 09:00:00,27.8,74.0,961.3,AWS006,Jaipur,26.9124,75.7873,False,9,6,9
2026-09-06 10:00:00,28.7,72.0,961.6,AWS006,Jaipur,26.9124,75.7873,False,10,6,9
2026-09-06 11:00:00,28.7,72.0,961.6,AWS006,Jaipur,26.9124,75.7873,False,11,6,9
2026-09-06 12:00:00,29.1,74.0,960.4,AWS006,Jaipur,26.9124,75.7873,False,12,6,9
2026-09-06 13:00:00,31.3,64.0,960.1,AWS006,Jaipur,26.9124,75.7873,False,13,6,9
2026-09-06 14:00:00,29.1,71.0,959.1,AWS006,Jaipur,26.9124,75.7873,False,14,6,9
2026-09-06 15:00:00,30.1,67.0,958.7,AWS006,Jaipur,26.9124,75.7873,False,15,6,9
2026-09-06 16:00:00,28.3,76.0,958.6,AWS006,Jaipur,26.9124,75.7873,False,16,6,9
2026-09-06 17:00:00,29.2,71.0,958.7,AWS006,Jaipur,26.9124,75.7873,False,17,6,9
2026-09-06 18:00:00,28.1,81.0,959.3,AWS006,Jaipur,26.9124,75.7873,False,18,6,9
2026-09-06 19:00:00,27.0,85.0,959.7,AWS006,Jaipur,26.9124,75.7873,False,19,6,9
2026-09-06 20:00:00,26.3,89.0,960.4,AWS006,Jaipur,26.9124,75.7873,False,20,6,9
2026-09-06 21:00:00,25.8,91.0,960.9,AWS006,Jaipur,26.9124,75.7873,False,21,6,9
2026-09-06 22:00:00,25.5,91.0,961.1,AWS006,Jaipur,26.9124,75.7873,False,22,6,9
2026-09-06 23:00:00,25.7,89.0,960.8,AWS006,Jaipur,26.9124,75.7873,False,23,6,9
